longname,Silent % [StatCan],Boomer % [StatCan],Gen X % [StatCan],Millennial % [StatCan],Gen Z % [StatCan],Gen Alpha % [StatCan]
"Edmonton--Wetaskiwin (Riding), Alberta, Canada",0.03778237663298965,0.1658936214520863,0.20219434179632484,0.2597023895576608,0.17953153606149905,0.15489573449943925
"Calgary Shepard (Riding), Alberta, Canada",0.033172814990006946,0.1829145116528001,0.2250183022030971,0.24183694892451502,0.17362284728914798,0.143434574940433
"Brampton West (Riding), Ontario, Canada",0.029985677224482168,0.1541784661423864,0.20580552323745202,0.24865680157806588,0.22361437252364502,0.13775915929396856
"Calgary Skyview (Riding), Alberta, Canada",0.031557469110558505,0.15574727908003724,0.20641402123835043,0.25194497049529957,0.20531110032877392,0.1490251597469803
"Banff--Airdrie (Riding), Alberta, Canada",0.043616996990358564,0.20810729264891376,0.21412969008255062,0.2207835057499805,0.17932682467646308,0.13403568985173342
"Simcoe--Grey (Riding), Ontario, Canada",0.09612847909246806,0.2887481862551116,0.17880226882996958,0.17942883524600958,0.15176098140087052,0.10513124917557067
"Durham (Riding), Ontario, Canada",0.06087098418816201,0.21584857429858154,0.19941096598460634,0.2030715063532405,0.19287339632732423,0.12792457284808526
"Oakville North--Burlington (Riding), Ontario, Canada",0.052921054396673134,0.18163525387349944,0.2513917767791264,0.17368703467704055,0.2203031725803208,0.12006170769333961
"King--Vaughan (Riding), Ontario, Canada",0.0537855591729075,0.1996990276985079,0.2349851816870583,0.1793276448893558,0.21266624357940397,0.11953634297276657
"Niagara Falls (Riding), Ontario, Canada",0.10601562766574549,0.3040570512164328,0.18009349302214517,0.16484116422697617,0.15627665745385055,0.08871600641484984
"Calgary Rocky Ridge (Riding), Alberta, Canada",0.045127487048312355,0.19306145967615815,0.23008088611090854,0.2063453843250231,0.19596613969580293,0.1294186431437949
"Guelph (Riding), Ontario, Canada",0.0742982364603988,0.21346829454937546,0.19103273157327214,0.22522522522522542,0.1877282688093497,0.10824724338237855
"Dufferin--Caledon (Riding), Ontario, Canada",0.0638953040800617,0.23276646371334547,0.2115613408915951,0.1829029323255651,0.19675974525859063,0.11211421373084199
"Etobicoke--Lakeshore (Riding), Ontario, Canada",0.07366458882656247,0.23178672209924467,0.2044761718374649,0.2718774876559371,0.12709073293892262,0.09110429664186828
"Brantford--Brant (Riding), Ontario, Canada",0.08089589136508993,0.25167526392466477,0.18685624996424335,0.1938316151940857,0.17551590068654327,0.11122507886537306
"Orléans (Riding), Ontario, Canada",0.06496033616448045,0.24840259707170168,0.20384743639220151,0.18402806918939743,0.18701479193729081,0.11174676924492814
"London West (Riding), Ontario, Canada",0.08371024288027165,0.2379783401638658,0.1867704319143076,0.1977153057306458,0.18323404047116928,0.11059163883973994
"Whitby (Riding), Ontario, Canada",0.06285032365385312,0.21679383791993642,0.21914439662966034,0.18204173145770813,0.2014609626441976,0.11770874769464446
"London North Centre (Riding), Ontario, Canada",0.08687402630551348,0.21536709202256343,0.1659668000923249,0.2487754372015542,0.19230275249071574,0.09071389188732824
"Milton (Riding), Ontario, Canada",0.03822540564244991,0.15633679286653998,0.23936558982604877,0.20472153193977463,0.21360181260049738,0.14774886712468932
"North Okanagan--Shuswap (Riding), British Columbia, Canada",0.1228038572832593,0.3375999353957124,0.1665984284070933,0.14872413758191969,0.13623652970782454,0.08803711162419063
"Kelowna--Lake Country (Riding), British Columbia, Canada",0.08275914482578683,0.2604082102630104,0.18722206253348525,0.20139497432921905,0.17516965639364349,0.09304595165485494
"Markham--Stouffville (Riding), Ontario, Canada",0.07266471706994539,0.22284513210144374,0.22201711438696586,0.1777449918672166,0.18577505071529096,0.1189529938591375
"Spadina--Fort York (Riding), Ontario, Canada",0.030616259088273177,0.11777667035207362,0.16049555221491846,0.5302960314825909,0.10684633732075625,0.05396914954138745
"Kamloops--Thompson--Cariboo (Riding), British Columbia, Canada",0.09273443261071904,0.28887373054531085,0.17739830830557565,0.19063456874480203,0.15761608791735748,0.09274287187623487
"Essex (Riding), Ontario, Canada",0.07789008837139684,0.27097870851871747,0.2035283428004778,0.1575413056510393,0.18555562401587236,0.10450593064249632
"Edmonton West (Riding), Alberta, Canada",0.054565055483859565,0.2072118256816994,0.2073958956067816,0.22390831173580847,0.17944200085479092,0.12747691063706007
"Nanaimo--Ladysmith (Riding), British Columbia, Canada",0.10718047642172851,0.30066399641052544,0.17522032000343893,0.18042254089911128,0.1492158596812827,0.0872968065839133
"Langley--Aldergrove (Riding), British Columbia, Canada",0.07373767181592682,0.23720622133071395,0.20301117957753223,0.18915867689842825,0.18008219221502278,0.11680405816237595
"Mirabel (Riding), Quebec, Canada",0.04413092550790066,0.22415349887133193,0.21132430398796093,0.20865312264860766,0.1751693002257338,0.1365688487584649
"Nepean (Riding), Ontario, Canada",0.05616802218330796,0.2073055455802218,0.21649229318232815,0.1926144837584371,0.20887334190303208,0.11854631339267281
"Brampton South (Riding), Ontario, Canada",0.061201108880745404,0.19917050116742266,0.19301957869265443,0.23482506818732996,0.207104115416352,0.10467962765549578
"Edmonton Manning (Riding), Alberta, Canada",0.046530117745049795,0.20277893461553026,0.1903986673229089,0.23367281263014442,0.18933858327338812,0.13728088441297848
"Coquitlam--Port Coquitlam (Riding), British Columbia, Canada",0.0615363733154528,0.24059476552453418,0.22341810923517033,0.19926741289216307,0.1741935934789554,0.1009897455537242
"Brampton East (Riding), Ontario, Canada",0.04414055080721744,0.18051282051282044,0.21352326685660014,0.21743589743589772,0.23775878442545098,0.10662867996201338
"Surrey Centre (Riding), British Columbia, Canada",0.05226257113321191,0.2013298510588405,0.18608587302805724,0.2549797937259226,0.20939872851113459,0.09594318254283321
"Red Deer--Lacombe (Riding), Alberta, Canada",0.055926556577730095,0.22455789164316592,0.1864016435203341,0.2086184579920557,0.1909405711863818,0.13355487908033248
"Carleton (Riding), Ontario, Canada",0.05534916385216301,0.2183796942409195,0.21871987247205837,0.18611536012817706,0.1938505685437287,0.12758534076295344
"Oshawa (Riding), Ontario, Canada",0.08346573197736615,0.25359588923185683,0.18107187312620973,0.21683264381300596,0.15825402395496788,0.10677983789659358
"West Vancouver--Sunshine Coast--Sea to Sky Country (Riding), British Columbia, Canada",0.10324755587305637,0.2671488280404881,0.20650902599984125,0.18307480587171637,0.15243658822556297,0.08758319598933499
"St. Albert--Edmonton (Riding), Alberta, Canada",0.06161837991859909,0.22020746013803255,0.20202919019497773,0.1961067668701838,0.1925207202903786,0.1275174825878283
"Cloverdale--Langley City (Riding), British Columbia, Canada",0.05513810258582482,0.19915889502236686,0.21351852256581105,0.22613014350807553,0.18137087130013704,0.12468346501778477
"Windsor West (Riding), Ontario, Canada",0.07413538356573535,0.22523109396116062,0.1843932395283805,0.20843890129070863,0.2063464317679334,0.10145494988608139
"Calgary Centre (Riding), Alberta, Canada",0.0497524900965769,0.17889102312268365,0.18933835651130348,0.3665925168984388,0.13427205487656912,0.08115355849442793
"Pontiac (Riding), Quebec, Canada",0.05538859394887827,0.2551405447320872,0.20983211123442932,0.1862190822483304,0.1687529028363452,0.1246667649999296
"Vaudreuil--Soulanges (Riding), Quebec, Canada",0.06792387744787666,0.24516083697982338,0.22275206811874945,0.16433768532279197,0.18380052870189947,0.11602500342885913
"Calgary Midnapore (Riding), Alberta, Canada",0.06290216100814619,0.23043561561348833,0.21409086380283524,0.20311025697232607,0.17549579585117214,0.11396530675203195
"Esquimalt--Saanich--Sooke (Riding), British Columbia, Canada",0.07823177743727154,0.2760134986272675,0.1998364256074555,0.2060523255121382,0.14907425778471714,0.09079171503115022
"Markham--Unionville (Riding), Ontario, Canada",0.06605702243660273,0.2427006407010699,0.21548965059463362,0.18780907364221894,0.19120173780550181,0.09674187481997303
"Wellington--Halton Hills (Riding), Ontario, Canada",0.07619605545791842,0.261706697910564,0.21003710212849058,0.16168717047451667,0.18742433118531548,0.10294864284319478
"Mississauga Centre (Riding), Ontario, Canada",0.07089025389046291,0.23310517022570174,0.17946287653785906,0.2526816498467588,0.1693257302323209,0.09453431926689661
"Waterloo (Riding), Ontario, Canada",0.06923445738386425,0.20072281633422842,0.18141278551660048,0.21991743370462347,0.23714219151118257,0.09157031554950079
"Newmarket--Aurora (Riding), Ontario, Canada",0.06423478854688636,0.22966780263936257,0.22344229493707002,0.18276938833698103,0.1914407211319331,0.10844500440776682
"London--Fanshawe (Riding), Ontario, Canada",0.06187454743154311,0.23554720183061797,0.18253533146753897,0.21929322744375468,0.18810300734568342,0.11264668448086185
"Vancouver Centre (Riding), British Columbia, Canada",0.05703286870321248,0.20728953624763163,0.20022013771903008,0.40190443271065124,0.08294988212051876,0.050603142498955866
"Ajax (Riding), Ontario, Canada",0.0506894235707795,0.21713879340998,0.2081308521986489,0.20572083283947679,0.19829323219153724,0.12002686578957758
"Elgin--Middlesex--London (Riding), Ontario, Canada",0.0831689014226197,0.26482913035470174,0.18637928194392384,0.1729953035916921,0.1773487441067961,0.1152786385802665
"Ottawa Centre (Riding), Ontario, Canada",0.0685386325112217,0.21834520009246872,0.18590404683417944,0.28227405388809523,0.17035107643647873,0.07458699023755619
"Sherwood Park--Fort Saskatchewan (Riding), Alberta, Canada",0.06682776105213117,0.23771985422278566,0.20460307399778174,0.18911424496910134,0.1884012042465535,0.11333386151164644
"Kingston and the Islands (Riding), Ontario, Canada",0.09879460264751619,0.2481529149939733,0.169071105498237,0.21221313018348992,0.18113189868462895,0.09063634799215455
"Edmonton Mill Woods (Riding), Alberta, Canada",0.04449974106857716,0.19678069390462014,0.19189372201217225,0.2400100518573691,0.1962644896944766,0.13055130146278485
"Flamborough--Glanbrook (Riding), Ontario, Canada",0.06594934926243283,0.22464658008885408,0.2023645266072668,0.18943149206894158,0.1899420285221254,0.12766602345037928
"Peterborough--Kawartha (Riding), Ontario, Canada",0.1128294241518998,0.2972422810814989,0.15977819967139548,0.17960615047465914,0.15922554397137506,0.09131840064917159
"Burlington (Riding), Ontario, Canada",0.12069721989549678,0.2632922500099717,0.1928921861912169,0.17693749750707988,0.15029316740457105,0.09588767899166364
"Beloeil--Chambly (Riding), Quebec, Canada",0.07611904571930087,0.2433575361046835,0.20745232585973042,0.18183994255166372,0.16632091279023378,0.12491023697438762
"New Westminster--Burnaby (Riding), British Columbia, Canada",0.07148968530548122,0.23112065156104222,0.20407788643516622,0.26132521555295574,0.14310511342228385,0.0888814477230708
"Brampton North (Riding), Ontario, Canada",0.05207014797197971,0.21179661236872988,0.1934416930302755,0.22051563975216784,0.21211805490346058,0.1100578519733865
"Ottawa South (Riding), Ontario, Canada",0.08183951667653992,0.23032831887075084,0.17309452459595265,0.21562627040094162,0.1933630957694441,0.10574827368637084
"Fleetwood--Port Kells (Riding), British Columbia, Canada",0.06199258281199045,0.22850872339031125,0.20495200917387213,0.20203457680146678,0.20396506590639046,0.0985470419159687
"Sturgeon River--Parkland (Riding), Alberta, Canada",0.05679086448288894,0.2339180816532166,0.1953740776705305,0.19557381419182443,0.18978224614412223,0.12856091585741736
"Oxford (Riding), Ontario, Canada",0.08675044656455612,0.25535215259507466,0.17822627849090097,0.18890540534819755,0.1705174249899825,0.12024829201128823
"Courtenay--Alberni (Riding), British Columbia, Canada",0.13645834919986005,0.3558258485069355,0.1607845799429294,0.14734660551358836,0.12027473439040928,0.07930988244627742
"York--Simcoe (Riding), Ontario, Canada",0.05679158149771817,0.23884829615134365,0.20341121772687157,0.2064257148842164,0.16893754355897034,0.12558564618087986
"Cowichan--Malahat--Langford (Riding), British Columbia, Canada",0.08449233050311876,0.28687423464169565,0.18859050956417012,0.18921593676167808,0.14954120422887623,0.10128578430046122
"Edmonton Riverbend (Riding), Alberta, Canada",0.07105517429524823,0.21791249219776143,0.20249444693114957,0.20706856141103763,0.18629069498292455,0.11517863018187854
"Calgary Confederation (Riding), Alberta, Canada",0.07453106177312582,0.20666659843567617,0.19131468707407467,0.27211336755601,0.15633837590282462,0.09903590925828877
"Lethbridge (Riding), Alberta, Canada",0.07410995398401543,0.21748607410995408,0.17074352143376165,0.2128844756599658,0.2001291676757889,0.12464680713651417
"Laurentides--Labelle (Riding), Quebec, Canada",0.11051909259707748,0.389117623314766,0.17251957697586162,0.13498022119964465,0.11576652942601125,0.07709695648663892
"South Okanagan--West Kootenay (Riding), British Columbia, Canada",0.1276721143776775,0.3492300873151137,0.1680635746600341,0.15250923268635863,0.1256957714311297,0.07682921952968634
"Mississauga--Erin Mills (Riding), Ontario, Canada",0.06414513647039768,0.23001538835344615,0.2048675791690289,0.1891957560541022,0.21689479225722855,0.0948813476957965
"Victoria (Riding), British Columbia, Canada",0.11185427529627306,0.2659576551087781,0.17749732321145864,0.23962701841294307,0.13948103206840523,0.06558269590214177
"Portneuf--Jacques-Cartier (Riding), Quebec, Canada",0.06781725888324873,0.26903553299492394,0.19545177664974625,0.1857055837563451,0.1558172588832487,0.12617258883248725
"Louis-Saint-Laurent (Riding), Quebec, Canada",0.09387318324029066,0.256283448318428,0.19443719845168878,0.18891000065071317,0.1551754607304914,0.11132070860838814
"North Vancouver (Riding), British Columbia, Canada",0.0813256695609637,0.24442542089600913,0.22053727936080875,0.1980351392116095,0.16244751538869195,0.0932289755819168
"Calgary Signal Hill (Riding), Alberta, Canada",0.06171693496798096,0.22549950642092184,0.22832825938380735,0.18357082742102512,0.18902647254792238,0.11185799925834239
"Windsor--Tecumseh (Riding), Ontario, Canada",0.09147396009650602,0.26886694609819206,0.18662509249929424,0.1857501122479288,0.16635379459594268,0.10093009446213623
"Rivière-du-Nord (Riding), Quebec, Canada",0.08680074912466434,0.27448904812311703,0.18675189316830887,0.18797329207719213,0.15295985668919473,0.11102516081752292
"Haliburton--Kawartha Lakes--Brock (Riding), Ontario, Canada",0.11673072205413328,0.34904734647150293,0.15659497914792683,0.15810777659661485,0.13181781012347676,0.08770136560634531
"Central Okanagan--Similkameen--Nicola (Riding), British Columbia, Canada",0.12492845711662501,0.32077606351181415,0.16424653172420423,0.17644257841878105,0.13341165887060016,0.08019471035797548
"Oakville (Riding), Ontario, Canada",0.09374105719308294,0.24684191161440652,0.22313069784554995,0.13891500756305955,0.2086586811659377,0.08871264461796319
"Surrey--Newton (Riding), British Columbia, Canada",0.056462553027166344,0.19131861816397397,0.1910177417083844,0.22873483419556945,0.22553462815113454,0.10693162475377133
"Cambridge (Riding), Ontario, Canada",0.07225688236813547,0.23349755859533616,0.19545035624628654,0.20649419708034947,0.18128377003783927,0.11101723567205311
"Kootenay--Columbia (Riding), British Columbia, Canada",0.08680497925311201,0.29609958506224077,0.18684647302904567,0.19178423236514494,0.14369294605809121,0.09477178423236535
"Pickering--Uxbridge (Riding), Ontario, Canada",0.07032092213284676,0.2581059789368938,0.19147524670370672,0.19421179202255562,0.1792851811924704,0.10660087901152672
"Red Deer--Mountain View (Riding), Alberta, Canada",0.07643790074357625,0.2550446984503606,0.19196312449625055,0.1883823411521865,0.17712023893582582,0.11105169622180036
"Simcoe North (Riding), Ontario, Canada",0.10987095327470879,0.32973109008417745,0.16615178717062698,0.16789051126606488,0.1394134345200516,0.08694222368437025
"Barrie--Innisfil (Riding), Ontario, Canada",0.06257770410277662,0.22192291753004548,0.21164525486945723,0.19859096560298373,0.19075839204309974,0.11450476585163707
"Burnaby South (Riding), British Columbia, Canada",0.07792097447113673,0.23265524234065907,0.19002727161859723,0.26939334884002797,0.14572693682892393,0.0842762259006551
"Bellechasse--Les Etchemins--Lévis (Riding), Quebec, Canada",0.11087570621468948,0.29885343968095696,0.17809072781655041,0.16728979727484203,0.14514788966434045,0.09974243934862069
"Terrebonne (Riding), Quebec, Canada",0.06021783583023831,0.23448650002086563,0.22021449735008106,0.1713474940533324,0.19204607102616536,0.12168760171931717
"Vimy (Riding), Quebec, Canada",0.11447194912220743,0.2358928523832072,0.18650929057883206,0.202364241084976,0.15765698261129768,0.1031046842194796
"Toronto Centre (Riding), Ontario, Canada",0.041820912192014045,0.18381564466236702,0.181120170306662,0.38239072152760406,0.15388357939520286,0.05696897191615003
"Kitchener South--Hespeler (Riding), Ontario, Canada",0.05283849378167253,0.19730070667884078,0.19901303287505998,0.2332449965343346,0.19195311531864798,0.12564965481144413
"Niagara Centre (Riding), Ontario, Canada",0.09302173529497257,0.270808490254189,0.17712588436918109,0.19025067101970372,0.17087160819416902,0.09792161086778468
"South Surrey--White Rock (Riding), British Columbia, Canada",0.12024249751639468,0.2782700356511633,0.1987622985296133,0.154605922094112,0.15541747713482879,0.09270176907388789
"Grande Prairie--Mackenzie (Riding), Alberta, Canada",0.041613040270551,0.18905096618953324,0.19286901147790647,0.2321908807059995,0.19548997253792028,0.14878612881808953
"Bow River (Riding), Alberta, Canada",0.056535861141044856,0.21639617863162036,0.20198062959709545,0.17858763198795882,0.20957501596908615,0.13692468267319424
"Ville-Marie--Le Sud-Ouest--Île-des-Soeurs (Riding), Quebec, Canada",0.052829106622171634,0.16913979235435386,0.1591331259204238,0.3682563806585147,0.18307803822351734,0.06756355622101856
"Dorval--Lachine--LaSalle (Riding), Quebec, Canada",0.09026563852263517,0.2345888319366243,0.19815022700057877,0.2044088728970961,0.16834874654435605,0.10423768309870955
"Salaberry--Suroît (Riding), Quebec, Canada",0.09025850740724813,0.2921797543589142,0.1775448306664293,0.184486014299348,0.14555449636615586,0.1099763969019045
"Sherbrooke (Riding), Quebec, Canada",0.11038903826449899,0.24877685217747164,0.15793994677386688,0.2036959000558895,0.18759391125974398,0.091604351468529
"Aurora--Oak Ridges--Richmond Hill (Riding), Ontario, Canada",0.058563490517030525,0.22901286938410895,0.2443502044220464,0.15993108698362143,0.2118897746751724,0.09625257401802036
"Ottawa--Vanier (Riding), Ontario, Canada",0.09091291721032034,0.2349004587735174,0.1775327244412644,0.22547245254429873,0.18430910391851515,0.08687234311208399
"Repentigny (Riding), Quebec, Canada",0.08217568025578549,0.266625782964675,0.19792210567698107,0.16480242672883572,0.1728938616241989,0.11558014274952397
"Montcalm (Riding), Quebec, Canada",0.060700454621990356,0.24149688499747424,0.19548745580063964,0.2051271257787505,0.165263512375821,0.13192456642532424
"Northumberland--Peterborough South (Riding), Ontario, Canada",0.1115221242049058,0.3335225667595606,0.1675731508365696,0.15676912200679252,0.14096134527314938,0.08965169091902211
"Vancouver East (Riding), British Columbia, Canada",0.06367115014357766,0.21283939904489613,0.2091044381840305,0.322193082454364,0.11998245289345691,0.07220947727967487
"Lévis--Lotbinière (Riding), Quebec, Canada",0.06331196220684993,0.2590264889488781,0.2014509870086047,0.18107811709127744,0.1712502108992742,0.12388223384511564
"Etobicoke Centre (Riding), Ontario, Canada",0.11045000117106465,0.265069543855773,0.19163164070300925,0.17633244699960177,0.16379982290990858,0.09271654436064267
"Willowdale (Riding), Ontario, Canada",0.08508745923510228,0.21786455465672758,0.19266443606793462,0.2802083774511879,0.14772775401296015,0.0764474185760874
"Ahuntsic-Cartierville (Riding), Quebec, Canada",0.09871063200169096,0.2138237159162967,0.1999154512787994,0.21259775945888823,0.16174170365673232,0.11321073768759246
"Hamilton West--Ancaster--Dundas (Riding), Ontario, Canada",0.10138779942464414,0.2499500230515163,0.17944278839495914,0.18101581068270509,0.19442232713555715,0.0937812513106181
"Mississauga--Lakeshore (Riding), Ontario, Canada",0.08758713861774792,0.2616623065167952,0.20293825205055963,0.18110446648531425,0.17069920957977214,0.09600862674981087
"Toronto--St. Paul's (Riding), Ontario, Canada",0.10142508666067539,0.2172294261137501,0.18795737578636554,0.28976762100397985,0.1271879145803912,0.07643257585483801
"Laurier--Sainte-Marie (Riding), Quebec, Canada",0.049815266581692594,0.17665455865832744,0.18073463501235426,0.3691442871750714,0.1571875040448968,0.06646374852765753
"Mississauga--Malton (Riding), Ontario, Canada",0.053604941169837855,0.22079818908910712,0.19368176112768395,0.2211063793361071,0.21828128773297564,0.09252744154428826
"Mississauga--Streetsville (Riding), Ontario, Canada",0.05441995960576507,0.241764315838815,0.21656180570483882,0.18546077022529725,0.20417413253719266,0.0976190160880912
"York South--Weston (Riding), Ontario, Canada",0.07621229078384943,0.23233127726255293,0.19853466140167886,0.2159780229837963,0.1734254200189729,0.10351832754914955
"Kanata--Carleton (Riding), Ontario, Canada",0.06689932372010676,0.23669125550599948,0.21981940343232417,0.1706564442630993,0.19416713835701477,0.11176643472145559
"Glengarry--Prescott--Russell (Riding), Ontario, Canada",0.08030968217812376,0.2944429307649738,0.18870429117248322,0.17520744270321836,0.15440182586800313,0.10693382731319775
"Ottawa West--Nepean (Riding), Ontario, Canada",0.103929269276883,0.23359917030352334,0.16750807423006586,0.22397688960931095,0.17695221971239747,0.09403437686781944
"Mississauga East--Cooksville (Riding), Ontario, Canada",0.09088130749200131,0.25433919386951775,0.19458170476321981,0.1951290331908147,0.16906631529785174,0.09600244538659461
"Haldimand--Norfolk (Riding), Ontario, Canada",0.09445206366013885,0.30636160940007706,0.16758954931746164,0.16761668411233613,0.15619484557998342,0.10778524793000285
"Etobicoke North (Riding), Ontario, Canada",0.06951925993553872,0.21820057308873708,0.18648373821040082,0.21976966161779063,0.20380056409486852,0.10222620305266408
"Shefford (Riding), Quebec, Canada",0.0947300494730051,0.29890298989029934,0.17943643794364345,0.16704667670466744,0.15267799526779963,0.10720585072058507
"Bay of Quinte (Riding), Ontario, Canada",0.11163142569914561,0.31162039011319786,0.16587143095663526,0.17397850644888455,0.1448008603851867,0.09209738639695003
"Eglinton--Lawrence (Riding), Ontario, Canada",0.08076358296622611,0.2304137514036452,0.2078258616221819,0.19137082145633577,0.18610175347672114,0.10352422907488984
"Saint-Léonard--Saint-Michel (Riding), Quebec, Canada",0.10040051530088806,0.2029384533095423,0.2027907011835225,0.18223091634702826,0.17683969430259153,0.1347997195564274
"Thornhill (Riding), Ontario, Canada",0.08250596141339694,0.2655972252330372,0.1978322133102099,0.1836982440927814,0.1833513982224151,0.08701495772815952
"Calgary Nose Hill (Riding), Alberta, Canada",0.05469650611861377,0.24381681686797338,0.21228551619330463,0.188893988607598,0.19152439926190898,0.10878277295060129
"Foothills (Riding), Alberta, Canada",0.08017244255386288,0.28563340580492985,0.1983590052051119,0.14482483668198198,0.18403105698181213,0.10697925277230112
"Longueuil--Saint-Hubert (Riding), Quebec, Canada",0.090922327646423,0.2565300778378426,0.19338586176941364,0.19312352645588945,0.15824204579544837,0.10779616049498292
"La Prairie (Riding), Quebec, Canada",0.06586488364015293,0.23228551580409867,0.2268148662730112,0.17506078499479003,0.18148662730114615,0.11848732198680102
"Port Moody--Coquitlam (Riding), British Columbia, Canada",0.06434648219358592,0.2431370404000426,0.21651995800654145,0.2075484717904347,0.17683020135163335,0.09161784625776184
"St. Catharines (Riding), Ontario, Canada",0.11392070995183848,0.2750299845989134,0.1718478029560721,0.1936317702172215,0.15366080134426693,0.09190893093168767
"Saint-Jean (Riding), Quebec, Canada",0.0887431693989071,0.2687213114754104,0.18832786885245892,0.18566120218579218,0.15816393442622925,0.11038251366120222
"Brossard--Saint-Lambert (Riding), Quebec, Canada",0.11034241176985723,0.24494263946054842,0.19774060775899804,0.18158332603555485,0.16091601716437512,0.10447499781066626
"Richmond Hill (Riding), Ontario, Canada",0.08717588733383058,0.2729346729258982,0.2077830912999605,0.18896152327468968,0.16667397885315666,0.07647084631246437
"Trois-Rivières (Riding), Quebec, Canada",0.13201349042967894,0.295825850816872,0.15645394419867711,0.1747623844772459,0.15422013928430653,0.0867241907932196
"Brome--Missisquoi (Riding), Quebec, Canada",0.11285651601579616,0.3500658183413782,0.17108380868802114,0.14370337867485714,0.1306274681878017,0.09166301009214556
"Perth--Wellington (Riding), Ontario, Canada",0.08848293410246638,0.2585526879210209,0.16622155133275818,0.18340448495340242,0.17712642368648754,0.12621191800386466
"Don Valley North (Riding), Ontario, Canada",0.0998417304141388,0.22452299305372367,0.1868020750901258,0.2518244966147894,0.15664292622878748,0.08036577859843495
"Chatham-Kent--Leamington (Riding), Ontario, Canada",0.09872065850834273,0.2831702857972628,0.17194732600197662,0.17103667799940928,0.17041500903118822,0.10471004266182034
"Kitchener Centre (Riding), Ontario, Canada",0.07609831508303169,0.2220315087218368,0.18039057250334398,0.25913118655918144,0.15637856938010386,0.10596984775250223
"Winnipeg South (Riding), Manitoba, Canada",0.057496312240020615,0.20334322310128589,0.1907374241467123,0.21301632383110744,0.2236225356964734,0.1117841809844003
"Saanich--Gulf Islands (Riding), British Columbia, Canada",0.14305597267118178,0.3258330054718604,0.1675331729173851,0.1373460573112853,0.15233820258573957,0.07389358904254786
"Scarborough Centre (Riding), Ontario, Canada",0.08003183586841175,0.2352759108595685,0.18845065440396172,0.21666077113547924,0.18168553236646623,0.09789529536611248
"Bruce--Grey--Owen Sound (Riding), Ontario, Canada",0.10968184643204076,0.32382904358155773,0.1590792803627551,0.1573665525864796,0.1467143711823408,0.10332890585482589
"Rosemont--La Petite-Patrie (Riding), Quebec, Canada",0.05985556687785213,0.19033272783660446,0.20557352354791536,0.3193035310797041,0.13185060475831817,0.09308404589960567
"Huron--Bruce (Riding), Ontario, Canada",0.10249343911536489,0.3062716063489692,0.15383083507604622,0.16783932809397994,0.15265337617746547,0.11691141518817419
"Joliette (Riding), Quebec, Canada",0.1101129591745976,0.336520501645468,0.1670372676331937,0.1576536511607225,0.13314951525393595,0.09552610513208223
"Longueuil--Charles-LeMoyne (Riding), Quebec, Canada",0.07096426619117681,0.23761755479541763,0.19486908736488429,0.22138435826337727,0.15884732467598503,0.11631740870915888
"Chilliwack--Hope (Riding), British Columbia, Canada",0.09326008307651086,0.26186966814060486,0.17816785028362164,0.18245567019518483,0.16945821608825754,0.11478851221582027
"Hamilton East--Stoney Creek (Riding), Ontario, Canada",0.0918306862840626,0.26149355289226683,0.18442057228230843,0.2032950079573871,0.15800691805514958,0.10095326252882533
"Saint-Maurice--Champlain (Riding), Quebec, Canada",0.11406284822821493,0.3450412302206373,0.1637619790505904,0.15083574771562303,0.13135725429017167,0.09494094049476276
"Scarborough Southwest (Riding), Ontario, Canada",0.07031110010120058,0.2427543002350658,0.20464380110486255,0.20083570941529116,0.1764830945998085,0.10497199454377137
"Halifax West (Riding), Nova Scotia, Canada",0.07117951185884357,0.22338006151685594,0.19886705378983188,0.2238282010631591,0.17730707023058406,0.10543810154072562
"Laval--Les Îles (Riding), Quebec, Canada",0.09459155396529542,0.23311690663759815,0.21775589174441592,0.1596551971241668,0.19005262552452198,0.10482782500400177
"Edmonton Griesbach (Riding), Alberta, Canada",0.07890689431026834,0.22787446855551086,0.1918253755396148,0.22147613963396257,0.16632824395736562,0.11358887800327773
"Humber River--Black Creek (Riding), Ontario, Canada",0.07195406423829175,0.2085052933787906,0.19199712901489321,0.21169029248160773,0.20769782881751297,0.10815539206890362
"Lanark--Frontenac--Kingston (Riding), Ontario, Canada",0.0961971300131457,0.33012002550006325,0.17455070661570773,0.1614452723549458,0.14181921381800683,0.09586765169813073
"Louis-Hébert (Riding), Quebec, Canada",0.1197941367799803,0.2584920492553755,0.1551239144429021,0.1943899250484608,0.18172511318064502,0.09047486129263616
"Lambton--Kent--Middlesex (Riding), Ontario, Canada",0.09021852392435029,0.2917669943289048,0.17666688811886735,0.16295603511970538,0.16715784687450302,0.11123371163366932
"Cariboo--Prince George (Riding), British Columbia, Canada",0.06881509246068504,0.26530476756891364,0.18594025900978797,0.19343854165225893,0.1800989382350634,0.10640240107329102
"Compton--Stanstead (Riding), Quebec, Canada",0.08105180253052696,0.27253399245306775,0.18902770227371643,0.16974306872708023,0.17048049678027072,0.11716293723533795
"Beauce (Riding), Quebec, Canada",0.09048734348256932,0.278353301504369,0.18178542473650997,0.172371858391136,0.16093144761733189,0.1160706242680839
"Hull--Aylmer (Riding), Quebec, Canada",0.07753608258951074,0.2370643067170864,0.1924954465098132,0.21103007590311856,0.17390535299957263,0.10796873528089852
"Papineau (Riding), Quebec, Canada",0.06367045410098954,0.18093799298574972,0.19589004706587917,0.2974227845790799,0.15991121367387642,0.1021675075944252
"Delta (Riding), British Columbia, Canada",0.08825256311819701,0.2614154735558466,0.19705523689083593,0.16982069463890523,0.19014497990154025,0.09331105189467494
"Richmond--Arthabaska (Riding), Quebec, Canada",0.10789806614856316,0.2945508765588288,0.17504066510030739,0.16135008133020043,0.15240375926260633,0.10875655159949382
"La Pointe-de-l'Île (Riding), Quebec, Canada",0.08206584709267008,0.26691544622991686,0.19657245691972325,0.19606359693273132,0.15108056226200642,0.10730209056295227
"North Island--Powell River (Riding), British Columbia, Canada",0.10739547107137601,0.34404571089900154,0.1734409204967499,0.15125937186236016,0.1368124245967105,0.08704610107380185
"Pitt Meadows--Maple Ridge (Riding), British Columbia, Canada",0.06519762251150563,0.24646763718509107,0.21003002161168677,0.19376323619392358,0.169385703742034,0.11515577875575903
"Abbotsford (Riding), British Columbia, Canada",0.08932048726832827,0.22936985933397783,0.18359920246717143,0.2094721506714203,0.18201394975671356,0.10622435050238847
"Fort McMurray--Cold Lake (Riding), Alberta, Canada",0.019924798329951626,0.15938664710763978,0.2140548247545893,0.26538662817798714,0.18422145326214517,0.15702564836768695
"Lac-Saint-Louis (Riding), Quebec, Canada",0.1015768932877204,0.2682357480968287,0.20313135165210386,0.13924926764708903,0.19265374043827038,0.0951529988779877
"Vancouver Granville (Riding), British Columbia, Canada",0.07675839231056732,0.22230124489529868,0.1998156225667073,0.28979673507934517,0.13705543819908336,0.0742725669489982
"Charlesbourg--Haute-Saint-Charles (Riding), Quebec, Canada",0.0938135768119424,0.25969773287199355,0.19832894208000243,0.18004671619442789,0.15658700962178165,0.11152602241985203
"Pierrefonds--Dollard (Riding), Quebec, Canada",0.08382686615790302,0.2575143257065046,0.19814945008851148,0.1640541435447383,0.18958583627747727,0.1068693782248653
"Provencher (Riding), Manitoba, Canada",0.05479139057716046,0.21423022437508618,0.17940867339944228,0.1931636430105557,0.20417675821413891,0.1542293104236165
"Beaches--East York (Riding), Ontario, Canada",0.05816057324452857,0.23509631206234047,0.2289002464245995,0.2076025718932741,0.1552450712722029,0.11499522510305436
"Vancouver South (Riding), British Columbia, Canada",0.08388731650529169,0.23999786426892863,0.19029654268479726,0.2282450880977897,0.17593710227314616,0.08163608617004661
"Vancouver Quadra (Riding), British Columbia, Canada",0.08240957452440689,0.2243907619647369,0.19411341921333167,0.21523173285340153,0.21235738629032433,0.07149712515379873
"Calgary Heritage (Riding), Alberta, Canada",0.07436759728595585,0.24173018621757908,0.21127891962387937,0.19077891462048682,0.17504726361602124,0.10679711863607763
"Edmonton Centre (Riding), Alberta, Canada",0.06817650851681474,0.21490886893457525,0.1850181786245356,0.29221376918959313,0.15429284526063602,0.08538982947384538
"Prince George--Peace River--Northern Rockies (Riding), British Columbia, Canada",0.05126406996214238,0.2310736391301988,0.18773356184033146,0.2234759064496347,0.17956956181783068,0.12688326079986195
"Burnaby North--Seymour (Riding), British Columbia, Canada",0.07652800213403212,0.23858805905156014,0.20393170562813115,0.22036240278873226,0.1723551324320317,0.0882346979655127
"Mount Royal (Riding), Quebec, Canada",0.10245433470049196,0.20910017877127093,0.19441413513365474,0.18700494958001454,0.1939625363403667,0.113063865474201
"Medicine Hat--Cardston--Warner (Riding), Alberta, Canada",0.0802185537279453,0.24614483995718744,0.1776165566470741,0.17760271436287134,0.19191387448219335,0.12650346082272834
"York Centre (Riding), Ontario, Canada",0.08266752874890317,0.22814390615619085,0.21082528979818033,0.21285734078418697,0.1693991594698194,0.09610677504271918
"Hochelaga (Riding), Quebec, Canada",0.0776723056545042,0.20627553336852966,0.1920567987667841,0.29200411377633917,0.13909000793059506,0.09290124050324795
"Vancouver Kingsway (Riding), British Columbia, Canada",0.07186478342694103,0.22711897857876348,0.197289595969803,0.2627485556987833,0.1589231116820315,0.08205497464367761
"Battle River--Crowfoot (Riding), Alberta, Canada",0.09121937837776485,0.27450153412968664,0.17630916139114744,0.17277336734191534,0.17028696759980338,0.11490959115968243
"Drummond (Riding), Quebec, Canada",0.0910355701896768,0.27728052682836335,0.18721884709919806,0.17288874460882037,0.16319621573992474,0.10838009553401648
"Calgary Forest Lawn (Riding), Alberta, Canada",0.0534161696823489,0.23661156486598928,0.20052966558342997,0.20854957214599312,0.18316241508332223,0.11773061263891636
"Richmond Centre (Riding), British Columbia, Canada",0.08294712986893249,0.26655492075577186,0.18777096053699896,0.22271931572482676,0.15446268874223393,0.08554498437123592
"Hamilton Mountain (Riding), Ontario, Canada",0.08533785323686763,0.24768795156767975,0.17984904757749495,0.208804329654623,0.17780410206501623,0.10051671589831826
"LaSalle--Émard--Verdun (Riding), Quebec, Canada",0.07762637274036752,0.2228928969280917,0.1914744922320396,0.2760199641280944,0.13500427250241134,0.09698200146899551
"Renfrew--Nipissing--Pembroke (Riding), Ontario, Canada",0.09747242005306528,0.2983289112321375,0.1634315505283246,0.185030023739701,0.1506772797095375,0.10505981473723418
"Gatineau (Riding), Quebec, Canada",0.07023739431170939,0.26364337717785485,0.1947249354450792,0.19154948589113774,0.17096469754737909,0.10888010962683992
"Peace River--Westlock (Riding), Alberta, Canada",0.06115985421380252,0.21988400169221092,0.17529535927331907,0.18595255971160088,0.2034403417363168,0.15426788337274988
"Kitchener--Conestoga (Riding), Ontario, Canada",0.06446804249328132,0.21235128905257458,0.19899479079351748,0.1954934322616963,0.198169276967452,0.13052316843147832
"Sarnia--Lambton (Riding), Ontario, Canada",0.10332275527347397,0.2924211312301664,0.16758446891917117,0.17943811834982268,0.15773753966772436,0.09949598655964144
"Halifax (Riding), Nova Scotia, Canada",0.06288971186390123,0.2019549484600759,0.15645038375980744,0.2934099036049663,0.20413316974390994,0.08116188256733915
"Barrie--Springwater--Oro-Medonte (Riding), Ontario, Canada",0.07736285023684757,0.25635482550384586,0.18598565640180226,0.2027578187154178,0.1773614907818293,0.1001773583602573
"Vaughan--Woodbridge (Riding), Ontario, Canada",0.08879947599887719,0.23930944137737437,0.21900439786656684,0.1691775053803686,0.19898006924300551,0.08472911013380749
"Parkdale--High Park (Riding), Ontario, Canada",0.0628772719376267,0.2182010384472113,0.22554354329495963,0.26529719012210945,0.13535895579771545,0.0927220004003774
"Hamilton Centre (Riding), Ontario, Canada",0.05759823799076304,0.22277379864946767,0.1810712060031245,0.2884692544754522,0.15127754206540958,0.09880996081578301
"University--Rosedale (Riding), Ontario, Canada",0.09238419239874669,0.2046454968197616,0.16448229526500238,0.32080717026632966,0.1599199508494028,0.057760894400756914
"Thérèse-De Blainville (Riding), Quebec, Canada",0.07981109799291612,0.24788665879574978,0.21374262101534836,0.1673199527744984,0.1875324675324673,0.10370720188902006
"Lakeland (Riding), Alberta, Canada",0.0792238791256925,0.2506468802230871,0.1840131921623785,0.17705453036743637,0.1829939780672093,0.1260675400541963
"Davenport (Riding), Ontario, Canada",0.06476944240955901,0.19486487030228417,0.209786414243101,0.3146346789829046,0.12972870526063804,0.08621588880151318
"Bourassa (Riding), Quebec, Canada",0.09499668340756183,0.21946365962285613,0.19700559082725294,0.1920780820619729,0.16682459963991272,0.12963138444044353
"Notre-Dame-de-Grâce--Westmount (Riding), Quebec, Canada",0.09330166286305258,0.2223833848667606,0.19792970527172873,0.20697911791288773,0.18539352163218376,0.0940126074533866
"Rivière-des-Mille-Îles (Riding), Quebec, Canada",0.0773863151405947,0.26677414765991725,0.19844468680354724,0.1689980558585044,0.1751149888567499,0.11328180568068652
"Toronto--Danforth (Riding), Ontario, Canada",0.06417754372346472,0.22388165081421607,0.23279916535047682,0.23961669307024297,0.13512674215237383,0.10439820488922566
"Châteauguay--Lacolle (Riding), Quebec, Canada",0.07873040080064816,0.24429299909450503,0.19692131725682707,0.18386312729352303,0.17328313396559125,0.1229090215889054
"Saint-Hyacinthe--Bagot (Riding), Quebec, Canada",0.09715346534653473,0.2763233054074639,0.18335872048743318,0.1742193450114242,0.16174790555978688,0.10719725818735716
"Berthier--Maskinongé (Riding), Quebec, Canada",0.09699010207939525,0.328601129976554,0.17681344151223358,0.16020563141331595,0.13524285584431892,0.10214683917418241
"Marc-Aurèle-Fortin (Riding), Quebec, Canada",0.05968306239608582,0.23880043571774218,0.22700665711644158,0.1618105415663981,0.2003742035193878,0.11232509968394443
"Honoré-Mercier (Riding), Quebec, Canada",0.09834656843260588,0.24681647101790882,0.20472575835711976,0.1668501079470256,0.17489207208338967,0.10836902216195013
"Brampton Centre (Riding), Ontario, Canada",0.06203612632656065,0.2157084744906601,0.19169079867611438,0.22805928616781965,0.1949913591203709,0.1075139552184744
"Stormont--Dundas--South Glengarry (Riding), Ontario, Canada",0.10224437057022742,0.3033831519341126,0.16871522438297024,0.16981346918395696,0.1522609097156234,0.1035828742131094
"Scarborough--Agincourt (Riding), Ontario, Canada",0.116989247311828,0.2634647550776582,0.17796893667861416,0.2022461170848267,0.15741935483870964,0.08191158900836323
"Parry Sound--Muskoka (Riding), Ontario, Canada",0.12341247778370355,0.36662555507191336,0.16029493526441668,0.14877837213616424,0.12418492410371235,0.07670373564008978
"Leeds--Grenville--Thousand Islands and Rideau Lakes (Riding), Ontario, Canada",0.10898973424158111,0.33354120694617695,0.17792382231603165,0.1492852345773769,0.14367264703060553,0.08658735488822786
"Lac-Saint-Jean (Riding), Quebec, Canada",0.10666090380828884,0.32656197473947113,0.16529798780194985,0.15137108005570757,0.15199538971329782,0.09811266388128478
"Abitibi--Témiscamingue (Riding), Quebec, Canada",0.08451587991118834,0.2914373974321847,0.1757409016314316,0.1768993146056568,0.16106767062457775,0.11033883579496093
"Outremont (Riding), Quebec, Canada",0.07596452875906202,0.1656756306068369,0.17171187590199424,0.26171730606109495,0.21834477322166607,0.10658588544934573
"Scarborough--Guildwood (Riding), Ontario, Canada",0.0770058608151717,0.21938785758344118,0.1849886434042712,0.21781752321346662,0.19383431106761956,0.10696580391602978
"Pierre-Boucher--Les Patriotes--Verchères (Riding), Quebec, Canada",0.0811557450059829,0.2678468044721335,0.2030064753444412,0.16702671576847836,0.16649093776070545,0.11447332164825873
"Argenteuil--La Petite-Nation (Riding), Quebec, Canada",0.08810290912051681,0.3343289270185442,0.17963533056984,0.16346645960829595,0.13715230631462294,0.09731406736818014
"Scarborough--Rouge Park (Riding), Ontario, Canada",0.07762563752169215,0.2634727225271251,0.18407071739631584,0.1931157148283859,0.18891407369105984,0.09280113403542099
"Steveston--Richmond East (Riding), British Columbia, Canada",0.07622875500533001,0.272392157299355,0.19999240666594656,0.20227347173675386,0.15973998022355548,0.08937322906905909
"Edmonton Strathcona (Riding), Alberta, Canada",0.0731669078987719,0.21762696882761992,0.1735408647058657,0.28201135045932957,0.16827128196771923,0.08538262614069372
"Saint-Laurent (Riding), Quebec, Canada",0.08186762040076427,0.1959237665964431,0.2089069619322914,0.19705060996521487,0.18847680172456027,0.12777423938072605
"Alfred-Pellan (Riding), Quebec, Canada",0.08450163124740875,0.25271304767878816,0.2054318546550748,0.16721878942856902,0.1840389669271973,0.10609571006296188
"Don Valley West (Riding), Ontario, Canada",0.0805302258615358,0.22927252313800908,0.21145776371549635,0.18318425330361074,0.19178034672642508,0.10377488725492297
"Elmwood--Transcona (Riding), Manitoba, Canada",0.06260688345867646,0.21178941340814814,0.1945089023930625,0.22520418719375546,0.18079723318109883,0.12509338036525872
"Selkirk--Interlake--Eastman (Riding), Manitoba, Canada",0.08892038093634483,0.31108256162034054,0.17183088668448243,0.16077073588234372,0.16082192327632683,0.1065735116001616
"Moncton--Riverview--Dieppe (Riding), New Brunswick, Canada",0.0886569509205375,0.23988478188856865,0.19296386392741585,0.2092699710013866,0.17238851063760088,0.09683592162449044
"Winnipeg North (Riding), Manitoba, Canada",0.04960898460229854,0.2028265311218236,0.19175617565660702,0.21154928511966406,0.21809980959092756,0.1261592139086792
"Mission--Matsqui--Fraser Canyon (Riding), British Columbia, Canada",0.0681797417531229,0.25946604475382035,0.18944265034158378,0.19129193925956509,0.17639311350363093,0.11522651038827704
"Hastings--Lennox and Addington (Riding), Ontario, Canada",0.10014462495853065,0.3272289075523229,0.17445529873772034,0.15792934125597738,0.14460733539266105,0.09563449210278763
"Montarville (Riding), Quebec, Canada",0.07701737248862103,0.253459595698569,0.22272179899320907,0.15566483707692877,0.1831479624710143,0.10798843327165791
"Portage--Lisgar (Riding), Manitoba, Canada",0.06926450069762817,0.21257723739286424,0.17012158660554128,0.18711381303567773,0.2084412995814246,0.15248156268686397
"Yellowhead (Riding), Alberta, Canada",0.06500220424083472,0.2683225393890065,0.19057140338885775,0.1867325221899638,0.17115106402465868,0.11822026676667846
"Québec (Riding), Quebec, Canada",0.12220451292806189,0.2697156046688796,0.16289165224126678,0.24474993588529947,0.1294994695396976,0.07093882473679464
"Regina--Lewvan (Riding), Saskatchewan, Canada",0.06054469952360361,0.20913276536584224,0.1866785553816027,0.23350681018619748,0.1823214559926486,0.12781571355010546
"Markham--Thornhill (Riding), Ontario, Canada",0.08035523312832708,0.28025476221013135,0.17823877863555349,0.2007753616580159,0.16995366900547046,0.09042219536250173
"Niagara West (Riding), Ontario, Canada",0.09484466560053045,0.28062243462105735,0.1861903065398736,0.16243416307693326,0.167633662422536,0.10827476773906922
"Montmagny--L'Islet--Kamouraska--Rivière-du-Loup (Riding), Quebec, Canada",0.11909607642018544,0.3302422082057237,0.1702935636070007,0.14647233947557795,0.14305623888876107,0.09083957340275114
"Bécancour--Nicolet--Saurel (Riding), Quebec, Canada",0.11534473820632445,0.3233281493001554,0.1713322965266979,0.15961638154484187,0.13535510627268033,0.09502332814930002
"Dartmouth--Cole Harbour (Riding), Nova Scotia, Canada",0.07725281361566917,0.26825668232477434,0.1900245632119827,0.21465779319085462,0.15663668230156996,0.09317146535514921
"Beauport--Limoilou (Riding), Quebec, Canada",0.10284170803942651,0.269431928486871,0.1732072048617517,0.22439024293013057,0.1382799801117676,0.09184893557005266
"Beauport--Côte-de-Beaupré--Île dOrléans--Charlevoix (Riding), Quebec, Canada",0.09621445269044751,0.3166254688713391,0.18699974250170784,0.15664377441858307,0.14148824032605534,0.10202832119186707
"Sudbury (Riding), Ontario, Canada",0.10313334511112936,0.2578857710957959,0.17477297478035422,0.19728076897238428,0.1709940695686582,0.09593307047167798
"Saint Boniface--Saint Vital (Riding), Manitoba, Canada",0.08109373399108857,0.23065996006796655,0.19374841844433388,0.2078666452810472,0.17439295119125156,0.11223829102431218
"Don Valley East (Riding), Ontario, Canada",0.09492016316226116,0.2294842810246826,0.19778758334699595,0.20841932553188608,0.17026030026491057,0.0991283466692636
"Nickel Belt (Riding), Ontario, Canada",0.07876953402755606,0.2945878875271085,0.1971783996469813,0.16609725194427413,0.16200760686843393,0.101359319985646
"Winnipeg South Centre (Riding), Manitoba, Canada",0.09902038864908737,0.2365853266937443,0.1771774917785501,0.23410105755714514,0.17122282915533657,0.08189290616613648
"Scarborough North (Riding), Ontario, Canada",0.08874709976798144,0.26908879983125944,0.17854882936089428,0.20380721366800253,0.17158827251634667,0.08821978485551571
"South Shore--St. Margarets (Riding), Nova Scotia, Canada",0.10799374346961278,0.3505816202406506,0.19001826786944656,0.13724606636439265,0.13256588436095462,0.0815944176949428
"Saskatoon--Grasswood (Riding), Saskatchewan, Canada",0.08938323659559969,0.20995018637256638,0.1709511529136833,0.23356145371220943,0.1737177266341624,0.12243624377177892
"Kildonan--St. Paul (Riding), Manitoba, Canada",0.08722110553823959,0.2511561232381914,0.1848013466599439,0.19044217893941193,0.17972627644541217,0.10665296917880078
"Jonquière (Riding), Quebec, Canada",0.08908593627567823,0.305257907282452,0.1768496522400055,0.17271231195793657,0.15089450100094529,0.10519969124298234
"Brandon--Souris (Riding), Manitoba, Canada",0.08353261776319419,0.2277960068961684,0.17212613314053685,0.2026583616039152,0.18636338357154816,0.1275234970246373
"Nipissing--Timiskaming (Riding), Ontario, Canada",0.09971409804747092,0.29792492210480104,0.17453095830672494,0.17620020805358988,0.15898826354437237,0.09264154994304072
"Sackville--Preston--Chezzetcook (Riding), Nova Scotia, Canada",0.057940033234742394,0.2640822822613061,0.21895471222977664,0.18549433417460717,0.16596176863808798,0.10756686946147984
"Skeena--Bulkley Valley (Riding), British Columbia, Canada",0.06361661358790122,0.2636484013426705,0.18884765799705866,0.19338702159084611,0.17430753898942547,0.11619276649209813
"Dauphin--Swan River--Neepawa (Riding), Manitoba, Canada",0.09223788418680195,0.2524670741995203,0.16468094080910525,0.16797273391168455,0.18542325077750293,0.13721811611538506
"Regina--Wascana (Riding), Saskatchewan, Canada",0.07632817066995828,0.21477476459428502,0.18435163192173204,0.21992641737819008,0.1872497354198403,0.11736928001599431
"Mégantic--L'Érable (Riding), Quebec, Canada",0.12371075917263148,0.3303838133348366,0.16637547201713387,0.14507129572225647,0.1399988727949046,0.09445978695823697
"Abitibi--Baie-James--Nunavik--Eeyou (Riding), Quebec, Canada",0.05304579269110914,0.2210220147905568,0.17504005952628032,0.19415058122398093,0.20441502110149776,0.15232653066657498
"Beauséjour (Riding), New Brunswick, Canada",0.09266381289130152,0.31236613077225495,0.20196429980903163,0.16229701306742447,0.14166668408403335,0.0890420593759541
"Saskatoon--University (Riding), Saskatchewan, Canada",0.059997358958747506,0.20302698930667482,0.1824901424796595,0.22914723583984684,0.20819934209021157,0.11713893132485972
"Manicouagan (Riding), Quebec, Canada",0.08787017735174962,0.29787591399156105,0.19109969355371415,0.16342701237118626,0.15731387136972214,0.10241333136206686
"Saskatoon West (Riding), Saskatchewan, Canada",0.04933847726409375,0.19943132593627513,0.1915247749715274,0.23913811309842278,0.19283251350645503,0.12773479522322598
"Kings--Hants (Riding), Nova Scotia, Canada",0.09082531818506835,0.29992912690450996,0.1912378370260035,0.1618249508295287,0.16290837628694957,0.09327439076794004
"Winnipeg Centre (Riding), Manitoba, Canada",0.0476789883278523,0.2011784737050039,0.19166891979411563,0.26601575477661255,0.18490650288779842,0.10855136050861709
"Fredericton (Riding), New Brunswick, Canada",0.07992907201935005,0.2290276818841808,0.1826730592922083,0.21608101341563976,0.18947235320130162,0.1028168201873193
"St. John's East (Riding), Newfoundland and Labrador, Canada",0.07786504646992656,0.24226925821747988,0.20485983973073418,0.20095387893709427,0.1833330580507983,0.09071891859396686
"Avalon (Riding), Newfoundland and Labrador, Canada",0.07698599765360527,0.3006549646806477,0.21133216098586174,0.16317298930060767,0.1560780253237858,0.09177586205549174
"Rimouski-Neigette--Témiscouata--Les Basques (Riding), Quebec, Canada",0.11005938959318548,0.33537297436682795,0.16634295106288222,0.1551599236558942,0.14283691809305793,0.0902278432281523
"Charleswood--St. James--Assiniboia--Headingley (Riding), Manitoba, Canada",0.10167673748784119,0.26273824249970945,0.18662087444783065,0.19019817728162136,0.16281786815456392,0.09594810012843354
"Fundy Royal (Riding), New Brunswick, Canada",0.07916871545024066,0.28883404118129696,0.2059203762078299,0.15703830395606852,0.16742703946133444,0.10161152374322947
"Carlton Trail--Eagle Creek (Riding), Saskatchewan, Canada",0.06827705774532399,0.23570383387358249,0.183042705772825,0.18662340235904376,0.18308521069782194,0.1432677895514028
"West Nova (Riding), Nova Scotia, Canada",0.11500650734130702,0.3365795891431964,0.17531944483975567,0.14707138464179523,0.13980615642306032,0.08621691761088542
"Thunder Bay--Superior North (Riding), Ontario, Canada",0.08987174399784967,0.29079815111499935,0.1728095270278572,0.1875976531409292,0.16471069820912346,0.09421222650924121
"Thunder Bay--Rainy River (Riding), Ontario, Canada",0.08834352724043133,0.2891948191492119,0.17621518094694322,0.18334207206422112,0.1619444118140844,0.10095998878510805
"Cumberland--Colchester (Riding), Nova Scotia, Canada",0.10925903394573536,0.3182868962160847,0.18153059982966285,0.15476335320598586,0.14922739992699857,0.0869327168755325
"St. John's South--Mount Pearl (Riding), Newfoundland and Labrador, Canada",0.07379864031076656,0.28127131867819166,0.19661708845935147,0.20518070254015394,0.15630383223718722,0.08682841777434902
"Churchill--Keewatinook Aski (Riding), Manitoba, Canada",0.02892659672548328,0.16803501941865545,0.15974810577609072,0.19330365588833828,0.25268234621063823,0.19730427598079397
"Long Range Mountains (Riding), Newfoundland and Labrador, Canada",0.10995401678860707,0.3614785831337509,0.19127741025499087,0.13061155183803186,0.1368559028008652,0.06982253518375404
"Saint John--Rothesay (Riding), New Brunswick, Canada",0.08472866240039462,0.2794307880305267,0.18690510951523948,0.18950939714501067,0.16601605101639225,0.09340999189243629
"Prince Albert (Riding), Saskatchewan, Canada",0.08697658889246314,0.2384780734401406,0.1674269365315717,0.1829986010175924,0.1944810547865559,0.12963874533167608
"Chicoutimi--Le Fjord (Riding), Quebec, Canada",0.11348698518368397,0.30929736493156823,0.16163778409866064,0.1745567632499591,0.14713363922118608,0.09388746331494204
"Moose Jaw--Lake Centre--Lanigan (Riding), Saskatchewan, Canada",0.08274445841233069,0.2794079132518002,0.17893808440620507,0.1735700874556598,0.16819519196911403,0.11714426450489031
"Algoma--Manitoulin--Kapuskasing (Riding), Ontario, Canada",0.10640276226443734,0.35411138140570153,0.16507072973187023,0.14255150031787212,0.14125410008851277,0.09060952619160605
"Sault Ste. Marie (Riding), Ontario, Canada",0.10992543815915878,0.3007193872904416,0.17197950058132735,0.17223650762108972,0.15216154139732324,0.09297762495065919
"Timmins--James Bay (Riding), Ontario, Canada",0.07642085746337551,0.27452207275647483,0.1784776818899077,0.18593273991878898,0.17234520186566604,0.11230144610578703
"Regina--Qu'Appelle (Riding), Saskatchewan, Canada",0.06841064020560826,0.2256238890135027,0.18985195809202549,0.19272404123782014,0.18935630764689435,0.1340331638041491
"Acadie--Bathurst (Riding), New Brunswick, Canada",0.11629253232134826,0.3628995947771272,0.19315623592976133,0.1358461439506016,0.1255547694088891,0.06625072361227245
"Gaspésie--Les Îles-de-la-Madeleine (Riding), Quebec, Canada",0.11843984361124413,0.3739380654170076,0.1743035504054113,0.13799041673674386,0.11882586887484053,0.07650225495475253
"Coast of Bays--Central--Notre Dame (Riding), Newfoundland and Labrador, Canada",0.11072669289151679,0.353370752524647,0.20175258164851737,0.12373660596268944,0.13757712485452844,0.07283624211810111
"Central Nova (Riding), Nova Scotia, Canada",0.10482303516432802,0.33008519575115597,0.18474771185471514,0.14166212193364358,0.15384908302167366,0.08483285227448349
"Sydney--Victoria (Riding), Nova Scotia, Canada",0.10593783934816338,0.31663310446024884,0.1692366954488839,0.1627817537401074,0.15843795554538612,0.08697265145721039
"Desnethé--Missinippi--Churchill River (Riding), Saskatchewan, Canada",0.04337057125033032,0.19722831780068106,0.1575322452772817,0.1816053226590738,0.24299917938041124,0.17726436363222173
"Bonavista--Burin--Trinity (Riding), Newfoundland and Labrador, Canada",0.1102368541148828,0.3867413563556368,0.19596482802788462,0.11285071166009665,0.1276142779968709,0.06659197184462838
"Yorkton--Melville (Riding), Saskatchewan, Canada",0.11108508047732142,0.28086151133983517,0.17154546284198108,0.15933085071573655,0.16567020658554166,0.11150688803958435
"Battlefords--Lloydminster (Riding), Saskatchewan, Canada",0.06880678520834374,0.23094671776174255,0.17224041705444984,0.1920958328077985,0.19777914592589815,0.13813110124176728
"Souris--Moose Mountain (Riding), Saskatchewan, Canada",0.08646479706779919,0.24381783790103087,0.17799681902808134,0.18284931242729927,0.17960251841599237,0.12926871515979702
"Cape Breton--Canso (Riding), Nova Scotia, Canada",0.11119882625934406,0.3493364438056615,0.17610190496064052,0.1365539944824131,0.1467783559988776,0.08003047449306334
"Avignon--La Mitis--Matane--Matapédia (Riding), Quebec, Canada",0.1130714285714287,0.35600000000000037,0.16499999999999984,0.1413571428571428,0.13607142857142854,0.08850000000000004
"Tobique--Mactaquac (Riding), New Brunswick, Canada",0.08424987580012877,0.3099357134001947,0.19318397367038842,0.1552023855082856,0.1581099517577448,0.09931809986325768
"Cypress Hills--Grasslands (Riding), Saskatchewan, Canada",0.09521002210759014,0.28290346352248,0.1620486366986007,0.17464996315401302,0.16639646278555506,0.11879145173176112
"New Brunswick Southwest (Riding), New Brunswick, Canada",0.08441774353252822,0.3126266674321001,0.19608566385692927,0.15727060859656883,0.15167480299580605,0.09792451358606741
"Kenora (Riding), Ontario, Canada",0.06155950041077802,0.2468381980440134,0.16991649247600338,0.18925648442386325,0.19371710247759297,0.138712222167749
"Madawaska--Restigouche (Riding), New Brunswick, Canada",0.11373723306927788,0.3547924973693332,0.17912452655802588,0.14325877955792313,0.13540456065521564,0.07368240279022423
"Miramichi--Grand Lake (Riding), New Brunswick, Canada",0.10664515950646161,0.3369291485110751,0.19256490160495138,0.13895369035225566,0.14527716820210132,0.07962993182315486
"Northwest Territories (Riding), Northwest Territories, Canada",0.031246170812400442,0.19544173508148516,0.2045092513172406,0.238818772209288,0.19262345300820985,0.137360617571376
"Yukon (Riding), Yukon, Canada",0.04767253213528007,0.24322975165356342,0.19855235242730523,0.23698989142643193,0.1599900162236366,0.1135654561337825
"Cardigan (Riding), Prince Edward Island, Canada",0.07644174724457116,0.27912589797254445,0.18772383445033156,0.17660239969564992,0.17405512107192533,0.10605099956497768
"Malpeque (Riding), Prince Edward Island, Canada",0.06849231439110008,0.2948049615068496,0.19690869039247244,0.1684445059775962,0.17100400767567225,0.10034552005630945
"Charlottetown (Riding), Prince Edward Island, Canada",0.09404469706756238,0.24040821599276585,0.1725875209921198,0.2008784394781036,0.20953365198294802,0.08254747448650042
"Nunavut (Riding), Nunavut, Canada",0.010761476638060218,0.10843209372020159,0.16428279525950154,0.2272170004086636,0.2622258547881761,0.22708077918539707
"Egmont (Riding), Prince Edward Island, Canada",0.09771714922048999,0.2956570155902007,0.18388084632516677,0.15896436525612492,0.1688474387527839,0.09493318485523382
"Labrador (Riding), Newfoundland and Labrador, Canada",0.041533546325878565,0.21443337718473968,0.22721292990039446,0.20635218943807565,0.18718286036459325,0.12328509678631838
