longname,PW Density (250m) [StatCan],PW Density (500m) [StatCan],PW Density (2km) [StatCan],PW Density (4km) [StatCan]
"Edmonton--Wetaskiwin (Riding), Alberta, Canada",3886.463790385174,2672.513967254587,1494.3194726627958,897.7615816897428
"Calgary Shepard (Riding), Alberta, Canada",4669.5937495026,3379.269875356531,2211.3031962051355,1629.9387301511417
"Brampton West (Riding), Ontario, Canada",6039.847401878023,4853.028529519594,3990.113448993375,3107.2583448609807
"Calgary Skyview (Riding), Alberta, Canada",6257.26765496742,4830.557778700914,2992.232200129366,1823.298498102194
"Banff--Airdrie (Riding), Alberta, Canada",3583.4629888329628,2190.965934346898,1147.5875948793769,698.2834145679851
"Simcoe--Grey (Riding), Ontario, Canada",2018.3620356517583,1210.7935974973695,480.81514966851194,223.98666666740203
"Durham (Riding), Ontario, Canada",3236.4328310989363,2421.9162261606375,1358.7487671458512,892.7303025026648
"Oakville North--Burlington (Riding), Ontario, Canada",4637.772648004749,3795.4297022916985,2547.087588157765,1671.063764936201
"King--Vaughan (Riding), Ontario, Canada",4391.535440496451,2944.297356314581,1889.9124397769097,1553.149390451546
"Niagara Falls (Riding), Ontario, Canada",2209.4826623110052,1616.1146730833639,960.0035567072447,678.9463398031169
"Calgary Rocky Ridge (Riding), Alberta, Canada",4736.458255606752,3195.448328691739,2251.400527150741,1765.2636686342394
"Guelph (Riding), Ontario, Canada",3806.8730697834303,2732.1890669271197,1827.8422258243609,1261.8630775152776
"Dufferin--Caledon (Riding), Ontario, Canada",2726.753364695096,1680.3688844244375,722.5507115147931,423.80715161234605
"Etobicoke--Lakeshore (Riding), Ontario, Canada",10209.67021433121,6733.185572098704,3322.0688103782545,2787.8275575568487
"Brantford--Brant (Riding), Ontario, Canada",2910.490860594777,2077.3520671591773,1275.6169406494837,854.7279796414911
"Orléans (Riding), Ontario, Canada",3937.819482667911,2910.723613182404,2025.0811723858546,1520.6212674810977
"London West (Riding), Ontario, Canada",4166.488269020887,3012.341494261047,2238.890620816959,1851.4543514253949
"Whitby (Riding), Ontario, Canada",3746.340079978194,2911.5959294945874,1969.494302307559,1552.3444883554832
"London North Centre (Riding), Ontario, Canada",4603.0661062361,3170.7584626382263,2444.420674562591,2118.7967680294446
"Milton (Riding), Ontario, Canada",5459.46465193536,4206.157519708832,2722.159301525632,1693.538923352357
"North Okanagan--Shuswap (Riding), British Columbia, Canada",1865.218747785966,984.5913088707142,497.90871306164246,297.4406727035757
"Kelowna--Lake Country (Riding), British Columbia, Canada",2977.654369758718,1809.8818182783675,1013.1191930891443,672.487569519953
"Markham--Stouffville (Riding), Ontario, Canada",4198.337763365552,3225.268056543744,2170.058321913155,1531.2038152769805
"Spadina--Fort York (Riding), Ontario, Canada",26302.50213553543,18826.953019514174,11558.598027423184,7829.502743535866
"Kamloops--Thompson--Cariboo (Riding), British Columbia, Canada",2522.2272835521053,1400.9187869061577,684.273723255882,416.5099808067147
"Essex (Riding), Ontario, Canada",1878.927309501129,1117.5429173085838,501.90511180846624,297.4721758760845
"Edmonton West (Riding), Alberta, Canada",4071.743324704825,3000.7071689659037,2084.778772923858,1612.8335738567152
"Nanaimo--Ladysmith (Riding), British Columbia, Canada",2402.23559124355,1507.6942452754001,931.8052949679944,629.3158449532696
"Langley--Aldergrove (Riding), British Columbia, Canada",3587.292258520329,2366.275097237148,1332.691449570517,912.6244924488574
"Mirabel (Riding), Quebec, Canada",2619.7310613654613,1552.5689431646606,686.8392002033422,447.78385401396736
"Nepean (Riding), Ontario, Canada",4458.419987179839,3553.4079377212506,2309.392891407275,1601.322446053869
"Brampton South (Riding), Ontario, Canada",5839.806129003187,4549.889210239682,3479.4868156718103,2948.1145011815065
"Edmonton Manning (Riding), Alberta, Canada",4479.592823420273,3479.098321819532,2724.3359450613716,2129.024489167245
"Coquitlam--Port Coquitlam (Riding), British Columbia, Canada",5895.971697765552,4238.424689252574,2709.3939535529053,2054.9417678345194
"Brampton East (Riding), Ontario, Canada",5660.272536102725,4368.423612573582,2871.8332392840794,1960.7620911947847
"Surrey Centre (Riding), British Columbia, Canada",6482.402226850689,5208.004272977069,3730.9859084262566,3155.2456475978665
"Red Deer--Lacombe (Riding), Alberta, Canada",2139.6254109721435,1448.2068504588729,735.4407494293068,419.1034844359401
"Carleton (Riding), Ontario, Canada",2579.9044792854525,1737.3977487402774,910.988383446147,665.7227407733434
"Oshawa (Riding), Ontario, Canada",3887.4510106173348,3050.7048654960845,2406.671588922659,2020.3838571157105
"West Vancouver--Sunshine Coast--Sea to Sky Country (Riding), British Columbia, Canada",2262.156923228991,1299.2584379077452,600.9292651392096,382.7632841497707
"St. Albert--Edmonton (Riding), Alberta, Canada",4074.5624411326517,2677.8870905412055,1901.547321181854,1404.8781846427778
"Cloverdale--Langley City (Riding), British Columbia, Canada",5372.914112411924,4517.319813346422,2639.053361466452,1840.2334165686232
"Windsor West (Riding), Ontario, Canada",3471.4361166983017,2901.276216606142,1957.520580201665,1487.165265156355
"Calgary Centre (Riding), Alberta, Canada",7875.15407086258,6102.338644968289,3984.6359092649745,2913.065986331266
"Pontiac (Riding), Quebec, Canada",2491.0135997739617,1376.881916689071,611.7922291286137,421.35816872562276
"Vaudreuil--Soulanges (Riding), Quebec, Canada",2710.8926896028443,1790.4910544247775,975.7377799932815,576.1635829411665
"Calgary Midnapore (Riding), Alberta, Canada",3917.328603647245,2857.3056288164557,1883.744752207513,1637.3680633087522
"Esquimalt--Saanich--Sooke (Riding), British Columbia, Canada",3045.2774212413556,2025.5290282644667,1504.0026514509777,1336.3821120135246
"Markham--Unionville (Riding), Ontario, Canada",5582.857545711154,3957.537834331154,2571.2677031939584,2018.5479836071734
"Wellington--Halton Hills (Riding), Ontario, Canada",2110.5766650633045,1383.2164729422623,725.4817747203072,384.6254707087484
"Mississauga Centre (Riding), Ontario, Canada",14349.10325682236,10053.459881711742,5650.5116218110115,4382.323622351918
"Waterloo (Riding), Ontario, Canada",4301.514519359508,2895.3756349257783,1964.1246500290104,1693.0790520765077
"Newmarket--Aurora (Riding), Ontario, Canada",4074.0827197166395,2834.309343122458,2018.9273555944465,1528.0990526477194
"London--Fanshawe (Riding), Ontario, Canada",3870.9384394199387,2826.2402826917514,1852.7337616595942,1530.6664894902858
"Vancouver Centre (Riding), British Columbia, Canada",23796.50534817234,19450.038866968633,10143.249242394593,5338.21883668175
"Ajax (Riding), Ontario, Canada",4941.182910779086,3782.4784532484273,2494.060001816491,1722.0371295501675
"Elgin--Middlesex--London (Riding), Ontario, Canada",2089.8581748613833,1259.9228375974794,695.3921643973556,456.4580842715464
"Ottawa Centre (Riding), Ontario, Canada",7862.153667706883,6203.602504665256,4016.1193014829337,3057.846077005215
"Sherwood Park--Fort Saskatchewan (Riding), Alberta, Canada",2836.771415727686,1830.6702242908839,1232.852276604575,764.0634163970599
"Kingston and the Islands (Riding), Ontario, Canada",3208.8650962788975,2369.0451533317714,1400.8540315052164,971.9235805947753
"Edmonton Mill Woods (Riding), Alberta, Canada",4719.293134364598,3523.655868395388,2675.889886584325,2027.8675102244163
"Flamborough--Glanbrook (Riding), Ontario, Canada",3119.7453178956966,1817.7795189804954,1020.467362617517,755.0927644806029
"Peterborough--Kawartha (Riding), Ontario, Canada",2182.3127319214855,1558.9014169920463,1042.8742371901774,729.6292349753347
"Burlington (Riding), Ontario, Canada",4166.408175669086,3018.09607116856,1804.8763410996378,1304.959876671619
"Beloeil--Chambly (Riding), Quebec, Canada",2928.537203979462,1871.0464084935911,1054.576212427254,651.9009277287167
"New Westminster--Burnaby (Riding), British Columbia, Canada",8720.812046983998,6837.451844294554,4260.422993803173,3107.589964432809
"Brampton North (Riding), Ontario, Canada",5687.8130163284195,4716.044660255558,3871.8425794685113,3370.538338104779
"Ottawa South (Riding), Ontario, Canada",5207.578278726935,3431.295418995942,2307.150512401872,2115.797998534813
"Fleetwood--Port Kells (Riding), British Columbia, Canada",4825.559965842803,4040.7829057211266,3025.2629079990775,2528.5276600806046
"Sturgeon River--Parkland (Riding), Alberta, Canada",2040.3679358672923,1219.8943986095865,620.1244516239528,338.3818871012558
"Oxford (Riding), Ontario, Canada",1907.0983697447427,1340.471918693188,748.7635955816329,396.14651492964174
"Courtenay--Alberni (Riding), British Columbia, Canada",1563.5458930966229,958.1194923716429,480.0950101677386,280.5653942341317
"York--Simcoe (Riding), Ontario, Canada",2891.908738568544,1831.716038015423,894.1038453419029,449.58313978885644
"Cowichan--Malahat--Langford (Riding), British Columbia, Canada",2766.2394354656694,1434.2344076234865,786.3667936361203,504.2273446967905
"Edmonton Riverbend (Riding), Alberta, Canada",3861.6254291502355,2773.4569710718356,2042.1737118390758,1744.6734060973527
"Calgary Confederation (Riding), Alberta, Canada",3771.136926497895,2979.652487661773,2561.349277656069,2410.2663011499694
"Lethbridge (Riding), Alberta, Canada",2557.484957002883,1809.0777710345624,1045.3212649304812,601.1492979968548
"Laurentides--Labelle (Riding), Quebec, Canada",1169.108140808206,481.7392572180457,183.90586500532632,109.03618873088914
"South Okanagan--West Kootenay (Riding), British Columbia, Canada",1809.5123645630617,1101.2668334568355,480.6129219635189,257.43460229454007
"Mississauga--Erin Mills (Riding), Ontario, Canada",6085.366640597898,5067.812195892013,3783.634752816607,2839.140208096745
"Victoria (Riding), British Columbia, Canada",5372.9645294992315,4660.819684561474,3420.5204827274465,2404.1499692059906
"Portneuf--Jacques-Cartier (Riding), Quebec, Canada",2037.9700078437165,914.0943043346043,286.0528230088722,153.82468691124961
"Louis-Saint-Laurent (Riding), Quebec, Canada",3426.0587331068364,2587.594355575977,1771.4977786635395,1430.790421504831
"North Vancouver (Riding), British Columbia, Canada",6004.677425037303,5271.782538427222,3071.1349428366875,2120.7196021811196
"Calgary Signal Hill (Riding), Alberta, Canada",3765.0806948135587,2698.3946843178155,1982.3261802154773,1771.493901305635
"Windsor--Tecumseh (Riding), Ontario, Canada",3271.5583503382554,2554.3133417830054,1825.5173720704747,1364.6611273436824
"Rivière-du-Nord (Riding), Quebec, Canada",3004.025952837487,1787.2698114981042,1073.5172336528628,763.5869796620086
"Haliburton--Kawartha Lakes--Brock (Riding), Ontario, Canada",1027.7561394338925,560.6212657639309,250.21616068846717,119.36372363140522
"Central Okanagan--Similkameen--Nicola (Riding), British Columbia, Canada",2461.930988154861,1462.4604775274106,824.9080655192201,494.5957517291914
"Oakville (Riding), Ontario, Canada",3726.1763202131556,2757.784392954705,1726.6491495478867,1509.4521313396644
"Surrey--Newton (Riding), British Columbia, Canada",6086.957829833586,5070.558706209862,3998.945029530618,3225.9734374147174
"Cambridge (Riding), Ontario, Canada",3552.5835917232257,2493.4835072368037,1508.7892003363156,1022.3747435109184
"Kootenay--Columbia (Riding), British Columbia, Canada",1406.6942468849538,827.6440302129284,331.41843195497523,143.85633300077976
"Pickering--Uxbridge (Riding), Ontario, Canada",3558.6651098556104,2560.4552824719904,1690.3894795874328,1287.0161687649625
"Red Deer--Mountain View (Riding), Alberta, Canada",2209.327485210306,1534.8603064595784,898.4641931933369,558.9277521802163
"Simcoe North (Riding), Ontario, Canada",1568.0524909142048,1010.4759288761767,485.56529163313434,279.31631335211983
"Barrie--Innisfil (Riding), Ontario, Canada",3081.8868421583566,2136.3795137410243,1105.777438932464,717.4264986235315
"Burnaby South (Riding), British Columbia, Canada",8232.236983918052,6862.860461029529,4420.841698148779,3638.108134327514
"Bellechasse--Les Etchemins--Lévis (Riding), Quebec, Canada",2162.549188125515,1437.8533173682006,690.049594099723,557.4467160627973
"Terrebonne (Riding), Quebec, Canada",3160.474168769812,2341.181643378567,1334.3329823333095,920.3516769320423
"Vimy (Riding), Quebec, Canada",5877.489940572866,4672.39675065216,3623.3019597606103,3519.1937022759244
"Toronto Centre (Riding), Ontario, Canada",28229.18930572734,24149.650416076875,13876.976602242285,8754.722397535235
"Kitchener South--Hespeler (Riding), Ontario, Canada",4374.2173189764035,2961.160230435682,1680.8065748767133,1360.2684024649218
"Niagara Centre (Riding), Ontario, Canada",2537.622768935134,1858.7670003172304,1155.4384462626676,763.6923828760672
"South Surrey--White Rock (Riding), British Columbia, Canada",3991.685981112408,3074.9084722780444,1942.9362332338965,1338.990188054689
"Grande Prairie--Mackenzie (Riding), Alberta, Canada",2021.9953655362842,1302.0954461400731,700.9856694550067,468.7771493355222
"Bow River (Riding), Alberta, Canada",1984.4752600669585,1162.8198815187413,440.1011239862316,184.18673096616692
"Ville-Marie--Le Sud-Ouest--Île-des-Soeurs (Riding), Quebec, Canada",14126.88663238442,10927.472074426725,7367.073022296808,5843.047136773677
"Dorval--Lachine--LaSalle (Riding), Quebec, Canada",7469.54241992389,5787.288030886746,3148.2710094353683,2413.2787409594494
"Salaberry--Suroît (Riding), Quebec, Canada",1854.883564310236,1151.450171119846,534.7562646091802,293.09326288554405
"Sherbrooke (Riding), Quebec, Canada",3335.6859219891676,2479.0131810081557,1700.3530408307709,1261.9849678395487
"Aurora--Oak Ridges--Richmond Hill (Riding), Ontario, Canada",4206.673570979319,2760.827509727996,1815.402090030232,1452.1081744629673
"Ottawa--Vanier (Riding), Ontario, Canada",6217.591937696725,4957.349743893175,3373.628026524142,2527.0248089940874
"Repentigny (Riding), Quebec, Canada",3261.724882902698,2663.5465683673724,1631.3656744407795,1016.1211702247188
"Montcalm (Riding), Quebec, Canada",2585.469345807893,1448.4885740707691,744.6260459929485,552.2506716322437
"Northumberland--Peterborough South (Riding), Ontario, Canada",1344.8381528512523,737.8930853193119,319.1304663561667,160.12778461886836
"Vancouver East (Riding), British Columbia, Canada",9333.010378225183,7729.357323518957,5767.300501199137,5295.366957299541
"Lévis--Lotbinière (Riding), Quebec, Canada",1985.1440494147005,1179.2224065865048,487.0206305117009,362.89790271352314
"Etobicoke Centre (Riding), Ontario, Canada",5802.309639274113,4475.095582886186,3544.6310546002333,3048.950496255577
"Willowdale (Riding), Ontario, Canada",15393.599431766203,11811.389806683947,6135.033497617729,4591.7469306314015
"Ahuntsic-Cartierville (Riding), Quebec, Canada",8233.15310255563,7016.401497711764,5766.994960577172,5634.903299711262
"Hamilton West--Ancaster--Dundas (Riding), Ontario, Canada",3530.7415056020873,2682.465469864625,1910.7848945095523,1609.7962620391124
"Mississauga--Lakeshore (Riding), Ontario, Canada",5149.2033659299495,3156.8936684744353,2132.0584955189297,2051.78876589149
"Toronto--St. Paul's (Riding), Ontario, Canada",16228.158821087243,12983.134050495135,7879.499007111862,7484.530033889993
"Laurier--Sainte-Marie (Riding), Quebec, Canada",13499.615197371877,12195.744056279285,9838.222422274683,7585.523543858542
"Mississauga--Malton (Riding), Ontario, Canada",6617.038591058049,5344.682084800044,3348.1430592285815,2459.7688677842875
"Mississauga--Streetsville (Riding), Ontario, Canada",5506.074293960621,4201.6756040877535,3133.27033484697,2537.912610816359
"York South--Weston (Riding), Ontario, Canada",7620.512447023616,5579.427821697205,4772.602637088483,4680.163337515261
"Kanata--Carleton (Riding), Ontario, Canada",3396.515425497612,2410.685594138578,1392.3263423587275,894.4655624263338
"Glengarry--Prescott--Russell (Riding), Ontario, Canada",1471.3549750610175,801.5482587287747,294.688547461392,128.72824150253538
"Ottawa West--Nepean (Riding), Ontario, Canada",5107.921699488058,3866.701620755624,2726.8283291982625,2161.7884569389385
"Mississauga East--Cooksville (Riding), Ontario, Canada",6882.397746638013,5478.4532233237705,4524.587927988743,3572.2971036317817
"Haldimand--Norfolk (Riding), Ontario, Canada",1239.6024843938258,738.9912088597558,318.8644708473963,128.46679325943717
"Etobicoke North (Riding), Ontario, Canada",8808.532068075145,5650.46302145754,3314.68236746424,2559.3651563601807
"Shefford (Riding), Quebec, Canada",2108.6087545564424,1415.173627531079,816.9804194965659,541.7619289386215
"Bay of Quinte (Riding), Ontario, Canada",1975.0519596664835,1309.620432686522,724.1801408209368,397.7732980721884
"Eglinton--Lawrence (Riding), Ontario, Canada",8389.17631490399,6966.474351019897,5654.019730153916,5389.492181280719
"Saint-Léonard--Saint-Michel (Riding), Quebec, Canada",9412.433466115155,7883.389262191546,6555.688422841537,6335.911851154565
"Thornhill (Riding), Ontario, Canada",5722.910528158494,4557.954610796646,3192.9094971017025,2885.3016207444334
"Calgary Nose Hill (Riding), Alberta, Canada",4208.17911904322,3068.77607168907,2472.694543372577,2044.1259976825881
"Foothills (Riding), Alberta, Canada",1881.3973620391805,1059.1142611364216,430.08019925044806,235.223329523596
"Longueuil--Saint-Hubert (Riding), Quebec, Canada",4692.107249460579,4000.339892399297,3171.1760445286814,2617.057173199915
"La Prairie (Riding), Quebec, Canada",3476.0397313909916,2394.418131050838,1527.5865387357976,1092.4047569805018
"Port Moody--Coquitlam (Riding), British Columbia, Canada",4615.31844870202,3427.5644018890703,2418.580614516946,2088.2179756815767
"St. Catharines (Riding), Ontario, Canada",3247.1974468048047,2587.29513461321,1986.7428858143646,1529.203771114483
"Saint-Jean (Riding), Quebec, Canada",2632.011255655107,1823.213053819095,1043.7868594473043,727.029910433573
"Brossard--Saint-Lambert (Riding), Quebec, Canada",4706.845629914586,3668.7673328363035,2722.0166098507616,2364.2347781029503
"Richmond Hill (Riding), Ontario, Canada",6150.454073877385,4252.620112868923,3059.9135345627265,2628.729909301943
"Trois-Rivières (Riding), Quebec, Canada",3006.2580070855793,2220.2975301792235,1404.2147966284267,1077.2839629859407
"Brome--Missisquoi (Riding), Quebec, Canada",1286.629724168605,750.8811316568372,347.00946884774413,173.62366943199243
"Perth--Wellington (Riding), Ontario, Canada",1574.695901882053,1057.79556551808,530.3841671137228,242.9010535188358
"Don Valley North (Riding), Ontario, Canada",10657.470480370275,7218.088414003673,4571.494372437531,4175.719611116178
"Chatham-Kent--Leamington (Riding), Ontario, Canada",1996.048526501854,1378.259640241798,795.1192706075608,431.8209789986499
"Kitchener Centre (Riding), Ontario, Canada",4309.869217321966,3377.8029690504845,2746.5091489616375,2338.8870978375376
"Winnipeg South (Riding), Manitoba, Canada",3953.340255859312,2835.247089123826,1969.713157501896,1520.9805541688465
"Saanich--Gulf Islands (Riding), British Columbia, Canada",2227.462281289207,1597.6826664779508,1000.3459895170433,784.0406963515778
"Scarborough Centre (Riding), Ontario, Canada",7422.15589614262,5656.442720182279,4175.158580323972,4116.716067029916
"Bruce--Grey--Owen Sound (Riding), Ontario, Canada",1031.5056813083172,638.6715443965563,287.53377656763524,131.11653858619326
"Rosemont--La Petite-Patrie (Riding), Quebec, Canada",10650.098387853981,11097.943135924694,10293.16734992503,8611.877531845234
"Huron--Bruce (Riding), Ontario, Canada",986.0574327280731,654.8699264411989,226.7233606414974,84.51813135947407
"Joliette (Riding), Quebec, Canada",1668.7246592237893,1027.130794419616,546.6089324909084,352.5844393203246
"Longueuil--Charles-LeMoyne (Riding), Quebec, Canada",5208.1372404115455,4477.1877452335275,3859.4595095065797,3325.281275786513
"Chilliwack--Hope (Riding), British Columbia, Canada",3254.631656665032,2053.444773791755,1114.4905492413382,620.7752272443703
"Hamilton East--Stoney Creek (Riding), Ontario, Canada",4242.5225856274365,3368.6210288442094,2135.428805465078,1642.0043583217084
"Saint-Maurice--Champlain (Riding), Quebec, Canada",1704.9429758623824,972.9558483589657,355.84103245840873,221.55300101203707
"Scarborough Southwest (Riding), Ontario, Canada",6936.410312756412,5738.704464242934,4443.240248498474,3700.662080660343
"Halifax West (Riding), Nova Scotia, Canada",4295.356997578119,2600.518544971598,1506.3762770717835,987.6149514268932
"Laval--Les Îles (Riding), Quebec, Canada",4566.473809435493,3632.1976740670434,2740.6289240347774,2365.6048276051624
"Edmonton Griesbach (Riding), Alberta, Canada",3722.3090780155057,2950.027689077902,2385.84449655539,2325.6894032523164
"Humber River--Black Creek (Riding), Ontario, Canada",8406.13277998229,6105.40952851377,3726.4600864884537,2934.5617900289535
"Lanark--Frontenac--Kingston (Riding), Ontario, Canada",1326.1396859463343,660.6103117557484,235.88722935633416,102.19913455073795
"Louis-Hébert (Riding), Quebec, Canada",4332.287483612078,3173.408793147001,2190.34894089039,1710.116914805448
"Lambton--Kent--Middlesex (Riding), Ontario, Canada",1096.8916214446974,614.719656177854,247.51470878350398,120.08285899181695
"Cariboo--Prince George (Riding), British Columbia, Canada",1817.0155127918667,1052.3467814255116,524.1332544620556,321.9379468213204
"Compton--Stanstead (Riding), Quebec, Canada",1524.6048686539996,805.5076259142337,416.63218688993055,282.0778347631458
"Beauce (Riding), Quebec, Canada",1348.9340565127575,782.9171220606019,319.4075756790782,174.25718554955216
"Hull--Aylmer (Riding), Quebec, Canada",4126.416675872507,3027.7538079860874,1701.0857890986147,1608.0724827633233
"Papineau (Riding), Quebec, Canada",12030.233407902795,11262.657134259181,8838.59770733108,8085.823780905844
"Delta (Riding), British Columbia, Canada",4191.098647832501,3104.6045598426067,2197.2928223398453,1551.5438908990504
"Richmond--Arthabaska (Riding), Quebec, Canada",1518.5424086492108,1047.421534442006,576.4204885122803,341.8440641587562
"La Pointe-de-l'Île (Riding), Quebec, Canada",6477.959221269797,5412.387528548358,3121.674206013138,1999.7918699753636
"North Island--Powell River (Riding), British Columbia, Canada",1527.6085921246092,980.9528296011268,481.59914537666464,271.558343005265
"Pitt Meadows--Maple Ridge (Riding), British Columbia, Canada",3628.661392962677,2300.9496794331803,1441.326505505898,910.7576490036007
"Abbotsford (Riding), British Columbia, Canada",4116.0761216084375,3117.1895385045764,2143.056988082349,1387.4908444537286
"Fort McMurray--Cold Lake (Riding), Alberta, Canada",2601.208822575061,1653.9546615607899,896.8796328654372,496.2593587865711
"Lac-Saint-Louis (Riding), Quebec, Canada",3084.421496044129,2501.570185665476,1771.8418369381213,1450.3877464993736
"Vancouver Granville (Riding), British Columbia, Canada",7930.384013506432,6766.955804682404,5628.843071820651,5187.03623341301
"Charlesbourg--Haute-Saint-Charles (Riding), Quebec, Canada",3550.3739030849365,2632.8906153639823,1902.7058291064004,1640.1461435222514
"Pierrefonds--Dollard (Riding), Quebec, Canada",4477.806906484679,3450.141638041886,2582.3665138464567,2161.0885530680216
"Provencher (Riding), Manitoba, Canada",1190.1227185406574,590.3698999553544,233.10444892691618,100.68404964765652
"Beaches--East York (Riding), Ontario, Canada",9886.23373140272,8187.830385325917,6420.068450508916,4963.479050033449
"Vancouver South (Riding), British Columbia, Canada",7044.065245044488,5913.153349158125,4998.873476470566,4286.842529751659
"Vancouver Quadra (Riding), British Columbia, Canada",6957.3057506923,5461.150527109711,3342.2481500438053,2896.687645666128
"Calgary Heritage (Riding), Alberta, Canada",3978.91169013851,2970.568360507559,2148.7798234820707,1646.989807665689
"Edmonton Centre (Riding), Alberta, Canada",5876.321979540876,4360.929693297567,2848.930058101424,2309.0674335219865
"Prince George--Peace River--Northern Rockies (Riding), British Columbia, Canada",1481.6745049540812,902.5995810143573,440.12939150380714,224.47514704823837
"Burnaby North--Seymour (Riding), British Columbia, Canada",6003.011111554766,4219.748721819279,2432.9201972437413,1953.772325730078
"Mount Royal (Riding), Quebec, Canada",8747.273919990832,8127.095501341801,6340.346292505689,5453.61912906517
"Medicine Hat--Cardston--Warner (Riding), Alberta, Canada",1804.8497281847408,1244.099566941897,687.6153252471931,431.3766884059959
"York Centre (Riding), Ontario, Canada",7558.163752729208,5575.932134815817,3697.3078669016963,3830.5953199297182
"Hochelaga (Riding), Quebec, Canada",9619.957758010312,8680.879440201707,6041.359309488329,5868.367181742023
"Vancouver Kingsway (Riding), British Columbia, Canada",8458.429946605987,7652.830957993575,6493.743399069568,5796.016811788814
"Battle River--Crowfoot (Riding), Alberta, Canada",925.3558198130169,578.096233309781,239.42061285139985,95.67793452313353
"Drummond (Riding), Quebec, Canada",1974.740982514162,1409.6221951947448,834.6960511172872,569.4651259964692
"Calgary Forest Lawn (Riding), Alberta, Canada",4327.330844379078,3541.150527195873,2620.7709998327728,2067.9449213788102
"Richmond Centre (Riding), British Columbia, Canada",6848.179327886544,5409.854731046906,4028.181935911456,2783.8521146194184
"Hamilton Mountain (Riding), Ontario, Canada",4170.265144205878,3639.4425766402696,3370.086425786096,3045.625069592116
"LaSalle--Émard--Verdun (Riding), Quebec, Canada",8998.714965681967,8652.96180995611,5336.7985988567825,4065.8248412582125
"Renfrew--Nipissing--Pembroke (Riding), Ontario, Canada",1211.9513734014315,693.8912889747983,333.5171735917225,151.34249112508445
"Gatineau (Riding), Quebec, Canada",3352.778591988056,2564.265611937003,1614.6743840989286,1212.581600545724
"Peace River--Westlock (Riding), Alberta, Canada",1056.352332392128,556.2026714034059,151.40372494345365,54.777322086915795
"Kitchener--Conestoga (Riding), Ontario, Canada",3011.527058142062,2152.155183789925,1258.7133322175177,961.2347459110284
"Sarnia--Lambton (Riding), Ontario, Canada",2216.642162361356,1572.4761177545788,970.8206583950391,610.1535841210122
"Halifax (Riding), Nova Scotia, Canada",5488.906288495475,4301.468668307971,2486.323882663392,1800.9836005294483
"Barrie--Springwater--Oro-Medonte (Riding), Ontario, Canada",2647.9551529490136,1936.4546321516066,1186.630411642723,856.6907933759649
"Vaughan--Woodbridge (Riding), Ontario, Canada",4441.853634887221,3298.8168343487678,2078.59594356686,1568.6459403339802
"Parkdale--High Park (Riding), Ontario, Canada",11609.689338204498,9415.786440166268,6263.2301111458,5779.4426577507575
"Hamilton Centre (Riding), Ontario, Canada",7826.096513504024,6671.315018445296,4376.361643611746,2926.132291125751
"University--Rosedale (Riding), Ontario, Canada",15177.45909391597,12804.456518936986,11560.392468528424,9994.389915435117
"Thérèse-De Blainville (Riding), Quebec, Canada",3483.152371588946,2501.0429706951018,1800.623377533959,1322.833557874392
"Lakeland (Riding), Alberta, Canada",1116.4892733226138,693.1619004527283,316.54749065671587,143.0894995340207
"Davenport (Riding), Ontario, Canada",10899.113558307858,9420.36516401186,8542.080806389231,7457.863774020897
"Bourassa (Riding), Quebec, Canada",9651.510251033043,8507.91719568655,5387.348148536063,4382.992313129889
"Notre-Dame-de-Grâce--Westmount (Riding), Quebec, Canada",9159.461433105667,8417.360514612159,6672.37832831709,6034.914088722598
"Rivière-des-Mille-Îles (Riding), Quebec, Canada",3369.549104519632,2541.7405532169532,1647.902376904883,1427.3002729316634
"Toronto--Danforth (Riding), Ontario, Canada",10047.316739247808,8595.632271533419,7030.147903015949,6731.217276543263
"Châteauguay--Lacolle (Riding), Quebec, Canada",2506.443857423835,1860.7265110543149,1085.932158888222,605.4440072567477
"Saint-Hyacinthe--Bagot (Riding), Quebec, Canada",2146.094238315041,1564.0306710146513,784.2036781118218,428.5846683896162
"Berthier--Maskinongé (Riding), Quebec, Canada",1329.1948097918976,637.4777336322188,212.3389612209615,102.3628877762587
"Marc-Aurèle-Fortin (Riding), Quebec, Canada",3967.5859453886374,3039.3287546150277,2171.0210584028914,1852.742250371805
"Honoré-Mercier (Riding), Quebec, Canada",6551.812327483585,5600.397159742336,3438.998124965073,2860.5349998250267
"Brampton Centre (Riding), Ontario, Canada",7202.442586453122,5128.226939902499,3704.262246608134,2913.1720441049233
"Stormont--Dundas--South Glengarry (Riding), Ontario, Canada",1897.8318290245047,1248.3369079626284,645.0853415026627,360.0953060773482
"Scarborough--Agincourt (Riding), Ontario, Canada",8326.575178774958,6443.932946615668,4636.497604680191,4246.806864073035
"Parry Sound--Muskoka (Riding), Ontario, Canada",1119.54465549831,442.9346450796288,145.7643094630522,69.75909141009627
"Leeds--Grenville--Thousand Islands and Rideau Lakes (Riding), Ontario, Canada",1294.0181485509866,727.1017753491379,272.21265801497475,140.1451728157678
"Lac-Saint-Jean (Riding), Quebec, Canada",1446.459638550132,848.032248124574,349.19445778672076,165.02748583994023
"Abitibi--Témiscamingue (Riding), Quebec, Canada",1443.1861610775147,772.7448087832657,297.8846517566804,135.30504843163354
"Outremont (Riding), Quebec, Canada",13321.62126760169,11500.319680574858,8507.595179684604,8023.515085835743
"Scarborough--Guildwood (Riding), Ontario, Canada",7669.30774456581,5261.129935954687,3866.2637664710164,3386.09860075049
"Pierre-Boucher--Les Patriotes--Verchères (Riding), Quebec, Canada",2586.7819381623617,1862.1295058999067,896.7459549846203,471.58167160808995
"Argenteuil--La Petite-Nation (Riding), Quebec, Canada",1431.489731816436,770.1696773023482,271.09112340638967,143.9991084902102
"Scarborough--Rouge Park (Riding), Ontario, Canada",5621.004862899454,4145.850238582596,2631.4841626426555,2085.316678110322
"Steveston--Richmond East (Riding), British Columbia, Canada",7119.190232808219,5575.085811336174,3253.787822900144,2325.138203183148
"Edmonton Strathcona (Riding), Alberta, Canada",3749.3262350859363,2906.6893443495796,2055.7676326778123,1888.452696133196
"Saint-Laurent (Riding), Quebec, Canada",8934.028540512698,7448.604269100776,5075.505104694116,4309.193588587058
"Alfred-Pellan (Riding), Quebec, Canada",3900.513458541796,2962.0126337326037,2159.7473832852215,2134.980583226245
"Don Valley West (Riding), Ontario, Canada",11819.737781254627,8429.222466946192,5065.84074068716,4943.2380214291015
"Elmwood--Transcona (Riding), Manitoba, Canada",3647.3027355440963,3130.2599904219283,2253.663154041227,1844.100846645872
"Selkirk--Interlake--Eastman (Riding), Manitoba, Canada",877.3246325402906,448.0968840163827,146.4241396178722,63.46420379173956
"Moncton--Riverview--Dieppe (Riding), New Brunswick, Canada",2808.528054636043,1988.4595508553443,1179.8175079610915,846.5661809678011
"Winnipeg North (Riding), Manitoba, Canada",4548.359080476461,3999.0883761715886,2897.321024493093,2381.980426316794
"Mission--Matsqui--Fraser Canyon (Riding), British Columbia, Canada",2662.1992749187257,1879.2701697728558,1111.4824703711074,629.9976492938838
"Hastings--Lennox and Addington (Riding), Ontario, Canada",1200.9684863778111,554.1535743959722,155.09049344713026,82.76785317451842
"Montarville (Riding), Quebec, Canada",3246.3347411608624,2422.255067622456,1296.7937622016414,794.9779210376714
"Portage--Lisgar (Riding), Manitoba, Canada",1310.9020356412088,782.8564889399934,303.7298347760821,121.17346493587223
"Yellowhead (Riding), Alberta, Canada",1186.7242407266867,599.1469432927735,175.39534011131337,62.650289137914754
"Québec (Riding), Quebec, Canada",7393.591434129782,6048.14228688429,3663.271301450547,2623.820145193455
"Regina--Lewvan (Riding), Saskatchewan, Canada",3488.300890919204,2868.723114172273,1885.195757068825,1308.2391727839004
"Markham--Thornhill (Riding), Ontario, Canada",6049.285515277566,4375.201565873695,3268.251753344774,2795.305375707677
"Niagara West (Riding), Ontario, Canada",1845.9752787781401,1133.0158084549018,528.1209750387328,288.7307193674912
"Montmagny--L'Islet--Kamouraska--Rivière-du-Loup (Riding), Quebec, Canada",1250.025602322734,699.5080928647637,263.83711230931834,116.61306478113244
"Bécancour--Nicolet--Saurel (Riding), Quebec, Canada",1524.5782111727635,923.2262856635541,417.45827664219473,259.6815988708062
"Dartmouth--Cole Harbour (Riding), Nova Scotia, Canada",3337.06396853375,2276.911418721581,1537.081963753378,1268.0257014548229
"Beauport--Limoilou (Riding), Quebec, Canada",5204.182672531854,4265.219284654335,3039.180442368518,2342.3749251879876
"Beauport--Côte-de-Beaupré--Île dOrléans--Charlevoix (Riding), Quebec, Canada",1913.7376160117178,1141.3113110498641,564.3226511837286,414.6423168642825
"Sudbury (Riding), Ontario, Canada",2576.123073236862,1703.2816417938996,1001.6076908343626,658.1318463734987
"Saint Boniface--Saint Vital (Riding), Manitoba, Canada",3996.676989090118,2873.5053890313566,2131.8576144153803,1994.2375599373602
"Don Valley East (Riding), Ontario, Canada",9448.324679887635,6476.598479963877,4131.304398623585,4167.914245339463
"Nickel Belt (Riding), Ontario, Canada",1622.0103865917106,731.0501430034352,259.4853311395851,132.84109807351732
"Winnipeg South Centre (Riding), Manitoba, Canada",4256.909202977003,3377.4449920087322,2598.188094497434,2402.2660302211916
"Scarborough North (Riding), Ontario, Canada",6957.984655737769,5385.772262229468,3655.2838888256265,3465.036808233948
"South Shore--St. Margarets (Riding), Nova Scotia, Canada",1214.2661606186707,395.6882773592246,108.45427296106314,57.8343197476622
"Saskatoon--Grasswood (Riding), Saskatchewan, Canada",3881.1021109406634,2811.8167123364515,2024.3238458220214,1549.9915249714256
"Kildonan--St. Paul (Riding), Manitoba, Canada",3364.667441769007,2662.3120570526053,2110.781347757137,1822.9676972962804
"Jonquière (Riding), Quebec, Canada",2030.0038739757083,1171.048453978347,600.9116179310878,365.660809149787
"Brandon--Souris (Riding), Manitoba, Canada",1835.7377561120747,1332.1837790318184,800.2266821201312,482.27902906567306
"Nipissing--Timiskaming (Riding), Ontario, Canada",1796.9223837840489,1210.6143711637246,581.7013225079548,336.8741493530315
"Sackville--Preston--Chezzetcook (Riding), Nova Scotia, Canada",2567.0429343159594,1065.747724085707,536.560907406878,346.70903600460576
"Skeena--Bulkley Valley (Riding), British Columbia, Canada",1326.2696609634766,710.2592597397164,253.88237507545125,106.22133818530028
"Dauphin--Swan River--Neepawa (Riding), Manitoba, Canada",760.0766794249975,446.59071567531925,117.85403264384554,38.44579692394119
"Regina--Wascana (Riding), Saskatchewan, Canada",3551.928003867595,2894.8876055842825,1838.605197807716,1291.5262501975851
"Mégantic--L'Érable (Riding), Quebec, Canada",1162.0107681275304,714.1385960123716,266.2052847587601,117.39541498202722
"Abitibi--Baie-James--Nunavik--Eeyou (Riding), Quebec, Canada",1883.9014314993308,1069.9709677170201,346.9604598590222,147.16684732017953
"Beauséjour (Riding), New Brunswick, Canada",1302.0439521022947,530.3377411816336,219.08260013558984,137.02282840354962
"Saskatoon--University (Riding), Saskatchewan, Canada",3711.933923198647,2720.374214418479,1703.597742665852,1346.4626953248257
"Manicouagan (Riding), Quebec, Canada",1594.5104625492356,1026.591445191196,377.407843267577,153.4752049573889
"Saskatoon West (Riding), Saskatchewan, Canada",3783.922422143512,2828.5543796300603,2010.4342358863616,1462.6464254464915
"Kings--Hants (Riding), Nova Scotia, Canada",1528.8362307426582,561.5013382452935,163.74198158231337,97.19796220245611
"Winnipeg Centre (Riding), Manitoba, Canada",6724.341022299879,5751.557416473079,4001.3918035626343,3014.1185511147555
"Fredericton (Riding), New Brunswick, Canada",2173.165144170315,1244.9274679545883,595.75104074533,442.6220836246877
"St. John's East (Riding), Newfoundland and Labrador, Canada",2617.239809016501,1575.3560163104894,934.968821678778,677.3492590333472
"Avalon (Riding), Newfoundland and Labrador, Canada",1623.5836711029717,732.2202131290599,333.7600502217704,213.64278276509077
"Rimouski-Neigette--Témiscouata--Les Basques (Riding), Quebec, Canada",1588.9687629071343,1025.0969419232263,529.574929351522,262.3030167586323
"Charleswood--St. James--Assiniboia--Headingley (Riding), Manitoba, Canada",3136.3956176230417,2298.602149670416,1596.2355824017766,1159.129984136307
"Fundy Royal (Riding), New Brunswick, Canada",1120.3396108593608,508.7651565609738,228.41902203596257,171.043372956594
"Carlton Trail--Eagle Creek (Riding), Saskatchewan, Canada",1188.8018463131386,823.6788681266959,281.30447923189934,85.36774288508117
"West Nova (Riding), Nova Scotia, Canada",821.5494014849406,327.20335108709554,101.18060938439847,58.91934004427445
"Thunder Bay--Superior North (Riding), Ontario, Canada",2017.5099593323218,1417.4535035421018,884.2326288058223,550.1640968321254
"Thunder Bay--Rainy River (Riding), Ontario, Canada",1966.1505519396035,1416.4474319198187,743.6599552740465,445.22817305259264
"Cumberland--Colchester (Riding), Nova Scotia, Canada",1223.8248593631415,604.3670097599872,275.26578910362275,151.09836958416238
"St. John's South--Mount Pearl (Riding), Newfoundland and Labrador, Canada",2875.837945853613,2019.8804340741663,1224.2521123766853,834.2396175934616
"Churchill--Keewatinook Aski (Riding), Manitoba, Canada",2456.4010190764393,926.4460279465131,219.07277473220108,77.55008101977006
"Long Range Mountains (Riding), Newfoundland and Labrador, Canada",1321.7700890645963,664.3748420948752,219.08205545992,111.09442100255872
"Saint John--Rothesay (Riding), New Brunswick, Canada",2288.354389082515,1425.8648041191805,637.8846556779101,440.64185307044505
"Prince Albert (Riding), Saskatchewan, Canada",1615.5732066381802,1191.9951129196488,579.7500377130223,318.79756900846127
"Chicoutimi--Le Fjord (Riding), Quebec, Canada",2029.3980151796643,1261.890219231155,752.7431411923951,526.8248475606213
"Moose Jaw--Lake Centre--Lanigan (Riding), Saskatchewan, Canada",1276.1641054842041,904.2930987421759,427.2513261746175,251.50434145655566
"Algoma--Manitoulin--Kapuskasing (Riding), Ontario, Canada",969.391277935427,519.7099094463769,165.31759581976883,63.60933335734011
"Sault Ste. Marie (Riding), Ontario, Canada",2179.0520950387927,1475.3460136906976,955.7565335811838,617.677011137031
"Timmins--James Bay (Riding), Ontario, Canada",1982.698286866238,1362.089218612865,525.7800923676843,249.44238702584497
"Regina--Qu'Appelle (Riding), Saskatchewan, Canada",1946.4966139119183,1359.630151392453,958.6979278144272,771.1041665940958
"Acadie--Bathurst (Riding), New Brunswick, Canada",988.0496393495218,363.2872691890493,115.87250156840946,66.48495891388484
"Gaspésie--Les Îles-de-la-Madeleine (Riding), Quebec, Canada",946.9898929909455,310.2236996703516,79.7720934525158,40.39709984107774
"Coast of Bays--Central--Notre Dame (Riding), Newfoundland and Labrador, Canada",1514.4975488225182,724.2195311535193,218.61629311110846,93.53678033671522
"Central Nova (Riding), Nova Scotia, Canada",1080.2754927090295,514.6858885715664,183.26470472751697,100.88081365405573
"Sydney--Victoria (Riding), Nova Scotia, Canada",1505.0812966130504,935.6038174329656,445.2178517644732,253.3798158578807
"Desnethé--Missinippi--Churchill River (Riding), Saskatchewan, Canada",1050.1914436588208,444.0644297217185,88.00159869793525,30.203211723870506
"Bonavista--Burin--Trinity (Riding), Newfoundland and Labrador, Canada",1078.4477170845519,360.65042055390745,65.08903103697853,29.91756494130504
"Yorkton--Melville (Riding), Saskatchewan, Canada",847.6473025775022,602.2196537961186,212.63572476292202,86.73739951894194
"Battlefords--Lloydminster (Riding), Saskatchewan, Canada",1314.6474247553367,854.7363098280003,390.9246555021433,170.55140836782425
"Souris--Moose Mountain (Riding), Saskatchewan, Canada",883.5663671190763,622.8399971793789,234.88618634054657,76.6226301061945
"Cape Breton--Canso (Riding), Nova Scotia, Canada",924.6913408102664,397.6874146974695,168.5936528575779,94.09322529632523
"Avignon--La Mitis--Matane--Matapédia (Riding), Quebec, Canada",1066.5114621974826,606.8626710010493,189.84080019365803,71.25211624285653
"Tobique--Mactaquac (Riding), New Brunswick, Canada",839.5334379855145,323.8466898218174,98.03207406753455,56.38771626185109
"Cypress Hills--Grasslands (Riding), Saskatchewan, Canada",905.3464147271327,619.5097283481767,227.6294457924826,94.1315057357666
"New Brunswick Southwest (Riding), New Brunswick, Canada",887.483785321261,291.15734199850726,64.54545241015116,36.02358848490007
"Kenora (Riding), Ontario, Canada",1429.5767412097414,571.3130116022894,154.76706922321233,64.30341944526221
"Madawaska--Restigouche (Riding), New Brunswick, Canada",1116.010697583719,555.6698186260957,164.85333946652761,81.77026720654733
"Miramichi--Grand Lake (Riding), New Brunswick, Canada",843.9613919318127,308.76854803722887,91.22710975166197,51.487501981312114
"Northwest Territories (Riding), Northwest Territories, Canada",1834.5309066418208,1270.5297487252717,429.2387191507323,197.79790811064382
"Yukon (Riding), Yukon, Canada",1528.2338031944619,889.6710049994657,254.90586322159467,136.5469467344484
"Cardigan (Riding), Prince Edward Island, Canada",896.9281135373745,364.7335937583198,139.80592022074208,110.91572698407911
"Malpeque (Riding), Prince Edward Island, Canada",780.5970117273849,271.2331591109758,81.72532821106371,66.53456152386313
"Charlottetown (Riding), Prince Edward Island, Canada",2496.594503068042,1724.3785741076153,935.2794302220027,603.5905367800766
"Nunavut (Riding), Nunavut, Canada",1863.906347765798,862.3063697123566,169.87822436507315,50.24941765123295
"Egmont (Riding), Prince Edward Island, Canada",1292.8173438041554,653.6408497241832,297.4404600240289,143.25714743260562
"Labrador (Riding), Newfoundland and Labrador, Canada",1257.0741076040708,766.7880355520809,232.10916570885576,81.72880467754742
