longname,Commute Car %,Commute Bike %,Commute Walk %,Commute Transit %,Commute Work From Home %,Commute Time < 15 min %,Commute Time 15 - 29 min %,Commute Time 30 - 59 min %,Commute Time > 60 min %,Households With no Vehicle %,Households With 1+ Vehicles %,Households With 2+ Vehicles %,Traffic Fatalities Per Capita Per Year,Pedestrian/Cyclist Fatalities Per Capita Per Year,Total Traffic Fatalities In Last Decade,Total Pedestrian/Cyclist Fatalities In Last Decade
"New York-Newark CSA, NY-NJ-CT-PA, USA",0.5916088239788974,0.006746171366685876,0.050628401695580166,0.23574204924817313,0.10494924226828366,0.1726281467543028,0.2802794490838204,0.3473040163143667,0.19978838784751013,0.2637420046138421,0.7362579953861579,0.4118553129411956,4.842542701064525e-05,1.702274240021077e-05,11837.0,4161.0
"Los Angeles-Long Beach CSA, CA, USA",0.8240481431623905,0.007288858170899345,0.020360853340722938,0.03243008008425215,0.10477087589455805,0.1876651843549314,0.3409365842881483,0.33381392955461925,0.137584301802301,0.06718836300382085,0.9328116369961792,0.6313357872077019,8.666544483300329e-05,2.9714479785545126e-05,16158.0,5540.0
"Chicago-Naperville CSA, IL-IN-WI, USA",0.7520229427968784,0.006487047887816655,0.027443016803028686,0.09709783453072508,0.1068973199654575,0.19277006297186988,0.3084646023922161,0.36858212026995235,0.13018321436596156,0.11634751662860744,0.8836524833713926,0.5304704183426274,6.881334387983873e-05,1.5363072261922955e-05,6871.0,1534.0
"Washington-Baltimore-Arlington CSA, DC-MD-VA-WV-PA, USA",0.7383509759001344,0.006623869322437639,0.026483372304242987,0.0805135318113788,0.13757404727705316,0.16139185139605786,0.3134911195039415,0.375964596074298,0.14915243302570255,0.0981077690558164,0.9018922309441837,0.5752768463098952,6.902302000424465e-05,1.7503876968396676e-05,6885.0,1746.0
"San Jose-San Francisco-Oakland CSA, CA, USA",0.7076226388479093,0.016621707935639933,0.03291970360352888,0.08708101841123321,0.14500004844826536,0.19564597406956047,0.3290978452746917,0.3235323322116279,0.15172384844411985,0.08800624652775964,0.9119937534722404,0.6082230507316679,6.882106287154899e-05,2.201688396561582e-05,6111.0,1955.0
"Boston-Worcester-Providence CSA, MA-RI-NH-CT, USA",0.7569958689362836,0.007099804401305885,0.04026448265617957,0.07061131724401051,0.11500182446651736,0.2251030028576751,0.32624690046108357,0.32811341736088867,0.12053667932035261,0.10746139432507697,0.8925386056749229,0.5496616740372587,5.327054442520031e-05,1.1318070871444202e-05,4509.0,958.0
"Dallas-Fort Worth CSA, TX-OK, USA",0.8566550572465212,0.0023826693974096556,0.01237814184897064,0.009940790703099505,0.10906349980748685,0.20766626096842628,0.35198785101273994,0.35140619065677275,0.08893969736206102,0.04535613166346982,0.9546438683365301,0.6410622462904523,0.00010227620575234784,2.0925420283821675e-05,8353.0,1709.0
"Philadelphia-Reading-Camden CSA, PA-NJ-DE-MD, USA",0.7724188948540454,0.006233686755264012,0.03175513063272323,0.07012788793841096,0.10941134384242032,0.2168232639513455,0.3457781537919027,0.3328731256189078,0.10452545663784417,0.11995179723949666,0.8800482027605032,0.533852618107441,8.34859482484686e-05,2.2697445758186157e-05,6161.0,1675.0
"Houston-The Woodlands CSA, TX, USA",0.8673250602961472,0.00347832828152111,0.012090476562742007,0.01807091910811046,0.08600438255275704,0.1798430787655667,0.3360680675082004,0.37926876363199563,0.10482009009423739,0.05474995525756157,0.9452500447424385,0.6311851773812335,0.00010110820434313453,2.558077155920536e-05,7407.0,1874.0
"Miami-Fort Lauderdale-Port St. Lucie CSA, FL, USA",0.8496523839880414,0.006511141705478252,0.014344312267700766,0.024193866145299375,0.09135471143566397,0.1692871315839026,0.35813902137652054,0.37201926034278016,0.10055458669679675,0.0744891911866941,0.9255108088133058,0.53051107659944,0.00011909670541119281,3.7803826274714255e-05,8128.0,2580.0
"Atlanta--Athens-Clarke County--Sandy Springs CSA, GA, USA",0.8251000861776963,0.0026738422811055105,0.01228412070997758,0.022399897089852294,0.12657816753455436,0.17699308212610218,0.33360001549673446,0.3615036878628376,0.12790321451432565,0.05517499149429571,0.9448250085057043,0.6267038588014983,0.00011448240798793481,2.514071427349676e-05,7764.0,1705.0
"Detroit-Warren-Ann Arbor CSA, MI, USA",0.864285043246075,0.0033156427602518356,0.017595955453726258,0.01414327605330378,0.09304369717206516,0.2249247014011716,0.38257106683642356,0.3211678684703497,0.07133636329205512,0.07943741380805898,0.920562586191941,0.5682940629671769,8.621755988267629e-05,2.2176550040380494e-05,4677.0,1203.0
"Seattle-Tacoma CSA, WA, USA",0.7336342994539126,0.01027075959079791,0.035284986291822654,0.0706752505145362,0.14130810092442248,0.1953836976030609,0.34008911559279487,0.3453211952794235,0.11920599152472075,0.07365458836651213,0.9263454116334879,0.622835332813446,5.9174548362524564e-05,1.4778495189821897e-05,2931.0,732.0
"Minneapolis-St. Paul CSA, MN-WI, USA",0.8024122898477927,0.006990663963122582,0.0222583152959081,0.03405968821769926,0.12689146944993604,0.2459113441147635,0.40047359280035705,0.2986559711121265,0.05495909197275294,0.06603016544075126,0.9339698345592488,0.630138136490543,5.352276430901889e-05,9.14645120158729e-06,2171.0,371.0
"Denver-Aurora CSA, CO, USA",0.7727246536452843,0.011225479788685773,0.022594230440802103,0.031337386791361006,0.15390353406653945,0.20550045461852073,0.3696895219327345,0.34905376768932356,0.07575625575942113,0.05304407826761643,0.9469559217323837,0.643789393901474,8.588239190188653e-05,1.7827771583746372e-05,3112.0,646.0
"Cleveland-Akron-Canton CSA, OH, USA",0.8694377355907242,0.0030304425194369634,0.01848229641695459,0.017690463323541017,0.08304059912619084,0.2711468930388658,0.4062334535380225,0.27538115905969124,0.04723849436342044,0.08821188907826163,0.9117881109217383,0.5592901169903461,7.797630168809309e-05,1.1318223220955887e-05,2742.0,398.0
"Orlando-Deltona-Daytona Beach CSA, FL, USA",0.8554675609278609,0.006277511478246486,0.010743133577107752,0.011327939978401088,0.10231712169151677,0.1865362616767219,0.3570835602194413,0.37003822943004855,0.08634194867378818,0.047011296297037576,0.9529887037029625,0.5796938371846833,0.00014066621755626146,3.8449918189518636e-05,4884.0,1335.0
"Portland-Vancouver-Salem CSA, OR-WA, USA",0.7671353273337068,0.018074047717190084,0.030843401268666443,0.04149726684215323,0.13348747934314154,0.25119412275444697,0.3781770677825028,0.2977090627537108,0.07291974670933928,0.07277566139759797,0.9272243386024019,0.6186449461744888,7.888473805877706e-05,1.99040703061752e-05,2588.0,653.0
"St. Louis-St. Charles-Farmington CSA, MO-IL, USA",0.8617009386011218,0.0030269117815537876,0.015441231945410876,0.01657990404417205,0.09618984947174197,0.23498276777577604,0.39490430106114466,0.3140747737087035,0.056038157454375806,0.06813739963090049,0.9318626003690995,0.5984376582060371,0.00012096123496702795,2.0308358838443927e-05,3538.0,594.0
"Charlotte-Concord CSA, NC-SC, USA",0.8369819794168787,0.0018163217165366907,0.013159320723130124,0.01220665299412447,0.12739485772525957,0.22650498710819617,0.37659517717490937,0.32327781279355683,0.07362202292333775,0.049215681986560754,0.9507843180134392,0.6335792504684924,0.0001113814007702065,1.9783679392976722e-05,3119.0,554.0
"Salt Lake City-Provo-Orem CSA, UT, USA",0.8211942306706045,0.007504291398799915,0.020376979398268855,0.022018118904177424,0.12232145820071995,0.2892265414132768,0.4210313296743811,0.24167906224945665,0.04806306666288546,0.040855248172795004,0.959144751827205,0.7233791201334094,6.671284488819304e-05,1.4919687286316204e-05,1802.0,403.0
"Sacramento-Roseville CSA, CA, USA",0.8137868801330699,0.013486641022975277,0.016194614824825943,0.0174413140659111,0.12940887826177389,0.23850925268705772,0.369986157510148,0.30499141650991607,0.08651317329287823,0.05631739823023606,0.9436826017697639,0.6479008031492142,0.00010847382770491686,3.152007717010135e-05,2908.0,845.0
"Pittsburgh-New Castle-Weirton CSA, PA-OH-WV, USA",0.8120209657231026,0.003150087926867657,0.030556610660713208,0.04280846558532966,0.10351071592072789,0.2556825136826142,0.35404826057250377,0.3119992359055386,0.07826998983934351,0.09916170424360649,0.9008382957563935,0.544268098909446,8.162841346202697e-05,1.0274115663961904e-05,2169.0,273.0
"Columbus-Marion-Zanesville CSA, OH, USA",0.8507238532258315,0.003197556995362852,0.020284855633290955,0.011915302709602588,0.10608731479536661,0.2613115373388054,0.4167001806592491,0.26841409377109576,0.05357418823084989,0.059885236296040895,0.9401147637039591,0.6138544844725602,9.85044307340113e-05,1.529059200140878e-05,2506.0,389.0
"Las Vegas-Henderson CSA, NV-AZ, USA",0.8639192762549555,0.005154286105688528,0.013429623581196872,0.0251756999608853,0.07262956013273646,0.21634247673655635,0.4417221020918862,0.2922413080978673,0.04969411307369016,0.07368034324288873,0.9263196567571113,0.5641367471419715,0.00010761488966410954,2.9798614324913183e-05,2723.0,754.0
"Kansas City-Overland Park-Kansas City CSA, MO-KS, USA",0.8657947920837668,0.002917984304996358,0.014086250003941255,0.007759221366392241,0.10152488720595373,0.2816030796197164,0.41057355987159677,0.26754722642100576,0.04027613408768124,0.0553992921739625,0.9446007078260374,0.630804556882332,0.00010610429937943026,1.4592801517334983e-05,2683.0,369.0
"Indianapolis-Carmel-Muncie CSA, IN, USA",0.8738369153127861,0.0031456976935688107,0.01596104333548232,0.00726133953258951,0.0929664980299046,0.26097370034599043,0.3847236820975498,0.3003556621264531,0.05394695543000654,0.055885139931762196,0.9441148600682377,0.6247408236725296,0.00011125313639161103,2.062174976750381e-05,2773.0,514.0
"San Juan-Carolina CSA, PR, USA",0.8984119548529124,0.0017455683384677717,0.024166597039272462,0.01610987917468636,0.04400977786865767,0.1774444176367672,0.34993053739122787,0.3398490491355973,0.1327759958364076,0.1456335666618378,0.8543664333381622,0.4429288791648288,,,0.0,0.0
"Raleigh-Durham-Chapel Hill CSA, NC, USA",0.8104965090628753,0.003555806624623682,0.014419745211177547,0.011928606826901776,0.15091075734348053,0.2151358415494737,0.39588284042822136,0.3184898705159169,0.07049144750638794,0.0460821032721648,0.9539178967278352,0.6470330703361022,0.0001040659979004457,1.8234342560778973e-05,2397.0,420.0
"Cincinnati-Wilmington-Maysville CSA, OH-KY-IN, USA",0.867082010089483,0.002104598547826983,0.018746216894169988,0.014143981522703939,0.09056249443495452,0.23662846298158832,0.4074275163451059,0.3041499902587027,0.05179403041460317,0.06996164300444897,0.930038356995551,0.6177796218283564,8.2241826727896e-05,1.273309300347064e-05,1886.0,292.0
"Nashville-Davidson--Murfreesboro CSA, TN, USA",0.8579469567763258,0.001857024021414319,0.011770446550145574,0.0074773564826217205,0.11211108684236173,0.21428922854035468,0.35762116963067725,0.340717455272885,0.08737214655608312,0.04201787091078989,0.9579821290892101,0.6627396352069597,0.00012850195832505115,1.9410608083958345e-05,2754.0,416.0
"Milwaukee-Racine-Waukesha CSA, WI, USA",0.85672903655038,0.004457689023085143,0.023413784605076402,0.02050297171432289,0.0883011408226168,0.28228511128284023,0.408034863919279,0.26388894479524905,0.0457910800026316,0.08023571531179453,0.9197642846882055,0.568364990237008,8.089826787116282e-05,1.4465253195505931e-05,1661.0,297.0
"Virginia Beach-Norfolk CSA, VA-NC, USA",0.8657888184697864,0.004555799740681153,0.030380718627053313,0.013300991477694354,0.07490757788280435,0.2526355881928347,0.40593947867287733,0.2805425707609786,0.0608823623733092,0.06535093459737051,0.9346490654026295,0.6263574963352636,8.451496284394456e-05,1.847760594496887e-05,1578.0,345.0
"Jacksonville-St. Marys-Palatka CSA, FL-GA, USA",0.8533889403384913,0.006477677433790537,0.013857829213566805,0.009063278865815923,0.10299022319458416,0.2079561643228149,0.38600811525434725,0.3444423811397965,0.061593339283041185,0.05863042921881841,0.9413695707811817,0.5856223113480088,0.00015438853891462033,4.088960556237049e-05,2677.0,709.0
"Greensboro--Winston-Salem--High Point CSA, NC, USA",0.8969042638340626,0.00240887275312672,0.013365998199208964,0.007598076827783241,0.07236293739227413,0.2764922889894126,0.4224215935604308,0.2483278138228836,0.05275830362727312,0.05813509140099115,0.9418649085990088,0.626845245950209,0.0001305384460203175,2.0291561423854146e-05,2213.0,344.0
"Louisville/Jefferson County--Elizabethtown--Madison CSA, KY-IN, USA",0.878370700399646,0.0023950409049659383,0.015160085055213489,0.013215037814388625,0.08096599153802712,0.2434045563882153,0.4372685419299174,0.27465092586217815,0.044675975819689115,0.06982372602137375,0.9301762739786263,0.6062082307133129,0.00014474788509759702,2.4392818342369617e-05,2249.0,379.0
"Greenville-Spartanburg-Anderson CSA, SC, USA",0.9053406584169348,0.002213756555966525,0.012797593326517179,0.003255438165028198,0.06635080142794586,0.25871439383553463,0.42002129914093594,0.2710699787382133,0.05019432828531612,0.059439371051907774,0.9405606289480923,0.6383891787970348,0.00018255163532532884,2.837487375165438e-05,2760.0,429.0
"New Orleans-Metairie-Hammond CSA, LA-MS, USA",0.8696584772892643,0.009390538002167069,0.02235412263443571,0.017532881577176154,0.0696722109467749,0.24510548962601922,0.377865681193274,0.28241146479992685,0.09461736438077997,0.09131817259585252,0.9086818274041475,0.518593711003292,0.00013288119213412372,3.3518982031834405e-05,2002.0,505.0
"Oklahoma City-Shawnee CSA, OK, USA",0.8984128991463806,0.0037474971019074905,0.016372642006533763,0.003557803772789551,0.06866336459760382,0.26559385886431613,0.42966978420631025,0.26269709675034786,0.042039260179025664,0.05038443921524736,0.9496155607847525,0.6289680805311885,0.0001230852204954247,2.5297884255838374e-05,1844.0,379.0
"Grand Rapids-Wyoming-Muskegon CSA, MI, USA",0.8861483127463822,0.004062385942047012,0.020867099148786962,0.010223787821792061,0.07327117859535155,0.3068155925522963,0.42650607136551727,0.22285314191468084,0.04382519416750553,0.057903442497435176,0.9420965575025648,0.6445906707308285,0.0001004000524879631,1.6150142491361354e-05,1492.0,240.0
"Hartford-West Hartford CSA, CT, USA",0.8408226523119735,0.0025503245173733465,0.023819490893377437,0.021781369345784424,0.10376354318670775,0.26920194325841534,0.4139893173757866,0.2649440678341592,0.05186467153163895,0.0820280100064046,0.9179719899935954,0.5878017548787225,8.562816593105617e-05,1.5452206460371837e-05,1269.0,229.0
"Birmingham-Hoover-Talladega CSA, AL, USA",0.9086288823576505,0.0017465078608573169,0.010815193354539948,0.0038143991384894968,0.06781258486811545,0.225202332990049,0.37069833581148404,0.3259564914285018,0.07814283976996518,0.05682976172636021,0.9431702382736398,0.6407462910235245,0.00017256722991089253,2.132132303444499e-05,2420.0,299.0
"Memphis-Forrest City CSA, TN-MS-AR, USA",0.9194682890915125,0.0013786296227376778,0.00904037993220119,0.005140735107321133,0.05684581839952736,0.222295041466938,0.42883024461547087,0.3070577860738376,0.041816927843753716,0.07269283192412145,0.9273071680758785,0.5737058744835408,0.00018794094328523984,4.230863381110182e-05,2572.0,579.0
"Harrisburg-York-Lebanon CSA, PA, USA",0.8681592102509991,0.003772203153530841,0.025274866420497314,0.008171264679582261,0.0866943550207659,0.28652551660028935,0.3920638372961393,0.25254920360609895,0.06886144249747235,0.06286776002835053,0.9371322399716493,0.6251537389209294,9.549837490639307e-05,1.3433077796048824e-05,1237.0,174.0
"Buffalo-Cheektowaga CSA, NY, USA",0.8625303970053834,0.0038611027623705403,0.02578451597038165,0.026785226372305137,0.07240122680947515,0.30767673011320207,0.4348263121171904,0.22308155386634737,0.034415403903259964,0.11800498448783127,0.8819950155121687,0.5039366775547403,5.9327429530589797e-05,1.2942704816293977e-05,738.0,161.0
"Albany-Schenectady CSA, NY, USA",0.8436852770260458,0.0030806088466090943,0.030881982525021646,0.025241674054466624,0.09021939090692224,0.2931166580171675,0.40385654345165856,0.2549931984952959,0.048033600035878005,0.09508776827205685,0.9049122317279432,0.5535415195651829,7.05443673681912e-05,1.478072459143054e-05,840.0,176.0
"Albuquerque-Santa Fe-Las Vegas CSA, NM, USA",0.8591203675760509,0.007693671535490055,0.01769223804925146,0.010505945195557663,0.09667732979237029,0.26145911634510927,0.4243360060135324,0.25843982293493567,0.0557650547064227,0.05707227262933162,0.9429277273706684,0.6072675838792997,0.00015014685712261264,4.074209662372016e-05,1780.0,483.0
"Rochester-Batavia-Seneca Falls CSA, NY, USA",0.855592041986687,0.0055654572910429695,0.028971982055822475,0.015588968522020763,0.08656172228910908,0.3181576057764062,0.43472142735093877,0.20910359855831814,0.0380173683143368,0.09877282270741229,0.9012271772925877,0.5483156940888162,7.308191687777811e-05,1.4210372726234633e-05,864.0,168.0
"Tulsa-Muskogee-Bartlesville CSA, OK, USA",0.9002802748380687,0.003044590883100087,0.013560052867895946,0.0033220535990476485,0.06827832510006443,0.3034135839109796,0.43564493898206597,0.22046741853375854,0.040474058573195915,0.05566422474807408,0.9443357752519259,0.6210123144470456,0.00013553978444010045,2.277339288843662e-05,1601.0,269.0
"Fresno-Madera CSA, CA, USA",0.8882179156002865,0.0051626930337338815,0.01483308785136791,0.008994178990305666,0.06841666407764818,0.27159674214353235,0.4355870968716748,0.23359430069909556,0.05922186028569738,0.06957852751660666,0.9304214724833935,0.6281497569431302,0.00015726644816473832,3.682713223945018e-05,1832.0,429.0
"Knoxville-Morristown-Sevierville CSA, TN, USA",0.8958282898561765,0.002037723620628864,0.012792481962619616,0.0042927535955623805,0.07949218936152055,0.24017452780372053,0.420999662458093,0.28717775619534264,0.05164805354284393,0.04803185112677764,0.9519681488732225,0.6601300001099866,0.00015602565908955353,1.6855957630173378e-05,1805.0,195.0
"Cape Coral-Fort Myers-Naples CSA, FL, USA",0.8614307580360517,0.008462974450859997,0.009586916877512792,0.005970230680685326,0.09785984923658253,0.2078463629740673,0.383470687473624,0.33999693971467876,0.06868600983762992,0.05016072759230648,0.9498392724076936,0.5410275480149777,0.00012608687235925875,3.264356569803558e-05,1433.0,371.0
"Tucson-Nogales CSA, AZ, USA",0.8361708378511469,0.01573361909170275,0.020303216683892567,0.016893984067702844,0.10109125034081819,0.23416286932927038,0.41847128366463027,0.3034225413709919,0.043943305635107406,0.07295966223488184,0.9270403377651182,0.5615898191103712,0.00011932889867308466,3.775998944186703e-05,1302.0,412.0
"Dayton-Springfield-Sidney CSA, OH, USA",0.8884257571675359,0.0028844477550438257,0.022487202244163635,0.0115576017877237,0.06929014057720641,0.3192464878671807,0.42891230310770456,0.20661132396764345,0.04522988505747123,0.06983856997320788,0.9301614300267922,0.6033475300802005,0.00011149121800022961,1.561244403627597e-05,1214.0,170.0
"El Paso-Las Cruces CSA, TX-NM, USA",0.8910609886804011,0.004241884457709447,0.014500473357213222,0.010245649750166543,0.060589723296291295,0.2552104735166322,0.44955729053081406,0.24894114730276576,0.04629108864978792,0.06536797944648651,0.9346320205535135,0.6208711394408458,9.867514378640599e-05,2.5541610775252204e-05,1074.0,278.0
"North Port-Sarasota CSA, FL, USA",0.8542134122194533,0.007504393473310795,0.01015876505842644,0.004508370100011922,0.11321498758263328,0.2263465794513581,0.4176461645161201,0.2954556928306068,0.060551563201914974,0.04403814879464354,0.9559618512053565,0.5387326671310392,0.00014300141768646844,4.049178073748145e-05,1508.0,427.0
"Omaha-Council Bluffs-Fremont CSA, NE-IA, USA",0.8779293104591332,0.002581732100445799,0.016597963473560712,0.007271358763264609,0.08808113346619123,0.3128983905076955,0.46199079251512115,0.1949117206193359,0.030199096357847437,0.055233466501733566,0.9447665334982664,0.6331679703741201,8.877644756864997e-05,9.653941047263505e-06,892.0,97.0
"Chattanooga-Cleveland-Dalton CSA, TN-GA-AL, USA",0.9064178253512839,0.0020621827411167314,0.014216876333406793,0.003945045243875491,0.06710715073935125,0.26153440483407525,0.4313357286845814,0.26109821432971714,0.04603165215162618,0.05421018593332158,0.9457898140666783,0.6466655480337453,0.00015777373124053847,1.7415911547779884e-05,1531.0,169.0
"Columbia-Orangeburg-Newberry CSA, SC, USA",0.8768734819437689,0.0022186120095914327,0.0389469703384148,0.0057082102513982165,0.0644634881699703,0.2520550892686064,0.39683359807010443,0.2897355696392378,0.06137574302205126,0.0572595307993398,0.9427404692006602,0.6097268317946252,0.00019822938903095677,3.2792984823785e-05,1886.0,312.0
"McAllen-Edinburg CSA, TX, USA",0.8786211249623436,0.0015636431450745203,0.01225379793140046,0.0024014115824355447,0.0725013986716204,0.3200649601732291,0.43045394787719293,0.20308096821591462,0.046400123733663236,0.06345673992200045,0.9365432600779997,0.5943552113561169,7.163438493179787e-05,1.8682589214701384e-05,671.0,175.0
"Little Rock-North Little Rock CSA, AR, USA",0.9136699158102009,0.0024842101235077467,0.012178428757483597,0.0038185026703136723,0.059389527891744606,0.2925070414286787,0.3956580005012953,0.26469428302027226,0.04714067504975367,0.05983055500629862,0.9401694449937015,0.6049866037592384,0.00016162134146809154,2.772216907893367e-05,1475.0,253.0
"Madison-Janesville-Beloit CSA, WI, USA",0.8067815734820384,0.015414711124920185,0.04248908439763859,0.026405945937106073,0.10180945528282301,0.3269807602150191,0.39322078643247105,0.2390521663533608,0.04074628699914902,0.06521491881197472,0.9347850811880254,0.5966810642389193,9.513911623890684e-05,9.777576611157863e-06,866.0,89.0
"Boise City-Mountain Home-Ontario CSA, ID-OR, USA",0.8501256401605355,0.013571151609150955,0.020215728435968923,0.002651284349617056,0.10455325984601052,0.2971114129135821,0.42117753577343503,0.24293880626812023,0.03877224504486266,0.03748756739779073,0.9625124326022093,0.6973610165942494,9.078710776029851e-05,1.1171988649259534e-05,772.0,95.0
"Des Moines-Ames-West Des Moines CSA, IA, USA",0.8517114414924722,0.005005246687158186,0.02241681911465653,0.011737721359124209,0.10226629026716397,0.3300051461480171,0.44716923068966274,0.1955872427249238,0.02723838043739635,0.05297528656804119,0.9470247134319588,0.6464221857548753,6.93647435421304e-05,8.985070407011709e-06,579.0,75.0
"Modesto-Merced CSA, CA, USA",0.8973279919335612,0.0045917119749795164,0.01491627144534766,0.00667171825424374,0.058213005926055245,0.30395940583268716,0.32097087503125366,0.22311726277863586,0.15195245635742324,0.05870619631065285,0.9412938036893471,0.6700235697450185,0.00015921734126222905,3.944465758680222e-05,1328.0,329.0
"Huntsville-Decatur-Albertville CSA, AL, USA",0.9138558199683692,0.0018636990557503491,0.007648184425449731,0.0021334449717142177,0.06760534483741774,0.2622482752619215,0.4149767436411938,0.27738085782552035,0.04539412327136445,0.04148288342043857,0.9585171165795614,0.6558526854284468,0.00015291791855469322,2.0062830914375752e-05,1250.0,164.0
"Spokane-Spokane Valley-Coeur d'Alene CSA, WA-ID, USA",0.8445508743921948,0.0052337803975918895,0.02351692499320195,0.01729779040902436,0.10188913157256047,0.3003724419036227,0.4294541642520867,0.2227847194639965,0.04738867438029396,0.06339531345814342,0.9366046865418565,0.656437544608594,8.046232092266922e-05,1.3496905445092901e-05,620.0,104.0
"Lexington-Fayette--Richmond--Frankfort CSA, KY, USA",0.8749762282132649,0.0037175644751568106,0.02854797283473099,0.00858953055049392,0.07683420078138228,0.3185151555932658,0.40438326346128045,0.22794164587663585,0.049159935068817995,0.06280248156642623,0.9371975184335737,0.6110330800524715,0.0001346307081013728,1.951944725203617e-05,1007.0,146.0
"Syracuse-Auburn CSA, NY, USA",0.855630249628574,0.0036333681469822195,0.03691031317573976,0.01833747664788681,0.07489445580382699,0.32651503587238473,0.4325421055309629,0.2020397649213866,0.03890309367526578,0.10741063644289447,0.8925893635571056,0.5419252269347121,7.679752947630044e-05,1.598255463527946e-05,567.0,118.0
"South Bend-Elkhart-Mishawaka CSA, IN-MI, USA",0.8896813893388769,0.008382015270497081,0.0275950878038884,0.0059035730140856195,0.06129661044356146,0.33974768544618994,0.42056914846969695,0.20397514438556252,0.03570802169855058,0.07166107412657612,0.9283389258734238,0.5956719122898329,0.00012446052306208405,2.0356331433864463e-05,911.0,149.0
"Springfield-Greenfield Town CSA, MA, USA",0.8348952339831441,0.004770905685564762,0.039466076611347906,0.020996283129715243,0.09175420674683456,0.2945501239067559,0.40520878445788494,0.24877864340539704,0.05146244822996209,0.11043799117574114,0.889562008824259,0.5238822417012131,7.766229345477065e-05,1.6876888817058814e-05,543.0,118.0
"Wichita-Arkansas City-Winfield CSA, KS, USA",0.9111721413913868,0.004795334269359551,0.015385802231034014,0.0044960116026106275,0.0545939857744594,0.3349348669758769,0.4575696944574095,0.17749605872580076,0.029999379840912808,0.05743019215393514,0.9425698078460648,0.6334865461931067,0.00012542976005939426,1.6240616331389777e-05,865.0,112.0
"Charleston-Huntington-Ashland CSA, WV-OH-KY, USA",0.9114813244556783,0.001852939324125143,0.022505193025953475,0.008930244916893586,0.04890252118724704,0.29195954325724677,0.41313174327720525,0.23296980247927046,0.06193891098627736,0.08654436930857726,0.9134556306914225,0.5543494525364884,0.00014160611142165084,1.9526737469722377e-05,950.0,131.0
"Jackson-Vicksburg-Brookhaven CSA, MS, USA",0.9328561982451749,0.001524593926977099,0.009503873153785317,0.0035288353815424982,0.04581661704598827,0.2403342094302496,0.422232036422653,0.28431858330819876,0.05311517083889857,0.05414387177272341,0.9458561282272766,0.6236163099465725,0.0001914900669235938,2.7570953774207445e-05,1271.0,183.0
"Portland-Lewiston-South Portland CSA, ME, USA",0.8199618108475807,0.0056461608862293485,0.03985395704434633,0.007120176452090197,0.12074994247618123,0.29410305909789747,0.3633881496005023,0.28378539661075947,0.05872339469084085,0.0668518194489173,0.9331481805510826,0.6096021903927329,7.996378998189498e-05,1.0712130356065177e-05,530.0,71.0
"Reno-Carson City-Fernley CSA, NV, USA",0.8613924433506006,0.006803977317953041,0.01971147570212785,0.01774701430522695,0.07887137394493789,0.29883964895665166,0.41082026483794154,0.23587237175476763,0.05446771445063923,0.05657506042431288,0.9434249395756871,0.6495740134587612,9.4838880293271e-05,2.5077588539086085e-05,624.0,165.0
"Toledo-Port Clinton CSA, OH, USA",0.903848422893934,0.003544094688754899,0.021480468933625037,0.00952952920528381,0.05507395853452722,0.3371440151571276,0.44230774523155447,0.17968080054698982,0.04086743906432832,0.07484474539914916,0.9251552546008508,0.5720153723667484,0.0001119682282419751,1.5774529393206432e-05,724.0,102.0
"Mobile-Daphne-Fairhope CSA, AL, USA",0.9122165300848498,0.0018399337761491337,0.009901563772767434,0.003037695993950926,0.06452117540228629,0.21781961204855751,0.4072180233497578,0.30981900846825294,0.06514335613343168,0.052486984729072296,0.9475130152709277,0.6177258043883449,0.00016489091831557587,3.0472336686837185e-05,1066.0,197.0
"Fort Wayne-Huntington-Auburn CSA, IN, USA",0.9136032791939834,0.003926212678943999,0.014465969388699478,0.005663244634665693,0.05602747570285385,0.3261267326749385,0.4192949357214032,0.20834414264147116,0.046234188962187124,0.057675819954657204,0.9423241800453428,0.6313287542887969,0.00012086090149836527,1.3790538760710908e-05,780.0,89.0
"Youngstown-Warren CSA, OH-PA, USA",0.908391412637004,0.0027382806612068484,0.01739149159136092,0.007759060012489089,0.05296042951170306,0.35077780093601546,0.3766034446823419,0.20511207533584616,0.06750667904579642,0.08390715423192176,0.9160928457680784,0.5679880323542178,9.920388107973629e-05,1.461624580171663e-05,638.0,94.0
"Visalia-Porterville-Hanford CSA, CA, USA",0.9200294514818327,0.00421812847895316,0.01433123005718671,0.004574052823183282,0.04938376551733324,0.3729019978017469,0.33730596467106844,0.2304303693316563,0.059361668195528204,0.05124168276411714,0.9487583172358829,0.6708013630616743,0.00016032352424034143,3.4206614344399866e-05,1003.0,214.0
"Lafayette-Opelousas-Morgan City CSA, LA, USA",0.911407177393383,0.0028236231681572277,0.018532626673461713,0.003769918500188303,0.05417922346576297,0.3165248890564985,0.36183452747885897,0.24038232749549454,0.0812582559691479,0.0821213895724801,0.91787861042752,0.5700919936125025,0.00017957586670751908,3.8340102928430165e-05,1096.0,234.0
"Savannah-Hinesville-Statesboro CSA, GA, USA",0.888139113374489,0.007157993156222754,0.021190418711944322,0.011143171358830722,0.059524767499338244,0.2754641796335444,0.38365663949020834,0.2801497761099771,0.06072940476627011,0.06213812080793409,0.9378618791920659,0.6076560738376862,0.00014665418695941097,2.7673927106523467e-05,832.0,157.0
"Springfield-Branson CSA, MO, USA",0.8978573400807954,0.0035319309541268083,0.019101338976466677,0.005954272980187229,0.06733516780602358,0.2802207178191965,0.4405961117010888,0.23914254858490366,0.04004062189481098,0.057513995479524856,0.942486004520475,0.6114487281832988,0.00014628978531129683,1.7241930954065366e-05,823.0,97.0
"Myrtle Beach-Conway CSA, SC-NC, USA",0.8879811542215493,0.002545865340438543,0.011104029099687496,0.005920807342358954,0.07992812355209358,0.25770870877953206,0.4388379071171666,0.24918710878601644,0.05426627531728489,0.04011753532852505,0.959882464671475,0.620068127265798,0.00018637789888409183,3.9199246503372776e-05,1027.0,216.0
"Pensacola-Ferry Pass CSA, FL-AL, USA",0.8510261616687085,0.007950026010639192,0.030604453692671535,0.0051308083435417885,0.09514440100015126,0.24591418040197452,0.40365811252520917,0.2849943204209858,0.06543338665183043,0.05516675939211125,0.9448332406078888,0.6063414443696136,0.00015933062843219393,4.500038414962079e-05,871.0,246.0
"Lansing-East Lansing-Owosso CSA, MI, USA",0.839060304528103,0.008583756714435047,0.030567668870673192,0.01923113736690786,0.09686015214919434,0.31594119342750016,0.43257507673002965,0.19166822105031112,0.059815508792158995,0.0665960782156713,0.9334039217843286,0.5831660295371428,9.347918056076423e-05,1.3116643912676405e-05,506.0,71.0
"Fayetteville-Lumberton-Laurinburg CSA, NC, USA",0.9017297501775736,0.0021794278320614135,0.035074415575559875,0.0047773322431573575,0.0455580646907972,0.29275867403535927,0.4229012274693881,0.2300259288373312,0.05431416965792154,0.07289506114230848,0.9271049388576915,0.5717843314923099,0.00021914362837110058,4.09266538553838e-05,1178.0,220.0
"Kalamazoo-Battle Creek-Portage CSA, MI, USA",0.8824970984191941,0.006041758499508669,0.026803731817097394,0.0103243704479556,0.06880082821428449,0.3529005584845379,0.4125489651099139,0.19269453588458557,0.04185594052096267,0.07074306482296445,0.9292569351770356,0.5881863009549783,0.00014215802263260882,2.0093670306062282e-05,757.0,107.0
"Columbus-Auburn-Opelika CSA, GA-AL, USA",0.8988803328409474,0.0033039358791703654,0.02200438776669674,0.006319432911746505,0.05879782184967993,0.3053063650377949,0.4433192176965533,0.20834494158726558,0.04302947567838618,0.07200650975695835,0.9279934902430417,0.5953971105276911,0.0001378003944204127,2.2017693874335914e-05,726.0,116.0
"Corpus Christi-Kingsville-Alice CSA, TX, USA",0.9163339638993224,0.003507229150253236,0.0140542983804584,0.009562399646223591,0.04799497133333163,0.3186525910249008,0.46379239161119257,0.17567994296558606,0.041875074398320646,0.06637933295369301,0.9336206670463071,0.5792341272350477,0.0001465885637621421,3.4365795742912786e-05,755.0,177.0
"Johnson City-Kingsport-Bristol CSA, TN-VA, USA",0.9125685579746725,0.001289012097402462,0.013994380381053915,0.002379359247893431,0.057978128390221144,0.29066894124564957,0.4195043957552414,0.24024717910950838,0.049579483889600644,0.05819790852499671,0.9418020914750033,0.6336614908271354,0.00013497661700045057,1.3012134300762861e-05,695.0,67.0
"Asheville-Brevard CSA, NC, USA",0.8593258209928126,0.0027835437898737917,0.01753589565305344,0.004504436395669029,0.10686724376633994,0.28121220424884363,0.467890351694308,0.21422093644006734,0.03667650761678116,0.04839560745895674,0.9516043925410433,0.627315990163574,0.00011852589641434264,1.9721115537848606e-05,595.0,99.0
"Davenport-Moline CSA, IA-IL, USA",0.9086848189633887,0.0031560753327796224,0.021378706592740514,0.006797010033895251,0.054519742306224535,0.3666934155108478,0.42080996766396933,0.17511312861762449,0.037383488207558345,0.07016607508355671,0.9298339249164433,0.6120682954633747,8.417384113295037e-05,1.3290606494676373e-05,399.0,63.0
"Cedar Rapids-Iowa City CSA, IA, USA",0.833726139669193,0.009864747223814687,0.03991761683334413,0.01611142960273474,0.0927575004777377,0.38486814390428664,0.405575682684118,0.17516218721038046,0.03439398620121507,0.05413059800371102,0.9458694019962889,0.6355114389188192,7.434631664892828e-05,5.974257587860309e-06,336.0,27.0
"Brownsville-Harlingen-Raymondville CSA, TX, USA",0.9044284465681482,0.0022634298456551917,0.016632097833714637,0.004167496659890312,0.0625091439085611,0.3331342844458298,0.4541062913018375,0.18666536021300034,0.026094064039332246,0.0677915129360314,0.9322084870639686,0.5662786456968729,8.069524850056443e-05,2.1080500310540706e-05,356.0,93.0
"Macon-Bibb County--Warner Robins CSA, GA, USA",0.9195820251596505,0.003454646419341748,0.013936054334593469,0.005168620917964164,0.049929518805664194,0.2645771161054996,0.44765164415819514,0.23718478303631127,0.05058645669999393,0.07337263263514386,0.9266273673648562,0.6044149002884734,0.0001782797383698891,3.446128963335485e-05,776.0,150.0
"Rockford-Freeport-Rochelle CSA, IL, USA",0.9072249134250414,0.0032311236345856135,0.013201736035849771,0.007954310601210771,0.060675561918107954,0.32198705633606484,0.3971107509686272,0.20754403099610316,0.07335816169920475,0.07862265375141353,0.9213773462485864,0.6019028370301087,0.00011327708540127201,2.0449615822947687e-05,493.0,89.0
"Appleton-Oshkosh-Neenah CSA, WI, USA",0.8864788021920066,0.006534748813427228,0.021924655492628366,0.00481507807305164,0.07527113475339953,0.36873608362963706,0.4239155769125866,0.17525328413942928,0.03209505531834696,0.047630119835449757,0.9523698801645502,0.6517856078220928,6.773091783829906e-05,7.2310588439465195e-06,281.0,30.0
"Tallahassee-Bainbridge CSA, FL-GA, USA",0.8658307177719019,0.005932041787137134,0.01886296519628317,0.013121614587359817,0.0889445500976651,0.265798509953444,0.4431728827366171,0.25394149559038887,0.03708711171955003,0.06691695562152301,0.9330830443784768,0.5704966697433084,0.000159791135338982,2.80420146737094e-05,661.0,116.0
"Hickory-Lenoir CSA, NC, USA",0.9233220251241909,0.0015573487739912765,0.008134662213082107,0.002131690165817847,0.04871317976352661,0.2932988455090404,0.4264029570009597,0.22317817357797082,0.057120023912029035,0.05027706224580631,0.9497229377541936,0.6768250462607853,0.00014492329312565874,2.1226138892141938e-05,594.0,87.0
"Peoria-Canton CSA, IL, USA",0.8989683524666461,0.0026871592571251143,0.01998470812463985,0.006875803377509804,0.06614290146713349,0.360219519430438,0.4108810442005326,0.1935508751112426,0.0353485612577868,0.06954785700849,0.93045214299151,0.596694034333987,0.00010810380947884023,1.2177210722903842e-05,435.0,49.0
"Saginaw-Midland-Bay City CSA, MI, USA",0.9020612205595364,0.004795270316027256,0.016987443726580682,0.0051052909215258775,0.06507977822070515,0.3521912591434057,0.39313092655729037,0.19966004401457238,0.05501777028473158,0.07708299739982229,0.9229170026001778,0.5885883536302006,0.00010094212651413188,1.457169805322114e-05,381.0,55.0
"Green Bay-Shawano CSA, WI, USA",0.8893481230068278,0.0020523864833354166,0.019569803717061823,0.004382325035506258,0.07850933702062547,0.36374065857792687,0.42623102199543966,0.1751553641433758,0.03487295528325772,0.04731882770764057,0.9526811722923595,0.6564655200517779,8.97603532538798e-05,1.0449712766869589e-05,335.0,39.0
"Gainesville-Lake City CSA, FL, USA",0.8436307362216637,0.020327634361532055,0.022886314452534754,0.02189366988710958,0.0805213541891439,0.25704572428637473,0.46514185324509094,0.23026426076052905,0.04754816170800544,0.06486643860542969,0.9351335613945703,0.5217847004876641,0.00020162281780181952,3.6609021118487555e-05,738.0,134.0
"Ponce-Coamo-Santa Isabel CSA, PR, USA",0.9327959556689259,0.00375736822884789,0.02386067538435492,0.0023746567206318694,0.02826907642443338,0.2605906715483734,0.4036774919049992,0.2661882516228254,0.06954358492380192,0.15046968353228365,0.8495303164677163,0.4196191283904627,,,0.0,0.0
"Lincoln-Beatrice CSA, NE, USA",0.8756195778774788,0.008252333373376311,0.032157985177137936,0.008079974511780481,0.07132000773003398,0.37044869127026114,0.44392202737815345,0.15009054812548508,0.035538733226100336,0.05155027407004522,0.9484497259299547,0.6304029457299452,7.957537694690278e-05,8.012798373125627e-06,288.0,29.0
"Erie-Meadville CSA, PA, USA",0.8751711216114766,0.004952275207711683,0.0380221180597175,0.011658349788345453,0.06163532328578733,0.37687151664280144,0.4021836321709252,0.18035806727039191,0.040586783915881636,0.10317694917162823,0.8968230508283718,0.5360626662725413,0.00011160777195939282,1.5782917246782823e-05,396.0,56.0
"Lubbock-Levelland CSA, TX, USA",0.9120803278588404,0.003066042057301989,0.021370679598604867,0.006144299421605205,0.048922304539818585,0.46917845606509323,0.39853839287434273,0.09886397934741405,0.03341917171315006,0.0582504954965298,0.9417495045034703,0.6000443842451153,0.00015981102637756814,3.3828611422988874e-05,548.0,116.0
"Midland-Odessa CSA, TX, USA",0.9321260139596302,0.0019367414953153533,0.013620071684587893,0.0019681821040055426,0.04302961705338612,0.3359353952702921,0.40371385203729565,0.187709856952303,0.07264089574010925,0.0442147066153241,0.955785293384676,0.6426888972852149,0.0002923109012870493,3.701625483634996e-05,995.0,126.0
"Medford-Grants Pass CSA, OR, USA",0.8462265686145358,0.013746929413314533,0.024828163382333655,0.007113687261230414,0.10014180879834464,0.40785711825290283,0.3942165271606204,0.1623006441390241,0.03562571044745266,0.05480237232814542,0.9451976276718546,0.6522708275285568,0.00014228406065219416,2.3125174643246008e-05,443.0,72.0
"Wausau-Stevens Point-Wisconsin Rapids CSA, WI, USA",0.8763768245724013,0.0047461269812841475,0.02543847305197722,0.0028463969092607016,0.08412542056313844,0.4247342617295,0.37172628608942027,0.1633399913399359,0.040199460841143786,0.04809301028627954,0.9519069897137205,0.6591430164828374,0.00010642676166836007,9.324399058557226e-06,331.0,29.0
"Springfield-Jacksonville-Lincoln CSA, IL, USA",0.8896319174860442,0.004831260094641677,0.01642061715451535,0.008004873763849138,0.07290810688277495,0.3734794302830237,0.4059233449477378,0.17977871508038254,0.040818509688855906,0.06877105157442683,0.9312289484255731,0.5731281480794747,0.00012900172758594983,1.0047873254182023e-05,398.0,31.0
"Amarillo-Borger CSA, TX, USA",0.9245492972472404,0.0029723230422249074,0.01412226852474192,0.0026138519215545665,0.04682529013756332,0.3491209101165833,0.46337908988341653,0.139847373699386,0.047652626300614204,0.05254296867773093,0.9474570313222692,0.6248913063588096,0.00019080011613920112,2.3850014517400137e-05,552.0,69.0
"Rocky Mount-Wilson-Roanoke Rapids CSA, NC, USA",0.9216070183104629,0.0009999747905514976,0.011268623480080325,0.004016705461206856,0.04791475845146745,0.35082655934192913,0.35208868412459016,0.22915066945569715,0.06793408707778352,0.08730910280470407,0.912690897195296,0.5912088290490866,0.00024208043719934754,3.116915500420784e-05,699.0,90.0
"Longview-Marshall CSA, TX, USA",0.9344764087244752,0.0021606580185783864,0.013725089004378596,0.0008347996889961946,0.042247411711748596,0.3262521042871897,0.3800791297437268,0.22690411286670184,0.06676465310238154,0.052509645024330594,0.9474903549756695,0.6230491847773416,0.00025857490285969865,3.354485226287982e-05,740.0,96.0
"Tyler-Jacksonville CSA, TX, USA",0.9067225287392874,0.004730256149333001,0.00812491056238375,0.004746156170003027,0.06315488210134666,0.2814446462212118,0.409556864275895,0.24764515198316342,0.0613533375197298,0.0421597187343045,0.9578402812656954,0.6643897538925178,0.0002250863887900638,3.2054556150071676e-05,639.0,91.0
"Fargo-Wahpeton CSA, ND-MN, USA",0.8791440307406907,0.005081489333510034,0.026566847754074727,0.00917583145620785,0.06808665694978182,0.44208498325785867,0.4288903265250982,0.09406880274130357,0.03495588747573964,0.06154572082298329,0.9384542791770167,0.6312153343482664,5.900072559898563e-05,3.664641341551903e-06,161.0,10.0
"Idaho Falls-Rexburg-Blackfoot CSA, ID, USA",0.8703988568066239,0.0033203042911780774,0.022989955028789765,0.017585003992770958,0.07736729290127368,0.45487923761627513,0.3331693406583394,0.1515838959193153,0.06036752580606997,0.039425920138471696,0.9605740798615283,0.7469649253551945,0.00011261509925585708,9.200580004563485e-06,306.0,25.0
"Rochester-Austin CSA, MN, USA",0.8333687053123838,0.005488755369832305,0.03428642521021921,0.03146154577987881,0.087395622168717,0.410894860506332,0.37085508536419026,0.17104914956576153,0.04720090456371625,0.06039472435714983,0.9396052756428503,0.646636303254576,7.884125875701125e-05,8.634995006720279e-06,210.0,23.0
"Harrisonburg-Staunton-Waynesboro CSA, VA, USA",0.8932907399788647,0.006558408557392134,0.030420367367682295,0.00460621314424466,0.05986463702879087,0.3334334403047827,0.3984743697551098,0.22746306052753507,0.04062912941257236,0.05730638707389944,0.9426936129261005,0.6720457883806925,0.000124136028566612,1.1877212609768432e-05,324.0,31.0
"Bloomsburg-Berwick-Sunbury CSA, PA, USA",0.8762100424820679,0.0063897207326415045,0.040706177310397405,0.0027857093112333693,0.06773626297095836,0.35162618707454285,0.37545638755824545,0.21709574100531376,0.05582168436189793,0.08266963517684552,0.9173303648231544,0.5977837372868496,0.00012143527149735137,8.951959116791931e-06,312.0,23.0
"Monroe-Ruston-Bastrop CSA, LA, USA",0.9227726187841869,0.003549576643749479,0.015378300972784902,0.006571513516130788,0.044177944627388846,0.36506148846006914,0.3712064759576283,0.21067609870416668,0.053055936878135854,0.08915288972747033,0.9108471102725295,0.5340037964878773,0.00017298735861610116,4.070290790967085e-05,442.0,104.0
"Lake Charles-Jennings CSA, LA, USA",0.9333844542930665,0.0011453329776282962,0.01904232470934851,0.0024768989597489985,0.03466727378626129,0.3354024116096035,0.4184134462114407,0.19397970566999748,0.05220443650895831,0.055113052805581424,0.9448869471944185,0.5895718149677617,0.0001798617656299089,3.652214891611687e-05,458.0,93.0
"Dothan-Enterprise-Ozark CSA, AL, USA",0.9405791253554683,0.004890092998232275,0.011989854738298363,0.0004707555145646003,0.03534509261394211,0.3119043113665112,0.3955422322700148,0.2410839665767018,0.05146948978677213,0.0569309462915603,0.9430690537084396,0.6190997442455229,0.00017770037588948695,2.3640848233634625e-05,451.0,60.0
"Lafayette-West Lafayette-Frankfort CSA, IN, USA",0.8547402431766,0.00946348099651392,0.048499277272340865,0.018161720942096858,0.06413570274636544,0.3946141895390982,0.4140750633704936,0.1547239408723775,0.036586806218030704,0.07356372579933164,0.9264362742006684,0.5901704820163551,0.00011309394444310288,1.2879025701705666e-05,281.0,32.0
"Redding-Red Bluff CSA, CA, USA",0.8897461826271612,0.009192031550207341,0.021417736879361025,0.003953888158560032,0.07078572150874712,0.3997932310371093,0.3896180215475023,0.15508760474480385,0.05550114267058452,0.06715693944609613,0.9328430605539039,0.6449486256715169,0.00019477063036324924,3.709916768823795e-05,483.0,92.0
"State College-DuBois CSA, PA, USA",0.8047470984247929,0.01225991390982001,0.05821825074465174,0.03381980821124766,0.08421337665854321,0.35445257855992224,0.3811456187932036,0.2083137910642561,0.056088011582617975,0.09125116535061578,0.9087488346493844,0.5726897977063669,0.00011644759439376041,1.1728534687141337e-05,278.0,28.0
"Bowling Green-Glasgow CSA, KY, USA",0.9121391003668178,0.0017086099878802546,0.026761962342868147,0.0019293854357524238,0.04659481177060923,0.3465244929559142,0.4043645999260011,0.19052223912716645,0.05858866799091826,0.05995699797537748,0.9400430020246227,0.638699293189129,0.00017789039903760018,1.0664892028633103e-05,417.0,25.0
"Columbia-Moberly-Mexico CSA, MO, USA",0.8781547904807623,0.007792675399492503,0.04009498662643176,0.006129552156916537,0.062367121596598504,0.4052188382873272,0.4118566739506106,0.14916844193722406,0.033756045824838155,0.05843891825364553,0.9415610817463544,0.6096746189602322,0.00010544905867425672,1.3716950721854533e-05,246.0,32.0
"Bend-Redmond-Prineville CSA, OR, USA",0.8036464290176555,0.02000057666246988,0.02015435332109537,0.0031524215018213005,0.14426172787298033,0.3925222098678066,0.37448476476071746,0.19471680312679093,0.038276222244684945,0.038732078853046706,0.9612679211469534,0.726836917562724,9.821024166894627e-05,1.3453457762869353e-05,219.0,30.0
"Bloomington-Pontiac CSA, IL, USA",0.8473653853310009,0.005377144345625754,0.03857961522717969,0.006633051761991611,0.09400699586946036,0.45884974380564236,0.34526168790495626,0.15788554940597768,0.03800301888342381,0.057876042533103175,0.9421239574668969,0.6047703617112131,0.0001048203882403221,1.574555188159345e-05,233.0,35.0
"Lima-Van Wert-Celina CSA, OH, USA",0.9270957222328801,0.003942067907155165,0.016852100517935734,0.003980433531555694,0.03790523690773028,0.4308629421382147,0.36438768592734394,0.16800255213941043,0.036746819795031034,0.0600213746423198,0.9399786253576803,0.665624748618118,0.00013403790319282827,1.544843630019038e-05,295.0,34.0
"Mansfield-Ashland-Bucyrus CSA, OH, USA",0.9166692600545651,0.003807093434579197,0.01812259463272446,0.00553947655058662,0.04341331341611412,0.3694124536404454,0.36818704318216255,0.18335610644804504,0.07904439672934717,0.07989643895348848,0.9201035610465115,0.6101925872093037,0.00010847371107708016,1.2761613067891782e-05,238.0,28.0
"Eau Claire-Menomonie CSA, WI, USA",0.861676480341282,0.008218392349814984,0.03262262612140305,0.004068866005251908,0.08776741143046685,0.39980940404377735,0.38731259701727333,0.16846128151219125,0.044416717426757964,0.052679084270124174,0.9473209157298756,0.6533777209907489,9.381596434993355e-05,1.0117407920090872e-05,204.0,22.0
"Pueblo-Cañon City CSA, CO, USA",0.9149034419882311,0.0045230117101009845,0.016102868915542773,0.004582213434055176,0.05527072948364222,0.3597488375590627,0.38961510985223496,0.17804459261301653,0.07259145997568585,0.07120477478228768,0.9287952252177123,0.6247721613990783,0.0001529242149967066,1.9806449532705974e-05,332.0,43.0
"Greenville-Washington CSA, NC, USA",0.8854067194552181,0.0018432604698997317,0.01797433552139789,0.008704422116129026,0.08016468192607434,0.37993852509605813,0.3649547489834146,0.19470853631750795,0.06039818960301926,0.08134829957754176,0.9186517004224583,0.5961566328179857,0.000141003685640892,2.6525445813633152e-05,303.0,57.0
"Mayagüez-San Germán CSA, PR, USA",0.9182201289231582,0.001417887134820788,0.029987373221233574,0.009148111305581196,0.037293825089621535,0.2869939392313547,0.4023550123721784,0.2536458037502439,0.05700524464622297,0.16881961076347254,0.8311803892365275,0.40148941741968586,,,0.0,0.0
"Joplin-Miami CSA, MO-OK, USA",0.9108519302125307,0.0037317796655219585,0.015841457839395234,0.0018286783546147504,0.06043144050947838,0.37311169701153113,0.42207461554999753,0.16748328109264152,0.0373304063458298,0.05995171175632939,0.9400482882436705,0.617755215749394,0.0002021786163046662,2.3618997231853528e-05,428.0,50.0
"Johnstown-Somerset CSA, PA, USA",0.8910983665718023,0.0021170844098648486,0.025775780644418034,0.00606972604743164,0.06454586260271213,0.3433086196475597,0.36128435872115466,0.22879266108215507,0.06661436054913049,0.09335752664515094,0.906642473354849,0.5736186342284288,0.00010839090094516865,8.671272075613492e-06,225.0,18.0
"Bloomington-Bedford CSA, IN, USA",0.8244413578986074,0.011244331876302098,0.04983863719923197,0.016840965725724043,0.09240573552841183,0.3498897240851602,0.38680965026781267,0.19293784039249254,0.07036278525453468,0.0680564943612363,0.9319435056387637,0.5912341243018246,9.41519048774569e-05,1.2132977432661976e-05,194.0,25.0
"Morgantown-Fairmont CSA, WV, USA",0.8564864417099851,0.0017489564886612793,0.04210612746452025,0.011532181847110306,0.07981874916858185,0.3009104322689089,0.38198869948361064,0.252237186947031,0.06486368130044946,0.07555180673431502,0.924448193265685,0.5793681606695487,0.00010191030873728032,9.681479330041632e-06,200.0,19.0
"Sioux City-Vermillion CSA, IA-SD-NE, USA",0.9014537188772017,0.0027911402442247525,0.029772162605063872,0.007654490669767894,0.054712692287359734,0.4558886030645333,0.3833128285426703,0.13122693211050127,0.029571636282295113,0.06036408309135531,0.9396359169086447,0.650575161938798,9.863329923139475e-05,1.3640775425618426e-05,188.0,26.0
"New Bern-Morehead City CSA, NC, USA",0.9095050126142713,0.004884028088394352,0.01614920136122777,0.0019631877610212655,0.05816145765315491,0.35152446743332316,0.35806432901421104,0.24048938586863255,0.04992181768383314,0.0531965972764695,0.9468034027235304,0.6391295011107823,0.0001365090575604408,2.3190727925325855e-05,259.0,44.0
"Jonesboro-Paragould CSA, AR, USA",0.9381208979237428,0.0008682994100671685,0.015093086804402854,0.0041499604157622045,0.0372091835431724,0.3861140583554381,0.38112732095490653,0.17677718832891268,0.05598143236074266,0.05959964932787865,0.9404003506721214,0.5980274693161879,0.00018673721183558233,1.88960273881244e-05,336.0,34.0
"Elmira-Corning CSA, NY, USA",0.8913193330165049,0.00748782249095112,0.03160030813267559,0.00815658421947133,0.05486408207743892,0.4136523155115523,0.3562361234416623,0.17639442736917516,0.053717133677610246,0.09615954073488182,0.9038404592651181,0.5533176603373074,8.435686327439601e-05,1.1247581769919466e-05,150.0,20.0
"Rapid City-Spearfish CSA, SD, USA",0.8818587283476823,0.006845762887667227,0.030022242966958143,0.005382106512694616,0.06970231303806627,0.41513360835470353,0.40979422950657224,0.13708948105201818,0.03798268108670598,0.0499177337434725,0.9500822662565276,0.6698762429358357,0.000164010164010164,1.559251559251559e-05,284.0,27.0
"Ithaca-Cortland CSA, NY, USA",0.7185116456767044,0.012402952694128718,0.09698590511536526,0.04676008677973496,0.11892644189441809,0.3734687872640264,0.39065863441376447,0.19820977808062226,0.03766280024158696,0.1121686372630785,0.8878313627369215,0.525405157893015,7.407455964968633e-05,1.7699231066739213e-05,113.0,27.0
"Williamsport-Lock Haven CSA, PA, USA",0.8908336970755123,0.003870216790339015,0.034322712061690935,0.008467917939764305,0.056045395024007294,0.4068867720953203,0.3507660532075569,0.18994112025648058,0.05240605444064238,0.08918235646330779,0.9108176435366921,0.6056150622047782,0.00014178504068900936,1.714609794378718e-05,215.0,26.0
"Parkersburg-Marietta-Vienna CSA, WV-OH, USA",0.9098857805002813,0.0032238988415438426,0.023205854322669285,0.007335537943802656,0.05265764879676323,0.3381431167758296,0.42499589966954904,0.1860107759536825,0.05085020760093893,0.07648572940046616,0.9235142705995338,0.5983898270284785,0.00012260238639180508,1.540904309842359e-05,183.0,23.0
"Jackson-Brownsville CSA, TN, USA",0.9000789764650133,0.0013583951982309294,0.014500078976465044,0.00477017848681094,0.049802558837466364,0.34644347291254585,0.40981099456422326,0.19211396844922476,0.05163156407400613,0.07841289782244618,0.9215871021775538,0.6069409547738699,0.00021900918621864415,1.6898856961315135e-05,324.0,25.0
"Cape Girardeau-Sikeston CSA, MO-IL, USA",0.9193919796269207,0.0017725644415393796,0.013142527345828024,0.0025869859417061267,0.056575432503516876,0.3841933290371664,0.3731671222926189,0.18706288904192903,0.05557665962828567,0.06153710225145402,0.938462897748546,0.6149810336350698,0.00016007671879610504,1.8442018294482148e-05,217.0,25.0
"Paducah-Mayfield CSA, KY-IL, USA",0.9281223658330991,0.002001966844619275,0.012064484405731941,0.004021494801910641,0.044394492835066086,0.4367097912378726,0.36241179064980805,0.16934357541899375,0.031534842693325585,0.05972167446053311,0.9402783255394669,0.6278100174657721,0.00020767280816501492,1.6998130205677375e-05,281.0,23.0
"Edwards-Glenwood Springs CSA, CO, USA",0.7654653896733572,0.021041165765598172,0.037433084045111024,0.05600350686096087,0.11087791076101543,0.31986733199868556,0.30092329757671715,0.28441449786356743,0.09479487256102997,0.038351920693928024,0.961648079306072,0.716893845518382,0.00013058898600620299,1.6323623250775373e-05,176.0,22.0
"Manhattan-Junction City CSA, KS, USA",0.8353919909757476,0.008615341229554426,0.07068527918781675,0.0019599548787366037,0.07547941342357622,0.5029511797093045,0.32798511446306916,0.1317125993258803,0.037351106501746154,0.04729106451017825,0.9527089354898218,0.6323719328454562,9.847365829640571e-05,1.2682213568476492e-05,132.0,17.0
"Hot Springs-Malvern CSA, AR, USA",0.9251929352959002,0.000720198670885361,0.019009635756613862,0.00289974728014369,0.03879694979527106,0.3550360124118047,0.35712515926358535,0.20541920191867757,0.08241962640593227,0.06584674655948437,0.9341532534405157,0.5992146548370949,0.00025821754828442967,2.6272134273125108e-05,344.0,35.0
"Findlay-Tiffin CSA, OH, USA",0.9063672794351502,0.004277717702436247,0.02943515043572303,0.0027192926658609617,0.04998091724445024,0.45946669791265526,0.33862841264793087,0.16474448034013517,0.037160409099278625,0.05491645607815002,0.9450835439218499,0.6396107569871392,0.0001261645216133673,1.0770142088945988e-05,164.0,14.0
"Mankato-New Ulm-North Mankato CSA, MN, USA",0.8491484534305982,0.004566472328326491,0.0316206668772798,0.01043970246129989,0.0965421178092419,0.5356433283000884,0.3097989350711279,0.1166017642851457,0.03795597234363803,0.05832136588479299,0.941678634115207,0.6573520025530555,7.337153802190334e-05,4.633991875067579e-06,95.0,6.0
"Rome-Summerville CSA, GA, USA",0.9109765448361283,0.001828441106501781,0.035231897450012796,0.0014745492794369206,0.042702947132493244,0.3075722412766214,0.3951859686595068,0.2373539257768371,0.059887864287034666,0.08266737702006759,0.9173326229799325,0.6128573965547846,0.00018616095638167852,2.8328841188516294e-05,230.0,35.0
"Moses Lake-Othello CSA, WA, USA",0.8842335621207597,0.004734905003481552,0.019735402367452595,0.007380881328956551,0.07177956828807332,0.41779368583492266,0.3045416550571186,0.22545384401054552,0.052210815097413155,0.048125048125047934,0.9518749518749521,0.7259567259567277,0.0002229905792744037,1.5868243468965056e-05,267.0,19.0
"Kokomo-Peru CSA, IN, USA",0.919078252520403,0.007566010561689872,0.01342294767162746,0.0020163226116178645,0.05221315410465696,0.4030310397925287,0.3543642110381713,0.17288678174892563,0.06971796742037445,0.056271172263811724,0.9437288277361882,0.6166408765839987,0.00014964052833974254,1.0867747868249459e-05,179.0,13.0
"Victoria-Port Lavaca CSA, TX, USA",0.9130171047882588,0.002757221780110885,0.01803372083207657,0.008271665340332647,0.05398938323487376,0.4023299296768407,0.3643041308104857,0.1862600564100303,0.04710588310264337,0.05687978852099098,0.9431202114790089,0.6229893812446794,0.00018069593265276828,2.0264964409656255e-05,214.0,24.0
"Quincy-Hannibal CSA, IL-MO, USA",0.9035423249625811,0.00182936969898553,0.02544486944952616,0.00323373431638856,0.058299610104033756,0.46652407676307955,0.3205133236529177,0.18054628939209502,0.03241631019190768,0.06787477973328705,0.932125220266713,0.6269280135749556,0.0001447897495835114,1.2211183699814216e-05,166.0,14.0
"Mount Pleasant-Alma CSA, MI, USA",0.8741443650709031,0.007314212602622877,0.05132743362831851,0.006781106727796118,0.05403561147243859,0.47755911724262406,0.2941547755911719,0.16866166227091306,0.05962444489529098,0.07013006769605215,0.9298699323039479,0.6075910854187253,0.00014130281192595734,1.978239366963403e-05,150.0,21.0
"Richmond-Connersville CSA, IN, USA",0.906859927527177,0.000849681369486443,0.027314756966137662,0.0029988754217168605,0.04710733474946908,0.41940729084710304,0.319459742984526,0.19255179648570647,0.0685811696826645,0.07564221942268731,0.9243577805773128,0.5880210330284281,0.00013451768184900666,1.1117163789174107e-05,121.0,10.0
"Dixon-Sterling CSA, IL, USA",0.9268973214285715,0.004755434782608684,0.02474767080745334,0.005337732919254653,0.03316673136645964,0.42026148711385364,0.3347637330924246,0.17378102336319648,0.07119375643052514,0.06280311699634859,0.9371968830036513,0.5994496212740452,0.00014248185582617213,6.678836991851818e-06,128.0,6.0
"Pullman-Moscow CSA, WA-ID, USA",0.7305538722579081,0.017500908980729653,0.13608047509392715,0.024312204581262827,0.08025693855290351,0.500079063883618,0.3152013493569477,0.14985241408391248,0.03486717267552177,0.07572072606477531,0.9242792739352246,0.6145153636255816,9.029603383243798e-05,5.714938850154303e-06,79.0,5.0
"DeRidder-Fort Polk South CSA, LA, USA",0.910815196105858,0.004951602976556802,0.026072847311587256,0.0004196273708946449,0.0455435573210988,0.34037751333606936,0.3197725540770265,0.24245266428278317,0.09739726830412108,0.07323207577984656,0.9267679242201534,0.6145026947574704,0.00017819669632703782,1.2895813549983e-05,152.0,11.0
"Columbus-West Point CSA, MS, USA",0.9221708568171744,0.003293015008549182,0.010448989930973358,3.166360585143442e-05,0.0562978912038502,0.3346530667024549,0.47158099583948526,0.14810092605019504,0.045665011407864754,0.07495638169373217,0.9250436183062678,0.6131056234062541,0.0001651293298071341,1.1610656002064116e-05,128.0,9.0
"Martin-Union City CSA, TN-KY, USA",0.9077851790174846,0.0020469053566472533,0.025117957257840936,0.0010407993338884343,0.03188315292811573,0.3965597563160725,0.35585020605626283,0.19426626052678636,0.05332377710087834,0.08148570613816235,0.9185142938618376,0.5892564340201022,0.00018090137314113157,8.54652156572275e-06,127.0,6.0
"Clovis-Portales CSA, NM, USA",0.9371559633027521,0.007044560943643524,0.023197903014416852,0.0016382699868938446,0.023296199213630586,0.5404072595524846,0.2855177966385986,0.14542587809050964,0.028649065718407175,0.04722001588562344,0.9527799841143766,0.6020651310563935,0.00015084071516244954,2.0703627571316604e-05,102.0,14.0
"Cleveland-Indianola CSA, MS, USA",0.9396500989781178,0.0,0.017869562891231067,0.0025680808945481763,0.030335455566850356,0.48234385345398295,0.2885124696534987,0.18428602957404536,0.044857647318472915,0.10422721941767382,0.8957727805823261,0.5158329508949073,0.00024755951962918745,4.038204930121497e-05,141.0,23.0
"Oskaloosa-Pella CSA, IA, USA",0.8735426336756701,0.0051167720478052636,0.04645298051971768,0.002265999049742328,0.06509265012243694,0.5022673964034399,0.26551993745113367,0.17881157154026614,0.053401094605160265,0.039448626099574,0.9605513739004261,0.6994649496689965,0.00012409179195741312,3.596863534997482e-06,69.0,2.0
"Steamboat Springs-Craig CSA, CO, USA",0.8204381028938905,0.029190112540192933,0.031049035369774904,0.017282958199356928,0.10003014469453383,0.4882487578853348,0.20733545469770553,0.2152068330262936,0.08920895439066609,0.036608609924416745,0.9633913900755833,0.6686822214919496,0.00013640775425618427,0.0,52.0,0.0
