longname,White %,White % (2010),White % (2000),Hispanic %,Hispanic % (2010),Hispanic % (2000),Black %,Black % (2010),Black % (2000),Asian %,Asian % (2010),Asian % (2000),Native %,Native % (2010),Native % (2000),Hawaiian / PI %,Hawaiian / PI % (2010),Hawaiian / PI % (2000),Other / Mixed %,Other / Mixed % (2010),Other / Mixed % (2000),Racial Homogeneity (2000) %,Racial Homogeneity Change (2000-2020) %,Racial Homogeneity (2010) %,Racial Homogeneity Change (2010-2020) %,Racial Homogeneity %,Segregation (2000) %,Segregation Change (2000-2020) %,Segregation (2010) %,Segregation Change (2010-2020) %,Segregation %,Mean Local Segregation (2000) %,Mean Local Segregation Change (2000-2020) %,Mean Local Segregation (2010) %,Mean Local Segregation Change (2010-2020) %,Mean Local Segregation %
"Central District of California, CA, USA",0.3016932232051962,0.3445678878649396,0.39961005077354933,0.45980043937567444,0.4451548025153285,0.39812151911319427,0.059591487153082226,0.0638699209863143,0.07129615369224543,0.13486884278951733,0.11792305375479925,0.10008201261796769,0.0025294243584076687,0.0027007260866973356,0.003570431104788175,0.0022437950728070805,0.002417524649268294,0.002421772613685195,0.039272788045315025,0.02336608414265275,0.024898060084569892,0.5423600048349612,-0.04484802300871271,0.530010072525963,-0.032498090699714544,0.49751198182624845,0.31286865176850814,-0.05828838297345773,0.292628935460418,-0.0380486666653676,0.2545802687950504,0.13586935475521597,-0.027679846687793164,0.12629759578768568,-0.018108087720262872,0.10818950806742281
"Middle District of Florida, FL, USA",0.594645072563643,0.6699378855693164,0.751911629613408,0.20319728577494747,0.1576608839098047,0.09806712531746732,0.12221472705619954,0.12517839261135452,0.11533291051758904,0.031826509309360485,0.025262398572057188,0.01651438663750565,0.002103838019519144,0.0026516566816535887,0.002850422768343425,0.0006158830188135355,0.0005735605109136416,0.0004465161783903234,0.04539668425751687,0.01873522214489998,0.014877008967296244,0.7214085670676778,-0.17214793103183812,0.6313180723477371,-0.08205743631189744,0.5492606360358396,0.32278637958001827,-0.0902988686322217,0.27685981447245356,-0.044372303524656986,0.23248751094779657,0.0956929360551604,-0.014873472203808427,0.09222044603654644,-0.011400982185194475,0.08081946385135197
"Southern District of Texas, TX, USA",0.3002832511326029,0.3449266644400495,0.4164490603377289,0.4758830888731806,0.46634596384836385,0.4099537189781934,0.13024873084214247,0.12598701217703123,0.12461150321561631,0.06333037464254732,0.04858128930460181,0.03555464815060009,0.0018516250040163224,0.002059795745762287,0.0021267062995353704,0.0005411994345018154,0.00040976750502883235,0.000327763140739038,0.02786173007100858,0.011689506979162477,0.010976599877586963,0.6358924582313656,-0.08877269917376707,0.6006014331660252,-0.053481674108426636,0.5471197590575986,0.43247488727242656,-0.11704635922702245,0.3808623742843355,-0.06543384623893139,0.3154285280454041,0.1390113471537681,-0.03742679157812094,0.12291840205328146,-0.02133384647763431,0.10158455557564715
"Northern District of Illinois, IL, USA",0.5073280957779522,0.5576091772644514,0.6008872617550828,0.2315536579953916,0.20532994839097635,0.16307394940554065,0.15486309123272884,0.16355763244640906,0.17663928131260864,0.07195770527592686,0.05661361337605232,0.0430256842991743,0.0011035968428301521,0.001304688010864105,0.0013127920990387812,0.00020348730220087527,0.0002075909336087136,0.0002646839460013427,0.0329903655729694,0.015377349577638094,0.014796347182553501,0.7012934146588857,-0.12455749791884929,0.643644337198645,-0.06690842045860856,0.5767359167400364,0.48435575171046485,-0.12679752340970885,0.4222506554254858,-0.06469242712472978,0.357558228300756,0.18113765458047748,-0.02516146011070683,0.17301493203842327,-0.017038737568652623,0.15597619446977065
"District of New Jersey, NJ, USA",0.5185040249965766,0.5931353407550313,0.6604302712326309,0.2155859993678512,0.17688878110935097,0.13277735487125913,0.12424813907962921,0.12800762636281937,0.1302794926785671,0.10150983663173198,0.08187613894111988,0.05669268878814404,0.0012063793633555217,0.0013907579374833434,0.001347516845446188,0.00020928087474238213,0.00022328108540768817,0.0002584978954705821,0.03873633968611313,0.018478073808787448,0.018214177688482106,0.6693687756441106,-0.13038618549429148,0.6084516257993743,-0.0694690356495552,0.5389825901498191,0.371233661967048,-0.07233400711193683,0.340395437914902,-0.04149578305979085,0.29889965485511116,0.14539667476394366,-0.011838076837407147,0.14396281299319302,-0.010404215066656508,0.13355859792653652
"Eastern District of New York, NY, USA",0.41388813784216866,0.4673336863174281,0.507945418364254,0.21855490717568862,0.20315159629901777,0.17495177145498653,0.16502450333741275,0.18449586840620216,0.1944081751818898,0.15356608796991408,0.1188364715112593,0.08812835230204501,0.002217580662612494,0.0020041698579373823,0.001984137041043176,0.00029164241181731316,0.00029068302422337794,0.00029322347125903116,0.046457140600386096,0.023887524583931924,0.032288922184522464,0.601384705561849,-0.11407994058718451,0.5627489211428606,-0.07544415616819611,0.48730476497466446,0.4004156022347515,-0.10462605272881409,0.367848798564919,-0.07205924905898159,0.2957895495059374,0.21435730482102236,-0.037056358368359216,0.20810802918256202,-0.030807082729898877,0.17730094645266314
"Northern District of California, CA, USA",0.37142588417931943,0.43782893587638483,0.5116850265628081,0.2646785936935016,0.25387671673444895,0.2109370448130708,0.04656467881961269,0.05387869471668102,0.06221032790965117,0.25276777755093377,0.20916057516640738,0.17114170124988964,0.004027068923306025,0.004535102248837357,0.005264030893129223,0.005035857536313239,0.0052059464824797015,0.004478481752914177,0.055500139297013217,0.03551402877476074,0.03428338681853679,0.5104287344428542,-0.0686268211220285,0.4793065483060795,-0.037504634985253804,0.4418019133208257,0.2576178545904239,-0.02983102031919796,0.25182351896351446,-0.024036684692288507,0.22778683427122595,0.10599222696976755,-0.015255715864805022,0.1050458254743457,-0.014309314369383166,0.09073651110496253
"Eastern District of California, CA, USA",0.3995639594962631,0.47513291953640235,0.5619493733618371,0.3834098662291839,0.3459725593508427,0.27349265933754735,0.05126334269679896,0.053298259575090115,0.053675256296009,0.10116627963106607,0.08213460483354496,0.06645873638102802,0.007103817475509433,0.008003162144463592,0.00958634031923686,0.004743532815196322,0.003875331274618219,0.0026396834411461867,0.052749201655982195,0.03158316328503809,0.032197950863195414,0.5538390500910308,-0.07799042840517512,0.5172892182814807,-0.041440596595624934,0.47584862168585573,0.25769851958513845,-0.031144379987795734,0.25036984004880924,-0.023815700451466526,0.22655413959734272,0.07588265694569017,-0.013051151909539455,0.07086188169864366,-0.008030376662492941,0.06283150503615072
"Western District of Texas, TX, USA",0.38835007909564917,0.4259270258716203,0.4732884787134367,0.4660300250164218,0.46234170483522224,0.4213168683675871,0.06961572099706717,0.06879542588726943,0.07221609464888613,0.03588536945553837,0.02385687175761308,0.016838884758160536,0.002795031550641129,0.0030176878131314405,0.00319749697438831,0.0015807181853084412,0.0011524615015927125,0.0007353088003307715,0.035743055699373874,0.014908822333550805,0.012406867737210503,0.6257031669757239,-0.08595573613572716,0.595207480716678,-0.05546004987668118,0.5397474308399968,0.3685964330585971,-0.10553544324449188,0.32450152179132585,-0.06144053197722066,0.2630609898141052,0.09437643893553688,-0.029214287129210925,0.08076731505900411,-0.015605163252678161,0.06516215180632595
"Northern District of Texas, TX, USA",0.43709525563550855,0.5068410120651079,0.5904054963794151,0.3293743855060184,0.30260514628590074,0.23844291583009178,0.14585059327435795,0.13674905631285983,0.12682139558538866,0.04691150097590897,0.034316698129135854,0.0264620187533764,0.003623735890937614,0.00396078664198721,0.0041690148851816315,0.0011457861962423396,0.0008596036102753438,0.000662041120316372,0.03599874252102623,0.014667696954733076,0.013037117446230095,0.6244603026060999,-0.11699661022890584,0.5710323066258178,-0.06356861424862381,0.507463692377194,0.3499769721613656,-0.07890705678336629,0.3207175520593516,-0.0496476366813523,0.2710699153779993,0.142066483551054,-0.02318206158084707,0.1341029322048742,-0.015218510234667276,0.11888442197020693
"District of Arizona, AZ, USA",0.5336648869176773,0.5781637375502056,0.6381744597130035,0.3065482578684431,0.2964882673941207,0.252528499093853,0.044349044093988536,0.037406447117345455,0.029224947052088737,0.03479564721956578,0.02667548814739987,0.017407807482837004,0.03690614808352454,0.04027332405815857,0.04548667053632443,0.0020028293827921116,0.001714494100647797,0.0010991101476382288,0.04173318643400864,0.019278241632122037,0.01607850597425521,0.6572082225667525,-0.11455549031251888,0.6022857539827136,-0.05963302172847995,0.5426527322542336,0.34772378400251885,-0.09128682478479078,0.30686602234007837,-0.05042906312235029,0.2564369592177281,0.07904686953417633,-0.01280362418348284,0.0751256833250547,-0.00888243797436121,0.0662432453506935
"Northern District of Georgia, GA, USA",0.47781478011526557,0.548314305145581,0.6403322001129708,0.12526176078130766,0.10875129748655435,0.06737925874703432,0.2932754166311785,0.27916354895741596,0.24849536316766738,0.0582605115975357,0.042514598793012476,0.028085825188746902,0.0018030832126735372,0.0020861532687132408,0.002013870235498951,0.00039079578684382365,0.0003979470197498974,0.0003208990581592761,0.04319365187519518,0.018772149328973142,0.013372583489922396,0.7178497235275056,-0.1525820553605053,0.63444308759114,-0.06917541942413963,0.5652676681670004,0.46029756517331993,-0.11422675646502106,0.39826251917592403,-0.05219171046762516,0.34607080870829887,0.12268542571443183,-0.011803878866545409,0.12376820609066189,-0.012886659242775461,0.11088154684788643
"District of Massachusetts, MA, USA",0.6754708798801905,0.7612758315126161,0.8187074907103494,0.12629595741105737,0.0958744888231158,0.06754596927482744,0.06502903681601072,0.05983307194336807,0.05014804198871629,0.07183419598886874,0.053080519056772,0.037304816501041144,0.0013352795073650944,0.0016453285180754713,0.001774581650608302,0.0002286408277395532,0.00022409218605670006,0.0002687948411557989,0.05980600956876804,0.0280666679599958,0.02425030503330157,0.7693948156106561,-0.1670938569776752,0.7027934171204192,-0.10049245848743826,0.6023009586329809,0.2815556957073965,-0.05355190876088342,0.26517828294670776,-0.03717449600019465,0.2280037869465131,0.07241452920340087,0.013911899626328786,0.08197213552673605,0.0043542933029936115,0.08632642882972966
"Southern District of Florida, FL, USA",0.33429009722264036,0.39127565224731553,0.47937782755497693,0.4247488031057823,0.38402245540514635,0.31310301451639977,0.1789782954525511,0.18668501134840512,0.17087406315428963,0.024599095906638186,0.020825210894153342,0.015703926353853842,0.0011163830786346625,0.001526847636320892,0.0014360580145456492,0.0002759566556849996,0.00032992026532468587,0.0003485113018882541,0.03599136857806841,0.015334902203334073,0.01915659910404587,0.636723659297398,-0.08596466971669137,0.5956986473011562,-0.0449396577204495,0.5507589895807067,0.43454260144378937,-0.10113484234992065,0.391089216274121,-0.057681457180252305,0.3334077590938687,0.15101976997183306,-0.03969377898517855,0.13478641584446394,-0.023460424857809428,0.11132599098665451
"Eastern District of Michigan, MI, USA",0.6880972512556678,0.7296138334555201,0.7476533380434143,0.04907608614158284,0.03829532449454319,0.02859139896951883,0.1736307153810397,0.18048150937864404,0.18127712636754634,0.039673074986925384,0.02797426205833948,0.02025183836572269,0.002886819596038048,0.0036530793166960293,0.003660578283205693,0.00024557934232475047,0.00020318939308070532,0.00019595144389644465,0.04639047329642146,0.019778801903176386,0.018369768526695744,0.8176719682302506,-0.12716954846928763,0.7673533422093529,-0.07685092244838998,0.6905024197609629,0.5515580367035521,-0.1828525080081042,0.4619305519074002,-0.09322502321195231,0.36870552869544787,0.1278210234210093,-0.017086480056200448,0.1165054446055959,-0.005770901240787066,0.11073454336480884
"Eastern District of Virginia, VA, USA",0.5150569276358661,0.5779413853485909,0.6387836293437535,0.12422876966227112,0.096662758464176,0.05939876069580095,0.21181726078263807,0.2227713855285394,0.22867280064529247,0.08968801974907763,0.07082319812560023,0.04840477743262166,0.002341159925354321,0.0028003834476006484,0.003011887675513295,0.0008709191026663475,0.0007884540831631248,0.0006135587432724219,0.05599694314212645,0.028212435002329724,0.021114585463745637,0.6267562964959023,-0.1443490428897391,0.554687504718856,-0.07228025111269282,0.48240725360616316,0.3005550395214797,-0.08072492102930964,0.25958100270922413,-0.039750884217054056,0.21983011849217007,0.1253891877654757,-0.019714138807259154,0.11861359310534106,-0.012938544147124517,0.10567504895821654
"District of Maryland, MD, USA",0.4716924838733856,0.5469685191843906,0.6205035862555444,0.11813438135754145,0.08151521386849127,0.04303298962376226,0.29059360284115276,0.2899835595027529,0.27655668111440146,0.06766192704118412,0.05485257938446168,0.039600425350978755,0.0019515279630240897,0.0023928094128601684,0.0025134376017213423,0.00041685479094044224,0.00041776737631695447,0.00036119336929784615,0.04954922213277157,0.023869551270726423,0.017431686684293964,0.6947874473666703,-0.14980291868071305,0.627006131197694,-0.08202160251173674,0.5449845286859573,0.4293275548778945,-0.10620212387741107,0.3851768686622449,-0.062051437661761466,0.3231254310004834,0.13508590450286873,-0.014102590039382412,0.13130887203066677,-0.010325557567180454,0.12098331446348631
"Southern District of Ohio, OH, USA",0.7538542416071489,0.8142904930405649,0.8488421525100875,0.039213082507453,0.02491667668462931,0.01208756540686311,0.12432620831308475,0.11805062642755967,0.10873235083924053,0.031865969370057035,0.01992285297638026,0.013813966279537137,0.001724476220358754,0.001948885741215989,0.0021927222591661584,0.000432485058816809,0.00039148455752836825,0.00025219985044604056,0.04858353692308075,0.020478980572121493,0.014079042854659489,0.83978617296308,-0.13978336346985043,0.7875344786604797,-0.08753166916725008,0.7000028094932296,0.40020240324552514,-0.12924531617989377,0.339316588914785,-0.06835950184915363,0.2709570870656314,0.0804861260972365,-0.007127550956262288,0.07568763055990808,-0.0023290554189338702,0.07335857514097421
"Western District of Washington, WA, USA",0.6340606073656061,0.7267030513112221,0.7928448675465645,0.1096017563895627,0.08570490420106293,0.05209310397907572,0.04564724628295198,0.04076797493425769,0.03731410971729284,0.11442271778261615,0.08602541646993218,0.06544833664090814,0.01006511925278908,0.011385070056600248,0.01264640433695662,0.009355706154237307,0.006849133000926158,0.004653062221216359,0.07684684677223666,0.042564450025998596,0.035000115557985906,0.6847613330350235,-0.17708174884608086,0.6071086966421781,-0.09942911245323549,0.5076795841889427,0.1283758895255971,0.0003450592579113676,0.13400360720216248,-0.005282658418654024,0.12872094878350845,0.034921073793497105,0.011640544577323254,0.0423261866155094,0.0042354317553109574,0.04656161837082036
"Eastern District of Pennsylvania, PA, USA",0.6195562578968814,0.6789513718611851,0.7355010755396141,0.11977408825891801,0.09069711667531724,0.05605341154566127,0.16170842866773252,0.16716482021727846,0.16439077313500597,0.05952671109783275,0.04444347001234943,0.029914850032248173,0.0011308495519998015,0.0014699407585058973,0.0012791174639452912,0.00025120554031356364,0.00024197734147083565,0.0002603748373605463,0.03805245898632195,0.017031303133892936,0.012600397446164705,0.7830207828780608,-0.16083414494855197,0.7094815153006577,-0.08729487737114894,0.6221866379295088,0.4929201301041343,-0.15476613242687404,0.41984962983164265,-0.08169563215438236,0.3381539976772603,0.1509691653986564,-0.015237392251967574,0.14698000947733403,-0.0112482363306452,0.13573177314668883
"District of Colorado, CO, USA",0.6513420997299139,0.7000707468947323,0.7446374446935445,0.21881755833420222,0.20653142172227926,0.17101984743543813,0.038330613535758784,0.03753641735179937,0.03683640681186285,0.03381185836361136,0.02695540201654499,0.021685966045771228,0.005848575111271532,0.006212523830846918,0.006738024035277097,0.0015596546694207575,0.0011256272374351687,0.0008939238981312689,0.05028964025582147,0.021567860946362004,0.01818838707997492,0.6817612171966506,-0.1145003566911259,0.6362065698394437,-0.06894570933391897,0.5672608605055247,0.23145264589687614,-0.059011347524203644,0.21724343935908313,-0.04480214098641064,0.1724412983726725,0.06405610358751579,-0.006135190295490402,0.06573519640928008,-0.00781428311725469,0.05792091329202539
"Northern District of Ohio, OH, USA",0.7640942671425585,0.808259226668047,0.8320834333591428,0.04939235586596408,0.03651724554411029,0.025594491423702567,0.12263538643291572,0.12276981210207567,0.11826651609260305,0.018082778230379706,0.013182014251945408,0.00956274914879445,0.001481779357601594,0.001677105440240178,0.0017013967547682726,0.00032660264490843666,0.00019894059388857256,0.00016314068644191008,0.04398683032567197,0.017395655399692875,0.012628272534546943,0.840573945913617,-0.11671168701253531,0.796716601183502,-0.07285434228242027,0.7238622589010817,0.4555489043824297,-0.15193201680178642,0.3838773364462248,-0.08026044886558154,0.30361688758064326,0.0902732325667836,-0.016069333905997685,0.0801029083305708,-0.005899009669784877,0.07420389866078592
"District of Minnesota, MN, USA",0.7629680410186962,0.830544111733019,0.8816227545031905,0.060570184269752705,0.047183323909501806,0.029146889083587264,0.06884289782599438,0.050743703394219644,0.03431653754911786,0.05212678729112967,0.040158154454933315,0.02867934193755603,0.009996721266085466,0.01044904635789808,0.01057205409723761,0.00045930313148003383,0.000350683427323405,0.0003484242644771908,0.0450360651968616,0.020570976723104702,0.015313998564833543,0.8295156482342952,-0.1536858926487148,0.7624737956457339,-0.08664404006015347,0.6758297555855804,0.2235098583797146,-0.024388843793912318,0.21664081181055583,-0.017519797224753553,0.19912101458580228,0.03561539933445996,0.019176490684861033,0.04549966552777483,0.00929222449154616,0.05479189001932099
"Southern District of New York, NY, USA",0.40549385919905245,0.44838107733398014,0.47827403466670226,0.31739973480329636,0.29954154576608083,0.2681938600912087,0.16044976439550346,0.16792289085654907,0.17744170124885938,0.07406875571920953,0.06242270008005132,0.051835824311854566,0.0014459870700817027,0.0017628614663369063,0.0018570201252451888,0.00032025715683721163,0.0002716940834872605,0.00031778323611314973,0.04082164165601929,0.019697230413514455,0.02207977632001675,0.5951112016521445,-0.09952929016939122,0.5574011889414402,-0.06181927745868693,0.49558191148275327,0.3908639722916655,-0.10956959017052154,0.34598850565771005,-0.06469412353656612,0.28129438212114394,0.17918692388638788,-0.0341971644555574,0.16804546596906186,-0.023055706538231385,0.14498975943083048
"District of South Carolina, SC, USA",0.6210008764399424,0.6405416314712004,0.6610784610391779,0.06893612382224719,0.05095431511370253,0.023698485157414115,0.2479334499575456,0.2767348437169958,0.2937474544492861,0.017465107491861767,0.012605940425381035,0.008865371088326683,0.003241421106533756,0.003591937404210138,0.0031817826058562746,0.0006027234111058187,0.0004568294050256423,0.00031655808142870887,0.04082029777076348,0.015114502463484456,0.009111887578510142,0.7445333687178609,-0.12655950082150602,0.6876679843474571,-0.06969411645110224,0.6179738678963549,0.4633456421628488,-0.162753790131635,0.38775990895972484,-0.08716805692851104,0.3005918520312138,0.16840369032121455,-0.05016822777471884,0.14673566397827012,-0.02850020143177441,0.11823546254649571
"District of Oregon, OR, USA",0.7165404430766616,0.7845966953392182,0.8352134770572777,0.13894774602979806,0.11747671801693206,0.08047102824936041,0.018563481930241505,0.016962345284899222,0.01558626724902164,0.04526443232425263,0.036396060217056624,0.02932585777081742,0.009921197774940467,0.011147265753676383,0.011729524701420316,0.004294355457272391,0.003314214238618205,0.002162347962649078,0.0664683434068333,0.0301067011495993,0.025511497009453477,0.7488692682562471,-0.15106755734929633,0.6860330791187659,-0.0882313682118151,0.5978017109069508,0.1460633434087628,-0.01904146763733125,0.14681346089763478,-0.019791585126203215,0.12702187577143156,0.029516326570222438,0.008278207760492071,0.03625013034214039,0.0015444039885741181,0.03779453433071451
"Eastern District of Texas, TX, USA",0.5750274558433017,0.6617329755832483,0.7367330159210689,0.1742198929312091,0.14515039551498263,0.09245400503639692,0.12752132461816762,0.128236525558391,0.13166221739070605,0.07422255633396767,0.042505207686374044,0.022626976372968583,0.0045105085635597075,0.004871349327031488,0.004524500832519162,0.00047605324981926054,0.0003872292304513029,0.0002814052373023627,0.04402220845997494,0.01711631709952128,0.011717879209037994,0.7112017919878919,-0.18877222701960228,0.6163468253218066,-0.093917260353517,0.5224295649682896,0.32948880706866635,-0.10553928049517569,0.2657592021904557,-0.041809675616965025,0.22394952657349065,0.1120304659919704,-0.013759709275355525,0.10509190440599493,-0.006821147689380053,0.09827075671661488
"Southern District of Indiana, IN, USA",0.7726044178128201,0.836188756571758,0.8805101533018574,0.06247252289538019,0.042306883083596966,0.019190570834653885,0.09290114405875778,0.0862864961293095,0.0780932886330711,0.026698235542528658,0.015857143403631858,0.009316484432874864,0.0017963345241483121,0.0020246688777611583,0.0020339485099620924,0.0004901939540498544,0.00030730898069053985,0.0002658142190712584,0.04303715121231513,0.017028742953252057,0.010589740068509332,0.8609638287247369,-0.1513271210631003,0.7982503863264374,-0.08861367866480085,0.7096367076616366,0.36275065203868,-0.11075091532622838,0.30735567711285305,-0.05535594040040143,0.2519997367124516,0.06188189586170509,-0.0004404143328831933,0.06101835991162542,0.000423121617196473,0.061441481528821895
"Eastern District of North Carolina, NC, USA",0.5628247426345004,0.5938212327156007,0.6239627263330823,0.10361014108812841,0.08271538980018713,0.04823298654523348,0.2373374567324302,0.26195153775643776,0.27987654037768167,0.032639274889458766,0.020254220035715906,0.012520885666984014,0.01694084982047778,0.020601516607474182,0.022137532515367136,0.0009894599627832555,0.000766847707420702,0.0006241803451057761,0.04565807487222113,0.01988925537716355,0.012645148216545655,0.6776232617854178,-0.12781416699006454,0.6157970223822352,-0.06598792758688199,0.5498090947953532,0.3909117002437452,-0.12557240399484404,0.32679756884090033,-0.06145827259199915,0.2653392962489012,0.15176521630387785,-0.04497221332796293,0.13073270031333942,-0.0239396973374245,0.10679300297591492
"Western District of Pennsylvania, PA, USA",0.8477314570454013,0.8935237455132388,0.9149499831154249,0.02209479997940998,0.013924363603113991,0.007911629477634893,0.065802988166872,0.0640641590112664,0.0590173968554106,0.02132880850719944,0.013007370887294239,0.00817019447508115,0.001067640620911834,0.0011109012041506927,0.0010671868255901242,0.00023657187877811558,0.00018418678905147482,0.000184543428582076,0.04173773380142738,0.014185272991884483,0.008699065822276256,0.8965910845167029,-0.11212368445076382,0.8593625918778977,-0.07489519181195858,0.7844674000659391,0.35048817793583076,-0.13554968053197516,0.286482922192896,-0.07154442478904041,0.2149384974038556,0.04825725912144837,-0.0017264482248132568,0.04600647010272027,0.0005243407939148417,0.04653081089663511
"District of Connecticut, CT, USA",0.6320713874655924,0.7123700743263987,0.774810937223257,0.17285639998058616,0.1340718491318792,0.09408125638666058,0.10009776255486143,0.09378016300370555,0.08681393790734007,0.047271592697622496,0.03752253173753174,0.023951427454438273,0.0017760890817946709,0.0019267941363890395,0.0021344920939787466,0.0002701297260568409,0.00026810004105456785,0.00028138756378583174,0.04565663849348596,0.020060487623041266,0.017926561370539544,0.7389429890060266,-0.15760145439193618,0.6702810449378646,-0.08893951032377412,0.5813415346140904,0.3177810599122879,-0.0699962892877806,0.2897423857475195,-0.04195761512301219,0.2477847706245073,0.09933349531553835,0.007445539055351266,0.10606106480266468,0.0007179695682249382,0.10677903437088962
"Western District of Michigan, MI, USA",0.7901405225039048,0.8345805151609794,0.8611495690232682,0.06880974239658912,0.05523554393568142,0.04058037314702939,0.06316608121506599,0.06340152366445194,0.0607272226896183,0.020615106825737806,0.016267563603346125,0.012412685116003413,0.008050512532542476,0.009085962318473209,0.008801798985354879,0.00028183006550713455,0.0002505584145038197,0.00025559255830346896,0.04893620446065266,0.021178332902564097,0.016072758480422274,0.8178338007382582,-0.10599291754983986,0.7774418656925686,-0.06560098250415025,0.7118408831884183,0.2791831806313267,-0.07043155713072749,0.24732660194909983,-0.038574978448500635,0.2087516235005992,0.057085317188502266,-0.0008408858068717287,0.05560876944561373,0.0006356619360168084,0.05624443138163054
"Southern District of California, CA, USA",0.4136969090600679,0.46605818108195807,0.5336554399552934,0.3658898347722836,0.3460853512967477,0.2888134758423416,0.04279561731110364,0.04639886083277748,0.05400072526422756,0.11581522786014727,0.1010041418980065,0.08380556694418848,0.004146936804064136,0.004813813381239034,0.005746974795714987,0.0037582333543210197,0.004156577996468851,0.004140162724395534,0.053897240838012436,0.03148307351280233,0.029837654473838394,0.5445736843943099,-0.0700525277578351,0.5187720907433402,-0.044250934106865425,0.47452115663647476,0.26666218062208374,-0.04302585601252351,0.2592287886847449,-0.03559246407518468,0.22363632460956023,0.10097841745003197,-0.021158009606842387,0.09406856487924777,-0.014248157036058182,0.07982040784318958
"Eastern District of Wisconsin, WI, USA",0.7368590627403742,0.7860538723699008,0.8315840917631658,0.09591309522081767,0.07614137056546207,0.048309616069006536,0.090503461387748,0.09078271944795761,0.0841826005370604,0.030729866624094743,0.023052260701732084,0.016564443515331605,0.007994136684904866,0.008501208008559129,0.008129011465418338,0.0002914241760155581,0.00028573991489584156,0.00026629037596716915,0.03770895316604502,0.015182828991492555,0.010963946274050129,0.8283663302168541,-0.12908377066962395,0.774328780628798,-0.07504622108156778,0.6992825595472302,0.42503830786765856,-0.11273157156750135,0.38553796215734515,-0.07323122585718794,0.3123067363001572,0.0868349089908211,0.0010092499604254374,0.09271737550953263,-0.0048732165582860976,0.08784415895124653
"Northern District of New York, NY, USA",0.7961469742191757,0.8619002987437524,0.8952581667419065,0.05478560294287371,0.038761950986017236,0.025872174080985796,0.05859275589078759,0.052556857423940735,0.04652021639303088,0.03329783301996637,0.02250858092210125,0.014824273658204596,0.004348277066067106,0.004289079727911414,0.004199243713558668,0.00037194978531806383,0.0003047634114076318,0.0002529485618683912,0.05245660707581143,0.01967846878486931,0.013072976850445204,0.8527690623411621,-0.14056100089827006,0.8029425910905825,-0.09073452964769047,0.7122080614428921,0.2466130226753143,-0.05483153763385551,0.21872736389280953,-0.026945878851350746,0.19178148504145878,0.03990530495118103,0.011060927592982009,0.04301587529210594,0.007950357252057103,0.05096623254416304
"Middle District of Pennsylvania, PA, USA",0.8102938218469778,0.8764957647195335,0.9253607552171651,0.077724499197355,0.04832377655511183,0.021848860779811168,0.050564406653263005,0.04511014871829583,0.0337714517970451,0.022652029400902683,0.014644594215651199,0.009236019602716214,0.0012974831441578943,0.0013501165185607782,0.0012873019859011633,0.00023650024793901622,0.0002000396453194349,0.00019254516883137056,0.0372312595094046,0.013875559627527389,0.008303065448529925,0.8925253029213855,-0.157079004331954,0.8227156081643795,-0.08726930957494794,0.7354462985894316,0.24309541242782476,-0.03688164869045882,0.22002844147868827,-0.013814677741322334,0.20621376373736594,0.02896904046398755,0.019715969304507128,0.03844876950950525,0.010236240258989428,0.04868500976849468
"Western District of North Carolina, NC, USA",0.6613406916806341,0.725130149748258,0.7887862025020845,0.10543480550431661,0.07948845315845877,0.041425477155979426,0.15210805215439288,0.15022192479226515,0.13874980839929346,0.03328709290114076,0.022603302497631667,0.015397875419013692,0.005212430150366663,0.0055131881289791195,0.005770090387382521,0.0005338212150300463,0.00048804066381552866,0.0002881032613449687,0.04208310639411894,0.01655494101059182,0.009582442874901391,0.7855012700848439,-0.16369284970851017,0.7050868122067332,-0.08327839183039942,0.6218084203763338,0.39841980041414016,-0.11796003080697953,0.3367071315115746,-0.056247361904413984,0.2804597696071606,0.10089793148514387,-0.009783557884916763,0.09417912966994112,-0.003064756069714014,0.0911143736002271
"District of Puerto Rico, PR, USA",0.0074661572756835205,0.007227400715518845,0.008911576488186529,0.9887968072970502,0.9899842394719753,0.987964355794967,0.0013045230364280296,0.0012517687306936216,0.0013293569924913127,0.0008357956738290642,0.0007865499422973003,0.0007550180469009332,9.465857777160924e-05,8.831908908389481e-05,0.00014785222970616535,2.7697525971757047e-05,2.067042510474134e-05,9.585446508481413e-05,0.0014743606132658366,0.0006410516253262639,0.00079598598266321,0.9779362965790088,0.0008788216226893741,0.9807462240475859,-0.0019311058458877373,0.9788151182016982,0.07252124217916879,-0.0274802201893498,0.029767868746308126,0.015273153243510865,0.04504102198981899,0.001306204973576554,-0.00047580231824238795,0.0005055902115066589,0.00032481244382750725,0.0008304026553341661
"District of Utah, UT, USA",0.75355879174084,0.8038391611807293,0.8527189128289268,0.15066315851249046,0.12965083568961805,0.09025681855226557,0.01136808231772922,0.009389319743766474,0.007226044388878241,0.02403032629746278,0.01960139441402229,0.01633685179645813,0.008769366576028483,0.009798164540131011,0.011939519213029718,0.010952079950703261,0.008650504633875867,0.006630031184342272,0.04065819460474579,0.019070619797857,0.014891822036099324,0.7760410931783944,-0.13135598850545271,0.7152472693252554,-0.07056216465231369,0.6446851046729417,0.15175983505483323,-0.024090359827811048,0.15273776134791725,-0.025068286120895067,0.12766947522702218,0.027254238084562257,0.008644665588303225,0.03626201288370615,-0.00036310921084067166,0.03589890367286548
"Western District of Missouri, MO, USA",0.7757925857976062,0.8340670762654836,0.8648414419935152,0.06387544239148625,0.04740287432645642,0.02923643961417081,0.07851108535444003,0.07802062912172998,0.07481545333213681,0.01602061497839952,0.012577570005561853,0.008932820257784354,0.005334110165552036,0.005573851834195178,0.005784077091472294,0.0026075530404923793,0.0016036944970090855,0.0008430494363760458,0.05785860827202351,0.02075430394956389,0.015546718274544518,0.8390768089673681,-0.14341038579751864,0.7866062964156484,-0.09093987324579889,0.6956664231698495,0.3437848119454616,-0.13548986353260647,0.2778915420548879,-0.06959659364203277,0.20829494841285515,0.054636539920492874,-0.0035636623622226915,0.05124784535126674,-0.0001749677929965554,0.05107287755827018
"District of Nevada, NV, USA",0.45931711358110344,0.5414069862382179,0.6520787045377209,0.2867447861056007,0.26531375493178355,0.1971541664164615,0.09403836014240194,0.07704154084562846,0.06580846293961048,0.08567274545025289,0.07074255858431197,0.04433285293941032,0.007534303271811135,0.008715116483589727,0.010707279969575052,0.007398381761008112,0.005723183224437578,0.0038876879040813466,0.05929430968782179,0.03105685969203083,0.026030845293140377,0.5719140191209301,-0.1505080817986008,0.4877097301255096,-0.06630379280318033,0.4214059373223293,0.19074358957643647,-0.03274812126438753,0.17967598677282456,-0.021680518460775622,0.15799546831204894,0.07666273939032435,-0.01237012923626267,0.07208904173478776,-0.007796431580726085,0.06429261015406168
"Middle District of North Carolina, NC, USA",0.5990031397904945,0.6550818749652394,0.7122799484402172,0.11391415246269421,0.09038325851710838,0.05143485447929749,0.20852776939229561,0.20977890287873738,0.20646251243077238,0.03170942376000883,0.022591361643177318,0.014370882953005475,0.004647847428257582,0.00516364633039412,0.004742722310195964,0.0003800064099068968,0.00032388658080824786,0.00020187077953559793,0.04181766075634241,0.016677069084535125,0.010507208606975793,0.7361590302807491,-0.1602910327023005,0.6592029216733395,-0.08333492409489085,0.5758679975784486,0.4098854576929992,-0.1384975837398199,0.3420507812994214,-0.07066290734624209,0.2713878739531793,0.15039216975914538,-0.028709993499665257,0.13929179594681845,-0.017609619687338332,0.12168217625948012
"Northern District of Alabama, AL, USA",0.6654630385685232,0.7114387538877108,0.7503541652017849,0.060678482744513505,0.044925447896597984,0.019721439991331743,0.21483219012137442,0.21388347215669484,0.20881511135599454,0.013836245994845906,0.010628391818065958,0.006735574708205144,0.003877475399006403,0.0048766564816718014,0.004492432372409272,0.0005402242383290942,0.000404346781147571,0.0002355337875715775,0.040772342933407556,0.013842930978110958,0.009645742582702906,0.8195337458237947,-0.13770449757677217,0.7590843654615183,-0.07725511721449574,0.6818292482470225,0.5406786558070673,-0.1700380844797602,0.4596738541615813,-0.0890332828342742,0.3706405713273071,0.13895110732096483,-0.019321082839467166,0.13228171797306768,-0.012651693491570012,0.11963002448149766
"District of Kansas, KS, USA",0.722485261481068,0.7817899575131487,0.830970853490789,0.1302309828856182,0.1051628428967887,0.07002333714474461,0.05560199872016556,0.05702533158460323,0.05631825110529687,0.029009013302109005,0.02347151432222572,0.017222396219635488,0.0074615028523969664,0.008086942075301477,0.008303024306488053,0.0010602883712064481,0.0006932766187728654,0.00042924872545861546,0.054150952387435836,0.023770134989159225,0.016732889007587362,0.7791119622053103,-0.1419087558753359,0.7163687858398194,-0.07916557950984504,0.6372032063299744,0.265437993251018,-0.06402907399822291,0.2402759016862674,-0.03886698243347228,0.2014089192527951,0.05672652812390409,-0.001906705745549686,0.05843251321360258,-0.003612690835248178,0.0548198223783544
"Eastern District of Missouri, MO, USA",0.7378753277249969,0.7843604130484315,0.8103427634712981,0.033111793455301505,0.022820437100015075,0.013157617305529537,0.15007337419885175,0.1537029732685992,0.14881172971313622,0.02747920950527997,0.020113429305622384,0.012885302014454153,0.0021460715177308745,0.002366265554539065,0.0025458978131509703,0.0003001904621396306,0.00028154257798006623,0.00020763147521627088,0.04901403313569941,0.0163549391448127,0.012049058207214783,0.8399328168047723,-0.11746265225130836,0.8018637253351626,-0.07939356078169868,0.7224701645534639,0.5009412295625664,-0.14788519530928068,0.44971978885974745,-0.09666375460646176,0.3530560342532857,0.08472027315820765,-0.018540692520887872,0.07489085399958317,-0.008711273362263391,0.06617958063731978
"Western District of New York, NY, USA",0.7574948739137914,0.8170938033359949,0.8461475885216252,0.06390297524530474,0.045866918700091325,0.03277672234179155,0.09954795957795459,0.09476617358140867,0.0903572422895317,0.031498988884783634,0.020092415404551197,0.013367570133896606,0.004675173948482481,0.004993790087236345,0.004793993622501755,0.00021294058252646246,0.00019696015382729713,0.00018093188335363558,0.04266708784715661,0.016989938736890284,0.01237595120729955,0.8332542059797611,-0.13104013178118434,0.7887760749620011,-0.08656200076342435,0.7022140741985767,0.3927501621162578,-0.12015544047564652,0.34132635857213894,-0.06873163693152767,0.27259472164061127,0.09210140363451638,-0.007095775853678779,0.08887126416662978,-0.0038656363857921816,0.0850056277808376
"Eastern District of Tennessee, TN, USA",0.829846739217696,0.8785715701077544,0.9055814338924799,0.05426017926788058,0.03479449774702476,0.01555142665236089,0.05660100481121983,0.059735349716446125,0.059805563551670896,0.01267421301923181,0.009612694336452229,0.006783904255968737,0.0023979552782460796,0.002639369404715198,0.0024995856558413803,0.00047085356678111285,0.000359841954877087,0.000217639721211804,0.043749054838944555,0.014286676732730163,0.00956044627046642,0.8820396866397346,-0.12461228464138163,0.834688446398623,-0.07726104440027004,0.757427401998353,0.32951053251344536,-0.12953007568763877,0.2589081124670346,-0.05892765564122801,0.1999804568258066,0.04459960501094805,0.0010357262519606059,0.04273775420530709,0.0028975770576015678,0.045635331262908654
"Middle District of Tennessee, TN, USA",0.7110715867385605,0.7707626621958107,0.8149772693104989,0.088031727496326,0.05963282384993269,0.029798165875803834,0.12634974419781086,0.12967539525516203,0.12647082489005207,0.02573846640184587,0.018583919126762265,0.012681861396788695,0.0022964635436412448,0.0027692725742113544,0.002770666717485162,0.0007259884749329605,0.0006407023127444259,0.000508184953913977,0.04578602314688254,0.017935224685376533,0.012793026855457378,0.790791055231835,-0.1545273244715355,0.7239515180187798,-0.08768778725848025,0.6362637307602995,0.34340898333891506,-0.1205219967100136,0.28295226621611214,-0.06006527958721067,0.22288698662890147,0.0758781238956934,-0.006866994872722451,0.07050177239940775,-0.0014906433764367982,0.06901112902297095
"Northern District of Indiana, IN, USA",0.7264335674963052,0.7834190647664492,0.8258504379646849,0.11197042631844897,0.08733758049272355,0.05894303493561541,0.09560498011071134,0.09513496554743636,0.09052759693436907,0.021185226836672278,0.015322396234528735,0.010036910742301595,0.0020808717093390374,0.0024295125288080247,0.0025564527988547353,0.0002754486012909991,0.00025286285233980086,0.0002482111330208554,0.04244947892723218,0.016103617577714353,0.011837355491153365,0.8158499259892391,-0.14405053195873097,0.7537847092779041,-0.08198531524739594,0.6717993940305081,0.39867441503923423,-0.13035545433557333,0.33308623176877167,-0.06476727106511077,0.2683189607036609,0.08627158812511718,-0.009144974755728244,0.08169309860455858,-0.004566485235169643,0.07712661336938893
"Western District of Wisconsin, WI, USA",0.8557677854892889,0.9016069034780322,0.9345502470188345,0.04772641127187651,0.034357044642433804,0.017508646589948735,0.022346227241239594,0.019508273742559236,0.013786610722888426,0.027935438967964552,0.02174147302359062,0.016168378610812238,0.00851288737272739,0.008572019706981496,0.008306403874863647,0.0003627024271654315,0.000259914913426351,0.0002280317047836398,0.037348547229737676,0.013954370492976263,0.009451681477868826,0.8982772435700563,-0.11878605668177089,0.8491645542638422,-0.06967336737555674,0.7794911868882854,0.19020530647583803,-0.029688248179357835,0.18371561691905586,-0.023198558622575666,0.1605170582964802,0.01751366257734582,0.012324774377669774,0.024410556769072434,0.00542788018594316,0.029838436955015594
"Western District of Virginia, VA, USA",0.7795921826228864,0.8257413432103422,0.8501314487472514,0.05362409463438059,0.034325050686029514,0.01614503791591242,0.10366160821780733,0.10856720504747286,0.11324401547388052,0.01923314788398138,0.013503177372289541,0.008768437962511403,0.0018566334843720508,0.002041411490230388,0.0017224643880959412,0.00029959507585533324,0.0002405512684167972,0.00015611602203169673,0.041732738080716904,0.015581260925218679,0.009832479490316562,0.8253304916590417,-0.11660220342598315,0.7827011423938516,-0.07397285416079302,0.7087282882330586,0.3382272640571892,-0.11156284901884864,0.28695205737194207,-0.06028764233360148,0.2266644150383406,0.0672336456363579,-0.006433825765149677,0.06500370736901225,-0.004203887497804017,0.06079981987120823
"Western District of Kentucky, KY, USA",0.7675216961200219,0.8235094474964295,0.8557564855141072,0.052092193258951654,0.0332421254046339,0.016112695670011994,0.11230501580413234,0.11001685038200008,0.10585165767215805,0.020074890784272936,0.012694657685911447,0.008066949914788867,0.001977162348508987,0.0021803678831902535,0.002117457236634476,0.0010379553727466713,0.0006595223003844308,0.00044627359086031685,0.044991086311365544,0.01769702884745038,0.011648480401439123,0.8394369199938252,-0.1393372518000836,0.7832299858128126,-0.08313031761907097,0.7000996681937416,0.3733186835111822,-0.13545060788937038,0.2968847766162805,-0.05901670099446868,0.2378680756218118,0.06831823180773094,-0.007228275787403336,0.06233529573640739,-0.0012453397160797838,0.06108995602032761
"Eastern District of Kentucky, KY, USA",0.8602118483893183,0.9032450055371807,0.9298510256602504,0.04002797828181385,0.02795500409672628,0.01353743425302549,0.04573631995805053,0.04316638729880535,0.03923045565204265,0.012616265653606244,0.009568600133114656,0.006459874546356427,0.0016049800623315893,0.0018007995216394687,0.0018098572422343719,0.000492493182763008,0.00029457523039164147,0.00018371664735986764,0.03931011447211644,0.013969628182141978,0.008927635998730865,0.8955567098984502,-0.10726107847413946,0.8538442675071686,-0.06554863608285788,0.7882956314243107,0.21790707201382417,-0.048902022990791855,0.19391784947881582,-0.024912800455783507,0.16900504902303232,0.03335151212324473,0.002398842268560096,0.03342270481855797,0.002327649573246854,0.03575035439180482
"Central District of Illinois, IL, USA",0.7869671001576917,0.8433827737040062,0.8826424214295485,0.05445334010864432,0.04005573557314984,0.0243882067232134,0.08639073844445856,0.0779053451938255,0.06814277516645048,0.026753272815813724,0.01975326467665041,0.012357540194399535,0.0016593068009945714,0.001747273013955153,0.0016921581472583924,0.00027432645031699434,0.00025555805552652047,0.0001986525039470898,0.04350191522208015,0.016900049782886378,0.010578245835182533,0.8475045428420762,-0.129914908318575,0.7947242701821312,-0.07713463565862999,0.7175896345235012,0.29215689210705037,-0.05977957905590284,0.26811616373960645,-0.03573885068845892,0.23237731305114753,0.049956124008258364,0.00799934718363305,0.05551977843027842,0.002435692761612991,0.057955471191891414
"Western District of Oklahoma, OK, USA",0.6178555973812659,0.697150381806334,0.7542931473970002,0.14203003075663176,0.10839491621562826,0.06579939657743324,0.08348029202514506,0.0834015354648572,0.08452895581780467,0.02576019133323717,0.021769417008682145,0.018666483710744475,0.04286013410077566,0.04600365653858733,0.04423254509208751,0.002741109193022293,0.0014534715764162806,0.0008885903559728377,0.08527264520992216,0.04182662138949471,0.031590881048957124,0.6730453162685455,-0.1557199866073563,0.6082468747031212,-0.09092154504193206,0.5173253296611892,0.2145392793702041,-0.04471066821532005,0.20225048588095357,-0.03242187472606953,0.16982861115488404,0.0669530435687271,0.0004545183000190106,0.06970886042063973,-0.0023012985518936213,0.06740756186874611
"Western District of Louisiana, LA, USA",0.594485094201939,0.6324023927529924,0.6592516572151029,0.04636795903781695,0.02770123467399488,0.015773720936320474,0.30285258929720216,0.3092971381493528,0.3032895125940591,0.012967851786319705,0.009749048634087015,0.007156784134946805,0.005451794584268967,0.005775449621975666,0.004940377099454237,0.0004648817087361134,0.00041379980309481153,0.000294260514117233,0.03740982938371712,0.014660936364502516,0.009293687505999133,0.7747277905929262,-0.11328339933596554,0.7325419055439639,-0.07109751428700328,0.6614443912569606,0.5239508019952319,-0.13815150584953895,0.4686804046226613,-0.08288110847696833,0.38579929614569297,0.20001729637565557,-0.04455571946852141,0.18090831608605445,-0.02544673917892029,0.15546157690713416
"District of New Mexico, NM, USA",0.3650266679637803,0.4049235156341435,0.4472096912337566,0.4773556071672455,0.46300151662385836,0.4207623116732617,0.018101346762867163,0.01722142659768772,0.016851690391556894,0.01665201117154863,0.012774508675544962,0.010036579613709604,0.08907109347624251,0.08516403867755061,0.08876081198606302,0.0006852349113728217,0.0006050955259353363,0.0005453407995179891,0.03310803854694308,0.016309898265279513,0.015833574302134196,0.6011998664992424,-0.05614518920401135,0.5799785002762572,-0.03492382298102614,0.545054677295231,0.35093806170314407,-0.07405260085412413,0.31554233190670494,-0.038656871057685005,0.27688546084901994,0.08994705531112807,-0.020555497531874717,0.08178457168173404,-0.012393013902480696,0.06939155777925335
"Middle District of Georgia, GA, USA",0.5380051169811174,0.57010182410335,0.5970388378752786,0.061673830894381734,0.049592919837721135,0.02943804720994793,0.3449149878498461,0.3497917199960371,0.352953770170453,0.0165752039542255,0.013322074864126404,0.00867541655031183,0.001988207003198843,0.0023204248177832853,0.0024190854783689517,0.0006301341334171566,0.000546159807566677,0.0004183298563770663,0.03621251918381329,0.014324876573415496,0.009056512859262667,0.7309498049510298,-0.11172761644987894,0.6801877918359102,-0.06096560333475931,0.6192221885011508,0.48063508038365876,-0.13015212550967614,0.4183105237969215,-0.0678275689229389,0.3504829548739826,0.19711397655939916,-0.049407984915673386,0.17244948114533168,-0.024743489501605903,0.14770599164372578
"District of Nebraska, NE, USA",0.7569125528166142,0.8211790678739622,0.8733280623726453,0.11966072972576146,0.09166141481793379,0.05517854356694441,0.048128884774132505,0.044328523534214036,0.03946617206122028,0.02669329249392303,0.017477020994436418,0.012667252199106742,0.007673193631009674,0.008101991906221236,0.007865535572264461,0.0006719333735745632,0.0005289264162607093,0.00037808332208433184,0.040259413184984584,0.016723054456971614,0.011116350905734537,0.830613927606379,-0.14906371426891796,0.7684109890332484,-0.08686077569578743,0.681550213337461,0.2709636322907566,-0.051065236516485674,0.2641697916688647,-0.04427139589459375,0.21989839577427092,0.040362132547830734,0.012072016433732145,0.05126194679508554,0.0011722021864773377,0.05243414898156288
"Northern District of Florida, FL, USA",0.6564477981280722,0.7015974632044992,0.7378781938287577,0.08111301427513298,0.056920269511510385,0.034988157069489934,0.1732937807218369,0.18723766809952044,0.18501841838906433,0.02909789323951249,0.024335886083522794,0.018032775237520678,0.0040906336273651605,0.005264471976509789,0.005942457632537797,0.0009521665207730119,0.0008525786765585737,0.0006433356306530051,0.055004713487307254,0.02379166244787879,0.017496662211976505,0.7191099271956967,-0.13286593047297013,0.6618383101634187,-0.07559431344069212,0.5862439967227265,0.3304630288501824,-0.11293185771121297,0.27801461996889404,-0.060483448829924596,0.21753117113896944,0.10609001930772341,-0.024696518244775686,0.09444639058207192,-0.0130528895191242,0.08139350106294772
"Southern District of Mississippi, MS, USA",0.548754861785333,0.5751651264931249,0.6088437366911306,0.0374597235438016,0.028502157178086285,0.014352172120157825,0.3627897930312664,0.3690093597305537,0.3565126424401115,0.012032028815833234,0.009903543361248698,0.00750535734807327,0.006605956697806092,0.006391418979174883,0.005395655083678284,0.00040081689276643713,0.0003738713051885029,0.00022477201695423214,0.031956819233193226,0.010654522952623006,0.007165664299894317,0.7868911468643501,-0.10919095248852484,0.7427753586301618,-0.06507516425433646,0.6777001943758253,0.5754073936261662,-0.14617409575995177,0.516425360351348,-0.08719206248513356,0.42923329786621445,0.20574961994658156,-0.051023139303683906,0.1811096828940213,-0.026383202251123644,0.15472648064289765
"Southern District of Iowa, IA, USA",0.8114533879026096,0.8717946336471243,0.9147820746096006,0.07145412279384031,0.05458011478513052,0.03174648657638897,0.044142106349568305,0.03288564384798952,0.024508780989483243,0.030291027734578903,0.02258319367828469,0.015955468706687605,0.00204256533237077,0.002126317048209871,0.0022256925778478495,0.0007727165146270373,0.00042549560369583276,0.00030398488048971465,0.03984407337240505,0.015604601389565315,0.01047751165950205,0.8647888187922644,-0.14811925271885928,0.8033898409358824,-0.08672027486247724,0.7166695660734052,0.16062827854729603,-0.01345446436011341,0.16411551598456858,-0.016941701797385966,0.14717381418718262,0.02912112211385038,0.011269812066035764,0.03697449194028359,0.0034164422396025518,0.040390934179886144
"District of Idaho, ID, USA",0.7887109280269871,0.839664527916243,0.8804743559524407,0.1301757484342936,0.11221167377527938,0.07858790616438621,0.00803923210516414,0.0056615858053996534,0.0037783093051203085,0.01415687839635127,0.011820115311352134,0.008996379345654636,0.010278363509226765,0.01119941412953198,0.012202030194016066,0.0018492680682897016,0.0013734528720028682,0.0009273821162087073,0.04678958145968748,0.018069230190191007,0.01503363692217332,0.8231205987377737,-0.131100632113204,0.7696840695110931,-0.07766410288652348,0.6920199666245697,0.18900246406302967,-0.047641573498150735,0.18294251169179965,-0.04158162112692071,0.14136089056487894,0.02805032440473742,0.004229515024070728,0.033644443403662794,-0.0013646039748546474,0.032279839428808146
"Eastern District of Louisiana, LA, USA",0.522645117476052,0.5758704832407875,0.5859991000555848,0.10099544869656389,0.06660971539250772,0.037417688907449835,0.3053996092074536,0.31177111123552603,0.33988783045753057,0.02385145117476052,0.02153286577092126,0.01781537022713303,0.007525139398560739,0.008682343364599918,0.007300725543422318,0.00029845589286565315,0.0003019507908279931,0.00018763546957393807,0.0392847781537435,0.015231530204829577,0.011391649339305514,0.7355672213948179,-0.15178983334718432,0.6689320980886184,-0.08515471004098485,0.5837773880476336,0.5096457221219771,-0.17971873285905116,0.4151388588716201,-0.08521186960869415,0.32992698926292596,0.19889217876282347,-0.0567759175247069,0.1681168511547597,-0.026000589916643113,0.14211626123811658
"Eastern District of Washington, WA, USA",0.6539785187392847,0.7200099260695105,0.7769741236637752,0.238345927333588,0.20576327394413443,0.15500475535733277,0.012336943127010008,0.010984225977273046,0.010321765151915113,0.01933505357722178,0.017244204720501546,0.014699907494336037,0.018240062173444,0.019526398060804532,0.020955708226882957,0.0036003988982923293,0.0019852139021158447,0.0010995090083989634,0.05416309615115918,0.024486757325660025,0.02094423109735896,0.7514089832042337,-0.11586666549153146,0.7100261597835008,-0.07448384207079861,0.6355423177127022,0.3304719275052999,-0.042369076841828945,0.3379799187408523,-0.04987706807738135,0.28810285066347097,0.058441101132229854,0.002616985988635724,0.06427175986280104,-0.0032136727419354583,0.06105808712086558
"Eastern District of Arkansas, AR, USA",0.6677168803392659,0.721646908267676,0.7543983101246795,0.05766284837524807,0.04027801002183677,0.019676702380030275,0.21173164124537805,0.20993409479218664,0.20559646481023694,0.012171874502932849,0.009421464451850202,0.005998322202719397,0.003640672756682418,0.004031688304957051,0.0037842336943179388,0.0010118757754247554,0.00026840900101872015,0.00022711966318022668,0.04606420700506794,0.014419425160474645,0.010318847124835733,0.8095790627325389,-0.13347556105664382,0.7583946166085486,-0.08229111493265351,0.6761035016758951,0.5095272260481396,-0.15238682008339138,0.4424213660688762,-0.085280960104128,0.3571404059647482,0.11603144174744218,-0.01878923269381849,0.10370015691787292,-0.006457947864249233,0.09724220905362368
"Southern District of Georgia, GA, USA",0.552320795761661,0.5872296412864567,0.614520079882086,0.07089764480898383,0.05421139611610937,0.03199717992485311,0.3121749276272981,0.3229244551360941,0.32847561860137203,0.019349424150865217,0.014567741190722768,0.010829329082175276,0.002224991486476679,0.0024865604327729725,0.0023473066854270814,0.0012734618125833906,0.0010628254571244135,0.0006764572580481502,0.041758754352131736,0.017517380380719736,0.011154028566038388,0.7149196189066734,-0.12209647479668229,0.6607261558517552,-0.06790301174176405,0.5928231441099912,0.44464265170949924,-0.13428212156454994,0.38036430257248793,-0.07000377242753864,0.3103605301449493,0.1808501311684841,-0.04267430387053778,0.16053902682760693,-0.022363199529660593,0.13817582729794634
"Western District of Tennessee, TN, USA",0.49910377843436127,0.5398908669519152,0.5904664162519255,0.06329105840989158,0.043269279747351265,0.021156772807665824,0.3801039450990058,0.3862329360228199,0.3662965729623728,0.020256459212819256,0.015408516707416463,0.010990031618067542,0.001911215636591893,0.0021680165036674815,0.0018940323717000383,0.0002535090570420921,0.0002648736756316218,0.0002328565192527893,0.035080034150288084,0.012765510391198043,0.008963317469015488,0.7723318533113195,-0.10632329789791584,0.7272145505660111,-0.061205995152607495,0.6660085554134036,0.5592655237738945,-0.11513579688106412,0.5103535601419982,-0.06622383324916781,0.44412972689283037,0.16698284347624068,-0.013456430632235866,0.16321310013874618,-0.00968668729474137,0.1535264128440048
"District of Hawaii, HI, USA",0.2159851656386799,0.2273156242805222,0.2251660552359187,0.0954656054717177,0.08884929896660004,0.07213796951533255,0.015030997737306121,0.014636338693910156,0.01731635360075911,0.365359401180231,0.377470865977243,0.41086141571276785,0.0015930299953041023,0.002072095994609755,0.002083208040147278,0.10240219572748943,0.09423145246058641,0.08961803954587066,0.2041636042492717,0.19542432362652842,0.1828169583492038,0.37310755227002956,-0.022198870841830143,0.3597347120311905,-0.008826030602991086,0.3509086814281994,0.1451488817803119,-0.0011133927780878627,0.1470393147626976,-0.0030038257604735608,0.14403548900222404,0.07129624633313186,0.00025642377553680706,0.0728659098332406,-0.001313239724571924,0.07155267010866867
"District of New Hampshire, NH, USA",0.8715734938691886,0.9229590084984975,0.9510183902540069,0.04316506544638508,0.02788066249996202,0.016578577716786204,0.013542308733856208,0.010348903277557829,0.00675959969964527,0.025851122451424326,0.02145209758231875,0.012786922917583697,0.001670554462906939,0.002045625112042222,0.002183073975298413,0.00028169279948191757,0.0002499111258306317,0.00026701794360581033,0.043915762236756986,0.015063791903791052,0.010406417493073715,0.9120848613471653,-0.12325150003648344,0.8671032121384001,-0.07826985082771831,0.7888333613106818,0.07607486130320397,0.02926266502616781,0.09403925380432944,0.011298272525042341,0.10533752632937178,0.009901002003832654,0.015380961192563934,0.015501541206582274,0.009780421989814313,0.025281963196396588
"Western District of Arkansas, AR, USA",0.7059923597594632,0.775077069647182,0.8268500660008035,0.11808166051767713,0.09324249936499089,0.04947016746290824,0.0753783807338117,0.08250872220725308,0.08992979044962286,0.022742061993434624,0.01573278507662958,0.00935228776698151,0.010601923132789124,0.010537677078757343,0.009510550563224248,0.009169741161432763,0.00391736929427905,0.0009982730224541863,0.05803387270139151,0.018983877330908075,0.013888864734005458,0.8070520197649712,-0.1615769975386958,0.7383073481673783,-0.09283232594110291,0.6454750222262754,0.3682586545886935,-0.10975571739324014,0.31701264774667554,-0.05850971055122217,0.25850293719545336,0.07893772528856006,0.002739650997740456,0.08038708308144882,0.001290293204851703,0.08167737628630052
"District of Maine, ME, USA",0.9015960199706211,0.9442418895001088,0.9649950974624466,0.019519879958978154,0.01274929252154431,0.007342040240028239,0.01843633942421126,0.01140849004260304,0.005051574695062165,0.012235345591436212,0.010119633308213676,0.00707063576106993,0.005349430810871523,0.006180790764799456,0.0054210299250892265,0.0002987811637195979,0.00023563794267749446,0.0002619916068557085,0.04256420308016218,0.01506426592005324,0.00985763030944817,0.9377755338472163,-0.10008053825564245,0.9037922412170807,-0.06609724562550678,0.8376949955915739,0.09278147497350402,0.02772399535867401,0.1073354884453037,0.013169981886874321,0.12050547033217802,0.005543804279685528,0.01402509598079971,0.010135921477667443,0.009432978782817795,0.019568900260485238
"Northern District of Iowa, IA, USA",0.8482998757235465,0.9060384177786105,0.940062726110368,0.06251292213874925,0.04345457814631876,0.023852727631964426,0.03555202257129102,0.02285635715570034,0.016199324592859398,0.014151841194845326,0.010344817165763362,0.008123508210943231,0.003955200764318849,0.0037154612445208656,0.0033172316634380054,0.0031162414023459513,0.000803833014268036,0.0003028052636638983,0.03241189620490313,0.012786535494818148,0.008141676526763064,0.9082481461382436,-0.13103357642864166,0.8595412962501194,-0.08232672654051754,0.7772145697096019,0.20413013413656,-0.016801511093604338,0.20456510734094857,-0.017236484297992904,0.18732862304295567,0.019641266067461343,0.015427701691781589,0.027096921897879822,0.00797204586136311,0.03506896775924293
"Southern District of Illinois, IL, USA",0.8024036630634899,0.8430571997312775,0.8677934512960713,0.034023863600530085,0.024094263891108417,0.014598205245038477,0.10660756691373317,0.10758830839788931,0.09974781034831916,0.009904760672682832,0.00795694854087701,0.006151275820170109,0.002085255328559104,0.0021666917495046785,0.0021738304981774,0.00036384835124141015,0.0003669334756590451,0.00024522833130822196,0.044611042069763476,0.014769654213684058,0.00929019846091535,0.87387984797911,-0.11137000120138574,0.8328937398163475,-0.07038389303862325,0.7625098467777243,0.46723897189682045,-0.1626072708907263,0.39662131544325907,-0.09198961443716491,0.30463170100609416,0.06719468038788365,-0.006637565674152628,0.06406078932191245,-0.003503674608181427,0.06055711471373102
"Middle District of Alabama, AL, USA",0.5708880890317527,0.6121904735001796,0.6440275921722908,0.04583693494145136,0.034023087536490824,0.014385070711343501,0.32283380154238867,0.32409149210950733,0.3222646598827532,0.01985892951202712,0.012015158644055229,0.006505386695398238,0.0028362663929444496,0.0037411095682540634,0.0034466504229592066,0.0005182939182344917,0.00048551445553084827,0.0002788429346037443,0.03722768466120122,0.013453164185982051,0.009091797180651335,0.7632796141478048,-0.1268254420747159,0.7092713552335952,-0.07281718316050634,0.6364541720730889,0.5079480192130946,-0.15026124737071783,0.43950542130877324,-0.08181864946639644,0.3576867718423768,0.17676497535596944,-0.04711477398796468,0.15563247217852708,-0.025982270810522318,0.12965020136800476
"Northern District of Mississippi, MS, USA",0.5615080699853273,0.5891582568374852,0.6050447983932048,0.032270850416635605,0.02572559189064693,0.013175832992038958,0.36706933260121344,0.3677224186186839,0.369917285204281,0.009009983618211603,0.00639323609987456,0.004699576794974651,0.0015672698776911314,0.0017940569842063723,0.0015390973745579536,0.0002645449735545935,0.0002289712367230355,0.00015895902410379838,0.028309948527366312,0.008977468332380036,0.00546445021683881,0.7980125711771716,-0.11443767734261001,0.7482519097806575,-0.06467701594609587,0.6835748938345616,0.5935620188428872,-0.17084041530348937,0.5130548718098468,-0.09033326827044896,0.4227216035393978,0.2074634530062622,-0.05767945832183713,0.1815303042646316,-0.03174630958020652,0.14978399468442508
"District of Rhode Island, RI, USA",0.6871481188801054,0.7635077476285775,0.8188182533813602,0.16594615632112247,0.12415591425438222,0.08665728393883734,0.05047491703421353,0.048995459564657964,0.04000095417571146,0.034966398970413044,0.028494130123669373,0.0223410701080604,0.0032001414588306494,0.0038201234983208563,0.0039894086496028245,0.00029166769206089656,0.0002898352405442441,0.0003053362276663248,0.05797259964325396,0.030736789689847784,0.027887693518761483,0.7688365244557097,-0.13920663061978322,0.7139028618672605,-0.084272968031334,0.6296298938359265,0.27723473104551577,-0.027227316532187462,0.2811732804465324,-0.031165865933204084,0.2500074145133283,0.0748376503271365,0.015420718675571793,0.08704962411178518,0.0032087448909231125,0.0902583690027083
"District of Montana, MT, USA",0.8313016209735065,0.8779207915788623,0.8953973364959903,0.041687841545804606,0.028870595250728968,0.020041121930403073,0.004682607392377043,0.003783043515612761,0.0028087054350777827,0.007449560746155087,0.006203665802519671,0.005064315364195102,0.05957435034241048,0.06054284602517649,0.06032620442365564,0.0007738246212732597,0.0006155152286957445,0.0004710733267198333,0.054530194378473104,0.02206354259840411,0.015891243023958234,0.8740009466114519,-0.0995338860162891,0.8449003423171736,-0.0704332817220108,0.7744670605951628,0.349825577662802,-0.10044305342800722,0.30767127500889424,-0.05828875077409948,0.24938252423479476,0.014775589981695859,0.010526673213118839,0.016063796828220067,0.00923846636659463,0.025302263194814698
"Northern District of Oklahoma, OK, USA",0.5923303872931941,0.6777624699766313,0.7360432612629573,0.11058451233404291,0.07944683143287912,0.04373825370619697,0.07014277247794162,0.07274444364568142,0.07451420448836661,0.02664175425704954,0.016422130287879668,0.010816373368474824,0.08843013047628367,0.09363647375226375,0.08512962831738605,0.001355166155556089,0.0008547858653082006,0.00035219050862443695,0.11051527700593208,0.05913286503935659,0.04940608834799384,0.6463254729907668,-0.16743605999062894,0.573819103953107,-0.0949296909529691,0.4788894130001379,0.19792895076387276,-0.05037453250356677,0.17492775365963537,-0.027373335399329374,0.147554418260306,0.06121699995570429,0.0037003900749891933,0.06402136150888108,0.0008960285218124059,0.06491739003069348
"District of Delaware, DE, USA",0.5857234937190727,0.653403464450452,0.7247921415862335,0.10535530630759873,0.08155304334071849,0.04756939037558745,0.21514575347890832,0.20803745375924398,0.18945940219486232,0.042826892107873944,0.03153226911368125,0.020562474951050843,0.0025469225779988724,0.003145652394271437,0.00296502975240789,0.0003071259276920497,0.0002651080983840659,0.0002986728205180569,0.04809450588085535,0.02206300884324871,0.014352888319339958,0.6994176850987325,-0.16106974222609804,0.617226143926296,-0.07887820105366161,0.5383479428726344,0.3105628946743992,-0.08553376673228383,0.2666589874601079,-0.04162985951799256,0.22502912794211535,0.124225677170165,-0.012715356367429556,0.12318940341148374,-0.011679082608748295,0.11151032080273544
"Southern District of West Virginia, WV, USA",0.8983375660052098,0.9310121645956773,0.9391449185966844,0.012856808801057171,0.008341466203331278,0.005809643022903033,0.039287170925622804,0.038725392113225884,0.03912542921839556,0.007185934840418301,0.005798498107321216,0.004811063537382436,0.0018141576076612267,0.0019263672409357633,0.0019911313282714527,0.00016858179207883102,0.00018988039576791306,0.0001808292830922611,0.04034978002795195,0.014006231343740684,0.00893698501327086,0.9115396958669498,-0.07221434290193429,0.8947380724948195,-0.05541271952980398,0.8393253529650155,0.23992356902599415,-0.0871035877757455,0.1996623712062813,-0.046842389956032654,0.15281998125024865,0.02385953715040065,-0.00035278086906885206,0.0216570213682378,0.0018497349130939984,0.0235067562813318
"District of South Dakota, SD, USA",0.7957700015902249,0.8468667862143506,0.880426949144459,0.043692840716977176,0.02716721118180255,0.01444404406738346,0.019670293357032572,0.01223193888329362,0.00604495763363026,0.015036084572900536,0.009276818393966936,0.005717737704744291,0.0841296676204257,0.08533248176079,0.08079550211699371,0.0005560148285658539,0.0003844358741310275,0.0002901261717652919,0.0411450973138732,0.018740327691665237,0.012280683161024,0.8814601855300851,-0.12817645891155538,0.8317008738271868,-0.07841714720865711,0.7532837266185297,0.4554303121898682,-0.1494490234619058,0.38568223399483303,-0.07970094526687066,0.3059812887279624,0.02300252307051992,0.01538467308194686,0.029276479941417854,0.009110716211048926,0.03838719615246678
"Northern District of West Virginia, WV, USA",0.8830628318419782,0.9316566003772242,0.9540723854377384,0.0265902888649612,0.016295993097401526,0.008046444921808947,0.03308673374670479,0.028023200917245566,0.021307296787810088,0.009623417369026844,0.007663093657191099,0.005691632273458882,0.0017323079493558088,0.0018372819390534043,0.0018049388437619384,0.0003179185385957747,0.00023024166071681905,0.0001916416676582766,0.04558650168937734,0.01429358835116737,0.008885660067763491,0.9215717289199263,-0.11025088652637782,0.8853858922073239,-0.07406504981377537,0.8113208423935485,0.1196434869206157,0.008437455576621719,0.12311589396929348,0.004965048527943938,0.12808094249723742,0.010876640254132557,0.011463661155206422,0.014446831670474673,0.007893469738864307,0.02234030140933898
"Southern District of Alabama, AL, USA",0.595360581268551,0.6106015966259979,0.6250716693224924,0.03358272055607714,0.02471095044434403,0.01181388885021523,0.3091336369520722,0.3311330019581262,0.33772483283486504,0.012979409517922641,0.011311342069588793,0.00835351043619247,0.009558742062080508,0.009556860973038109,0.007964945632569578,0.00045134616618169307,0.0003458352161470101,0.00019238387671231144,0.03893356347711488,0.012340412712757945,0.008878769046953056,0.791970747124956,-0.11113125931349188,0.7474734391914413,-0.06663395137997719,0.6808394878114641,0.5797029140020549,-0.16299621452371826,0.5110619769580473,-0.09435527747971073,0.4167066994783366,0.1893128799718024,-0.05259579624555527,0.16512678909066117,-0.028409705364414034,0.13671708372624714
"Middle District of Louisiana, LA, USA",0.5336562569891588,0.5798331684291066,0.6206073036787526,0.06388238202300095,0.03409156047582138,0.01640572656461366,0.347035419584947,0.3545993325740262,0.33984302515818593,0.020813861782397327,0.017722427556368586,0.013038742274846206,0.0020611396890045084,0.0023950573592561118,0.0021615557535486483,0.0002530811154403023,0.00022181072317772522,0.00021247271496218693,0.03229785881605123,0.011136642882243428,0.007731173855090775,0.7794633200440905,-0.14360217261469854,0.725985522669736,-0.09012437524034411,0.6358611474293919,0.5579612105032493,-0.17591397656668784,0.4892218082598625,-0.10717457432330102,0.3820472339365615,0.19445159314996233,-0.039822844553579456,0.17763588108249348,-0.02300713248611061,0.15462874859638287
"District of North Dakota, ND, USA",0.8165488632731931,0.8891067910641935,0.9173902481562687,0.04288154758619627,0.020023045756978775,0.012124402033087503,0.033565945300036065,0.011478273798461138,0.005856649890372732,0.016749601795865352,0.010168382708248151,0.005552994817620092,0.04793851548471807,0.052874400624465676,0.047918327685868047,0.001115356625333869,0.00043117867895773704,0.0003394707992824397,0.041200169934657305,0.01591792736869494,0.010817906617500499,0.9050849266301457,-0.16124706992559124,0.8618044019548989,-0.11796654525034445,0.7438378567045545,0.39088581109881,-0.17653085371897922,0.3281691042879428,-0.11381414690811206,0.21435495737983076,0.012987485997310989,0.015198320062285118,0.017502279080897718,0.010683526978698388,0.028185806059596107
"District of Alaska, AK, USA",0.5749697603490598,0.6414009099566184,0.6765169899985044,0.06795661872919743,0.05529432511550806,0.04134401832079729,0.028284654093888997,0.0309342926674426,0.03372750708821226,0.05924514186014127,0.05259831411138151,0.03930801679620847,0.14848282961219525,0.1441018587098367,0.1531262915985185,0.017001100368336696,0.010171763129122139,0.005085179163309516,0.10405989498718057,0.06549853631009064,0.05089199703444959,0.6185671466860917,-0.1117993267803129,0.5703174913706028,-0.06354967146482404,0.5067678199057788,0.2549243320529612,-0.04082356377539262,0.22824616071639028,-0.01414539243882168,0.2141007682775686,0.029972503775337125,0.009010532468511696,0.032121108590407434,0.006861927653441388,0.03898303624384882
"Eastern District of Oklahoma, OK, USA",0.6020779428008622,0.6700711617269295,0.7124673255067413,0.06451581841866709,0.047730001274338185,0.027274603320187104,0.03830837353449734,0.04319201593593432,0.0498042396588095,0.007470744969868041,0.005564162927490158,0.003164266715582867,0.170550601194824,0.16376318772342838,0.15151076538567368,0.0011128397497004686,0.00028974426044789636,0.00023072778134458405,0.11596367933158085,0.06938972615143163,0.05554807163166101,0.620263452637569,-0.12455196375203187,0.5674334442266803,-0.07172195534114317,0.4957114888855371,0.17977939390408898,-0.03547633899903213,0.16044468445017374,-0.016141629545116887,0.14430305490505685,0.06192221794319052,0.0034191394588377264,0.06188883786496382,0.0034525195370644288,0.06534135740202825
"District of District of Columbia, DC, USA",0.3796400776234913,0.34810991195211044,0.27826181202844535,0.11262222944181284,0.09098780491858312,0.07857787163225206,0.40903895968277637,0.5003141006252099,0.5944927313283593,0.04814048807655602,0.03459760219903676,0.02628993573920887,0.001852115066093096,0.002197042468398818,0.0022271014117795133,0.0005061771010700786,0.00035897214309693246,0.00047723601680989573,0.04819995300820036,0.023434565693564096,0.019673311843144935,0.7067577937201536,-0.18587703033725156,0.6323485162430118,-0.11146775286010979,0.520880763382902,0.4783098203739663,-0.19191313779912023,0.40573344790137805,-0.11933676532653198,0.2863966825748461,0.24531567734666368,-0.05861126493330143,0.22931077043105813,-0.04260635801769588,0.18670441241336225
"District of Vermont, VT, USA",0.8913513051186154,0.9432416580499678,0.9615677152380436,0.02411028777146234,0.014715776789410011,0.009041730939508783,0.013450069590775141,0.009497812930002573,0.004798491292569977,0.017812128233638393,0.012585441161664187,0.008476622755789484,0.003085320622973509,0.0032330599961964,0.0038194085091493315,0.00026436719047656074,0.00022374117620736333,0.00019713076176254614,0.04992652147205872,0.01650250989655167,0.012098900503176269,0.9294617051757017,-0.1085722845327316,0.8980386061386506,-0.0771491854956805,0.8208894206429701,0.059683767280084656,0.05305301943815118,0.06935991106255811,0.04337687565567773,0.11273678671823584,0.004152824915824589,0.016653609123000505,0.006971088414014114,0.01383534562481098,0.020806434038825095
"District of Wyoming, WY, USA",0.8141859856358055,0.8585019143900388,0.8886492419731784,0.10235918807456344,0.08912115480833034,0.06413559019972377,0.008208358830963281,0.007719658071132275,0.007096248951966658,0.008731890904236969,0.007591913786801886,0.0054072444925088396,0.020422951507408325,0.020907481202073714,0.02073384611022678,0.0008477059067246135,0.0006475925525082235,0.0005346488936413235,0.04524391914029793,0.015510285189114768,0.013443179378754187,0.8310527053290895,-0.11000527732510534,0.7879003519115713,-0.06685292390758713,0.7210474280039841,0.17723227164370053,-0.03831205376230423,0.16550517193837153,-0.026584954056975224,0.1389202178813963,0.019037579860085606,0.0072636239190824944,0.023383277988792035,0.002917925790376065,0.0263012037791681
