longname,PW Density (r=250m),PW Density (r=250m) (2010),PW Density (r=250m) Change (2010-2020),PW Density (r=250m) (2000),PW Density (r=250m) Change (2000-2020),PW Density (r=500m),PW Density (r=500m) (2010),PW Density (r=500m) Change (2010-2020),PW Density (r=500m) (2000),PW Density (r=500m) Change (2000-2020),PW Density (r=2km),PW Density (r=2km) (2010),PW Density (r=2km) Change (2010-2020),PW Density (r=2km) (2000),PW Density (r=2km) Change (2000-2020),PW Density (r=4km),PW Density (r=4km) (2010),PW Density (r=4km) Change (2010-2020),PW Density (r=4km) (2000),PW Density (r=4km) Change (2000-2020)
"New York NY Media Market, USA",12574.529090619417,11842.7719724703,0.06178934457660409,12163.779763227636,0.033768231206677914,10894.222227335642,10160.7378633566,0.07218810029774106,10226.20606157182,0.06532394924781561,7835.598896238965,7195.699065758655,0.08892809783073442,7134.831682497617,0.0982177639117111,6684.468789226041,6088.216286320248,0.09793549947388133,6017.9789109283665,0.11074978629243118
"Los Angeles CA Media Market, USA",5133.259412076983,5195.57875622428,-0.011994687612547374,5481.746974645742,-0.06357235461260599,4155.200981602794,4190.373950417575,-0.008393754168712238,4328.86407345258,-0.040117473984642125,3159.436647332029,3157.633478246949,0.0005710507877188394,3231.8065859500325,-0.02239302900508484,2729.342943103661,2717.2826635020815,0.004438360338278581,2766.81017151539,-0.013541669319224663
"Chicago IL Media Market, USA",4441.825283259211,4339.330429352743,0.023619969849070988,5003.482165202605,-0.1122531995516069,3670.3141546862043,3559.7540112170514,0.03105836614574201,3966.412439381892,-0.0746514108708852,2620.3877276744474,2553.4024389213782,0.02623373728011534,2854.8668915224916,-0.0821331336127539,2268.090834218952,2218.9320211563954,0.02215426727536129,2476.90230416821,-0.08430347438325018
"Philadelphia PA Media Market, USA",3858.7632039031196,3769.3159223725684,0.023730375318142417,3910.1739240852808,-0.013147936940986035,3020.207943192908,2882.8558602459516,0.04764445036639396,2960.215283755847,0.02026631636093159,2147.1973928908424,2025.4167114943289,0.06012623511270682,2063.388073574489,0.040617332429942234,1763.2875867261228,1665.0347163091603,0.0590095025974936,1695.54070099473,0.039955918304790526
"Dallas-Ft.Worth TX Media Market, USA",2772.39802779422,2649.8700206849007,0.046239251794565395,3037.9659379434,-0.08741635540817173,1919.9133373780735,1826.4058809865196,0.05119752261257861,1935.2467198446925,-0.00792321842449605,1306.2206966564472,1211.9351030801142,0.07779755973459933,1229.8127412447125,0.06212974776501427,1125.9552284796978,1024.0439021732868,0.09951851291739415,1013.7172932493924,0.11071916793540673
"San Francisco-Oakland-San Jose CA Media Market, USA",5332.611315948019,4982.231818427771,0.07032581186292862,5237.836843346011,0.01809420099108411,4381.214734055101,4087.1287556745683,0.07195417515834894,4138.955898240157,0.05853138853640606,3218.6962875326485,2955.2202602480425,0.0891561386569851,2927.477618352535,0.09947767571456258,2540.266803024447,2329.0006056683733,0.09071109592753629,2286.2968984218305,0.11108351884566055
"Houston TX Media Market, USA",3336.2092576347973,3297.4101404185312,0.011766542699884272,3462.3393516836127,-0.03642915417504723,2122.061563965265,2050.131984327101,0.03508534093807294,2090.6411882323378,0.015029061854221705,1447.0765490859508,1347.3936908356297,0.07398198383168879,1306.489445399329,0.10760676573521895,1268.4892867687763,1164.4855770887516,0.08931300801512464,1098.4165339518995,0.15483447996270275
"Atlanta GA Media Market, USA",2553.1544503293967,2680.1018378724807,-0.04736662829344478,2762.143606497244,-0.07566194446814903,1203.3406058410444,1131.4640711385482,0.06352524709880504,1148.0922782632188,0.04812185276727301,807.6970151515147,697.9940867744963,0.15716885064738464,692.1310330417691,0.1669712476290185,728.5054833540755,629.2453015884219,0.15774481194390863,617.3828106990534,0.17998990371824508
"Washington DC (Hagerstown MD) Media Market, USA",4240.218171101949,3851.9367982492827,0.1008015949350835,4200.276904563985,0.009509198427980849,2827.111373309309,2535.528668906365,0.11499878032485844,2498.242744647934,0.1316399814893571,1883.6999073297063,1675.9926842155423,0.12393086501531031,1612.1452056242483,0.16844307867436029,1590.4105237463905,1413.8148131650523,0.12490724311057415,1367.4445371406136,0.16305303838648438
"Boston MA (Manchester NH) Media Market, USA",3679.8640289897457,3388.1988349147337,0.08608266760187114,3429.866335451562,0.07288846534751917,2807.6176947029735,2546.969686806589,0.1023365174884304,2535.6295825993175,0.10726650058437807,1990.504955761409,1781.1987854481006,0.11750859703211218,1735.3967862426773,0.14700279010604178,1640.717023966894,1467.6460798046974,0.11792416887402957,1418.5000659728814,0.1566562902072229
"Phoenix (Prescott) AZ Media Market, USA",2695.878384334414,2603.2421439979857,0.03558494954071393,2778.071048989488,-0.029586235631004258,1999.2892363330516,1858.8675449183854,0.07554152623651915,1967.28157535399,0.01626999478877449,1423.2614422896734,1299.439444334682,0.09528877893835877,1405.4856668597602,0.012647425618810585,1222.7477824228683,1113.7786091872542,0.09783737300820584,1219.3227782384195,0.002808939720946618
"Seattle-Tacoma WA Media Market, USA",3044.3796576302034,2540.523680496604,0.19832760505310826,2756.548250143187,0.10441732970647807,2152.794148661388,1768.2030464218003,0.21750392468662483,1702.0444348748565,0.26482840550497916,1482.8042864639235,1208.829949602882,0.2266442330875787,1117.9854086059656,0.32631810312520676,1165.9866293357595,964.8947232332475,0.2084081312297749,886.623037309032,0.3150872245262396
"Tampa-St.Petersburg (Sarasota) FL Media Market, USA",2539.9123205082005,2257.3236330378145,0.1251874934256058,2428.4521238925727,0.04589762981901739,1452.0316069159267,1331.8499314177382,0.09023664953772724,1373.2301811229772,0.05738398913466096,978.574551765404,898.1057724991056,0.08959833210110953,911.0594998134352,0.07410608414246747,838.1346187703649,768.6187090563991,0.09044264587223953,775.1327184044382,0.0812788556979148
"Detroit MI Media Market, USA",2194.741567559415,2133.154428591555,0.028871392592295247,2495.7420200504207,-0.12060559547934545,1653.5389377024935,1622.5306801252157,0.01911104545331916,1901.0595152489796,-0.13020138273475806,1225.7308535200802,1229.3058745213875,-0.0029081623015095085,1456.4439068204285,-0.15840847163418695,1089.353794578382,1102.991707638774,-0.012364474697264392,1313.4877710557298,-0.17064032221418995
"Minneapolis-St. Paul MN Media Market, USA",2035.9420322207027,1872.693697202411,0.08717300392593086,1957.097514893153,0.040286453141735366,1420.7785985023024,1291.6892785055172,0.09993836919211824,1346.9672080144069,0.0547982089309379,1011.6763349420828,908.9652571745969,0.11299780377387608,937.5182459475948,0.07910042211448683,869.5251320946322,774.2797609805922,0.1230115727077973,791.2078959548721,0.09898439656652144
"Miami-Ft. Lauderdale FL Media Market, USA",5037.240900166937,4618.314917034942,0.09070970487238983,4965.133607007825,0.01452272967183377,3596.435002748106,3315.8031807861785,0.08463464405489518,3292.16149042472,0.0924236290377517,2569.090968160879,2398.5057193841003,0.07112146842017225,2327.790900464462,0.10366054255486205,2179.9706275976664,2041.1842674632544,0.06799305792558018,1969.8030415309265,0.1066947210637862
"Denver CO Media Market, USA",2674.3509917427664,2468.2388150734596,0.0835057675175457,2575.0556550658735,0.038560462365755284,1998.510013075123,1823.9913594599177,0.09567953965904756,1881.6265529154994,0.062118309277958327,1421.639173736626,1281.1526254285297,0.10965637155144195,1284.1926658494783,0.1070295069752858,1194.0265753567608,1066.4755847784559,0.11960047880965008,1058.317893188971,0.12823054683396326
"Sacramento-Stockton-Modesto CA Media Market, USA",2917.9344051398425,2826.9840033435203,0.03217223786507235,3034.4004464350287,-0.038381895649935244,2247.11609682628,2098.1774145631375,0.07098478957469538,2097.363844890959,0.071400225716729,1550.2099037390228,1423.2226011743044,0.08922518688217916,1391.3860832751063,0.11414791507046695,1225.220213113364,1115.709211298638,0.09815371308735542,1075.4165751970452,0.13929824160360443
"Orlando-Daytona Beach-Melbourne FL Media Market, USA",2754.8508711497234,2625.804886177917,0.04914530613112072,2681.7379084244317,0.02726327673394708,1463.3432529578315,1358.6327944469047,0.07707046299699705,1332.9715673539174,0.09780530117586454,915.1345209318982,801.1852977434886,0.14222580407971014,770.4493937644165,0.187793161158256,769.9910472026845,675.3088996894334,0.14020568595615185,637.5853051647848,0.20766749322065892
"Cleveland-Akron (Canton) OH Media Market, USA",1924.1217667613398,1994.3287222691333,-0.03520330160411696,2300.440358932456,-0.16358545906652017,1320.8609447078359,1358.8972086248623,-0.027990537971240122,1594.706705182998,-0.17172170881650448,911.1291468220909,945.1846409156599,-0.036030519984515716,1109.8707982273745,-0.17906737588078092,762.4924456545338,786.4474503514194,-0.0304597652216706,914.1396757127627,-0.16589065553903268
"Portland OR Media Market, USA",2622.247310421169,2384.1284980253695,0.09987666880917662,2280.882849612936,0.14966330290315544,1984.4250000887855,1789.6951531225043,0.10880615429199411,1616.335233143038,0.2277310791709836,1426.9991060037485,1278.03020757407,0.11656132816488603,1147.949299756616,0.243085479738779,1169.2906742168395,1042.008580234083,0.12215071583591296,935.1091651844016,0.2504322679654817
"Salt Lake City UT Media Market, USA",2312.694994476057,2171.527449137867,0.06500840935454733,2258.2863712030226,0.02409288032148482,1781.6106729536518,1674.6128520424784,0.06389406410005226,1684.5154609069018,0.05763984617539594,1266.9182636152298,1176.8896069307773,0.07649711251953287,1178.8582814447848,0.07469937952382237,1018.9218249947049,929.8533137273032,0.09578770108413329,914.6705105942557,0.11397690555555116
"Charlotte NC Media Market, USA",1847.9643477394156,1655.9910673603667,0.11592651926864098,1613.3273067614693,0.14543672570009838,934.0849721089897,791.3392149343846,0.18038504156076884,717.8864081651112,0.3011598513147412,603.5297133527263,495.86808810652866,0.2171174710139209,431.9316644810032,0.39728054917647765,526.1925360088509,431.23177914258423,0.2202081605745212,370.58045829445575,0.4199144186678859
"Raleigh-Durham (Fayetteville) NC Media Market, USA",1877.69292519587,1723.4341400681978,0.08950663187023089,1788.7802535006397,0.04970575425417872,964.7354516446788,863.1163380698968,0.11773512919709415,844.4425359077599,0.14245245901499545,595.9562318321274,519.0482901664332,0.14817107217718348,480.3739343591735,0.24060901145092833,506.2972588637655,432.9299787211168,0.16946685087361466,389.7954561156998,0.2988793248361659
"San Diego CA Media Market, USA",4715.304956068426,4582.464461774717,0.02898887605170026,5309.981205185203,-0.11199215706000527,3235.0092682763907,3182.642980595347,0.016453710956686664,3307.584567687743,-0.021942084299325416,2244.804835633478,2173.846599679909,0.03264178620700155,2145.4210979745726,0.04632365075216729,1823.5044169014252,1749.0407401344103,0.04257400931741164,1704.3478180028653,0.06991331090985065
"St. Louis MO Media Market, USA",1889.5672867032886,1964.3030206865785,-0.03804694754130538,2260.982929487125,-0.16427175895047003,1257.5730119068994,1291.9958133331438,-0.026643121495447456,1423.6809301679914,-0.11667496188313177,889.4672334709788,903.915307811684,-0.01598388058686928,977.3478846852905,-0.08991747216254482,744.4213726938528,753.8266535637946,-0.012476715734946882,812.4070186583104,-0.08368421788961873
"Indianapolis IN Media Market, USA",1781.2328593360396,1727.7985931936828,0.030926212321766223,1743.4840860004026,0.021651343788421755,1162.349139291938,1106.5660624541736,0.05041097746486739,1124.1293731852832,0.03399943726971296,759.1413021382631,707.9198862733301,0.07235481988587084,719.4218865859165,0.05521018514023642,623.2059966077863,569.3459338652784,0.09459989004725652,566.3620550187633,0.10036679026305861
"Nashville TN Media Market, USA",1720.8635119159312,1620.6119842530397,0.061860290209502955,1632.303092585931,0.05425488668878333,888.4629914915058,795.7259271811039,0.11654397719441831,755.7618121301389,0.17558598123308772,547.2126720954275,457.53994759793414,0.1959888419978877,424.14258878870265,0.2901620505929323,445.7241265549007,367.90628991322,0.21151537436349888,333.9368133714561,0.33475588406929396
"Baltimore MD Media Market, USA",3466.862715533137,3474.7074204543146,-0.0022576591269235615,3767.4821737754737,-0.07979319990811785,2208.864743646387,2266.8432978849596,-0.02557678084438764,2415.3309906093073,-0.08548155419097887,1490.9554228053203,1531.2633718639509,-0.026323328696594626,1625.277536525267,-0.08264564709798315,1255.9467741801452,1296.2918812449666,-0.031123474310487613,1377.2988071021612,-0.08810871852662155
"San Antonio TX Media Market, USA",2953.2089151180994,2776.5078765106086,0.06364146851604137,2813.346767285999,0.049713796201178544,1684.4129272422144,1657.6926472536359,0.016118959104299037,1666.9625562773608,0.010468364090806911,1144.7566698574833,1116.7749833481496,0.025055796312201728,1096.0212311062605,0.04446577982985971,1003.2290250150936,967.2839126589296,0.037160870645885025,933.909560043129,0.07422502985060286
"Pittsburgh PA Media Market, USA",1962.6314914118707,1939.5023287692309,0.011925308002758168,2075.912798015948,-0.05456939555088522,1256.6249526622291,1261.5905079297406,-0.0039359485001673996,1368.7377833134315,-0.08190964844982969,803.9924037275314,796.1303993548044,0.009875272165336874,869.5369709405729,-0.0753787008528716,674.9772123391618,665.6797952008724,0.013966800863294817,724.6433398029395,-0.06853872068607428
"Hartford & New Haven CT Media Market, USA",2197.9971128243933,2243.430979706119,-0.02025195662033584,2311.307316466101,-0.04902429150570705,1453.9336756920288,1465.4566376787811,-0.00786305216441216,1456.9059908838562,-0.002040155789341092,959.8333317875525,952.8456665483968,0.007333470135271692,932.1096133211772,0.02974298094361843,753.0369439898516,744.7801952920158,0.011086155015975437,725.9066471576276,0.037374360654301504
"Columbus OH Media Market, USA",2316.6612075301236,2107.48192403173,0.09925555285343653,2271.453083818515,0.019902732763297785,1571.735037942287,1431.241832375541,0.09816175183585758,1478.584721881056,0.06299964735380528,1023.9130332284677,902.3524684065286,0.13471516849353102,909.1862425608161,0.1261862369854078,845.8360712636777,732.4700858274937,0.15477217108205998,727.0689423036324,0.16335057385857468
"Kansas City MO Media Market, USA",1739.2505641037424,1671.172641615747,0.0407366185830899,1764.4734183700687,-0.014294833803518498,1224.5691618256108,1183.7545718236847,0.034478929140731716,1240.6905671595691,-0.012993896915704477,854.0550803100103,811.5117312589408,0.05242481089591865,843.6643887684077,0.012316143338432414,689.6707603515827,647.0292751486024,0.0659034866593738,665.0657737667817,0.03699632059765138
"Cincinnati OH Media Market, USA",2222.932495169274,2291.4913344039837,-0.029918873445158395,2559.923043420462,-0.13164089018899391,1268.8588793308086,1254.9541319814386,0.0110798849097503,1380.6802196403278,-0.0809900357221378,850.4553962263009,817.3456667956335,0.04050884561543287,893.7040032497373,-0.0483925403334587,718.5764426756019,692.7547812060699,0.03727388416515457,755.0424035189614,-0.04829657337575433
"Austin TX Media Market, USA",2894.585983491905,2617.961862049248,0.10566392331862531,2720.452693815402,0.06400893868596667,1764.3136468227822,1595.4403072467348,0.10584748223358699,1582.3667734290493,0.1149840077843944,1116.1765928056404,1003.7883307122735,0.11196410503558843,1000.957781605906,0.11510856233604669,948.0785562325267,830.8546248636566,0.14108837799164517,809.0086499933817,0.17190163076783255
"Greenville-Spartanburg SC-Asheville NC-Anderson SC Media Market, USA",1308.7120156599817,1228.3679593768152,0.0654071572527236,1205.896262005994,0.085260861065242,585.1583353672357,535.8195048670071,0.09208106470942061,520.5437809834884,0.12412895273029276,354.5448812512574,310.92362413580406,0.14029573094259504,290.8806301910451,0.21886727561886385,302.5112267586032,263.9740902959233,0.14598832945869245,240.5510014201384,0.2575762519077903
"Milwaukee WI Media Market, USA",2377.178644909291,2495.9763261100825,-0.04759567627227246,2643.3557076772972,-0.10069664933664738,1817.4078418645884,1906.4735934692217,-0.046717537504707744,2009.7885910852938,-0.09572188342298184,1289.1552014010717,1344.767716564929,-0.041354736939933225,1406.0746389436297,-0.08315308042992539,1060.0014870771988,1103.2095957382367,-0.039165820192240255,1150.6535823917566,-0.07878313395255562
"Las Vegas NV Media Market, USA",3961.365642473704,3815.3283482506836,0.03827646820750781,4228.313599674881,-0.06313343391126484,2999.8277575357806,2824.7823445634435,0.06196775242143108,2874.2763295772666,0.04368105692084919,2191.934214738502,2037.0823250619424,0.07601651036457295,2063.8809980657747,0.062044864404844975,1876.1556300103273,1749.3113937228795,0.07251095301991843,1757.8875612495647,0.06727851733400614
"West Palm Beach-Fort Pierce FL Media Market, USA",2773.4198466244175,2573.106453927586,0.07784885556952904,2654.1185508203175,0.04494949774087034,1703.2009236770884,1530.5151588499807,0.11282852301630433,1516.2966774745878,0.1232636389560598,1199.9609437223428,1057.9437392509772,0.13423890061669408,983.6069155541213,0.21995984854004105,1030.5148669013308,903.8649934023865,0.14012034366128148,815.5432761187158,0.26359311280904046
"Grand Rapids-Kalamazoo-Battle Creek MI Media Market, USA",1699.0011482638781,1588.3884989837775,0.06963828392793617,1775.932399837505,-0.043318795006311056,983.1369918181308,944.1651953399479,0.04127645953328227,1019.5688253703537,-0.03573258876269504,632.3434276522636,598.6938405683533,0.05620499962379106,634.8158573882197,-0.0038947195587209333,520.0208198395552,490.41415877127497,0.060370730613608835,516.5220560402281,0.0067736968023193195
"Fresno-Visalia CA Media Market, USA",2801.5653508572755,2926.9071508405154,-0.04282397545383213,2904.2438650599056,-0.03535464615693083,2041.2328401576194,1984.4359830348685,0.028621158660855087,1922.4366862114346,0.06179457289711717,1307.585208030517,1223.7625168475588,0.06849588055604723,1146.2028462633934,0.14079738354622648,977.5922457565316,908.0798722927012,0.07654874376669861,842.1588467417799,0.16081692846750778
"Harrisburg-Lancaster-Lebanon-York PA Media Market, USA",1769.0994391752483,1798.5845204861816,-0.016393492201836085,1795.5698908995782,-0.014742089326897903,1196.9916287472145,1186.4472340450682,0.008887369281646245,1156.357061889937,0.035140155403958616,702.022698139166,672.1152011242818,0.0444975756609229,639.4299959142934,0.09788827960029306,507.4033600428303,474.118184627979,0.07020438467461182,444.96597543721566,0.14031945823332842
"Jacksonville FL Media Market, USA",2792.4120535969128,2767.781238611954,0.008899119136059737,3069.516355612125,-0.09027620964083512,1224.6171634046466,1168.0797181942523,0.04840204339631556,1254.7035659865617,-0.023978893021044716,689.6054501119517,621.1441758833903,0.11021800877581416,642.7928390863175,0.07282690188673357,568.6985983793636,505.7913400556353,0.12437393316542095,514.6938348609855,0.10492599650618384
"Norfolk-Portsmouth-Newport News VA Media Market, USA",2730.2366233088464,3527.591124863608,-0.22603370779984905,3756.7084783851633,-0.2732370267701874,1575.5129297688686,1770.5940674586134,-0.11017835272076255,1804.7963198238535,-0.1270411444973263,1023.1363233016328,1029.9389299282261,-0.00660486406419003,995.5729820807214,0.02768590722832268,850.0639434524614,838.4575631414029,0.01384253756096315,819.1539534034105,0.037734042447853104
"Oklahoma City OK Media Market, USA",1813.3261684896302,1710.1454351497098,0.060334478705249835,1701.8290996849457,0.06551601969041752,1160.4703926723735,1116.367358484002,0.03950584353188394,1102.73251868619,0.05235891116639348,756.3675841542578,717.2157364746313,0.05458866236269668,694.0967541046808,0.08971491320385214,600.9374276871669,556.3865511362853,0.08007180701959295,530.194206432631,0.13342888397541341
"Birmingham (Anniston & Tuscaloosa) AL Media Market, USA",1365.9309148735265,1363.2982048370907,0.0019311329150839818,1379.3440553315882,-0.009724289169345209,687.8407951585169,677.0633892178618,0.015917868418650054,706.5117605101574,-0.026426970356669716,402.7139312715707,397.30693440218715,0.013609117790806343,423.9542038629907,-0.050100393858305135,334.5806452561464,329.7561263147511,0.014630566519908444,351.36079397493927,-0.04775760132187575
"Albuquerque-Santa Fe NM Media Market, USA",1608.380269650293,1695.5026374360234,-0.05138438942063738,1640.2290976595189,-0.01941730460377252,1158.998077868583,1168.9275154128288,-0.008494485255348756,1073.7773184281268,0.07936539352983225,773.9829653913212,758.6719152062174,0.020181385231509516,674.417840882736,0.14763121387516354,603.4828817230424,585.4306782295805,0.030835766154336378,516.9230129577545,0.16745214779664294
"Greensboro-High Point-Winston Salem NC Media Market, USA",1384.6787829828456,1303.9491901056267,0.061911609355483704,1286.394670063218,0.07640276752296994,738.5411023825419,669.3895321219204,0.10330542523038208,658.7976370964514,0.12104394550889334,488.7317880158918,441.374284176234,0.10729556645567657,417.9520158394302,0.16934903887065822,423.84242286667626,383.4820526235364,0.10524709035799798,358.5645247575432,0.18205342024081478
"Louisville KY Media Market, USA",1687.5545875585283,1747.7213187997336,-0.03442581525670548,1723.4377423813637,-0.02082068527364023,1060.6218648397453,1060.9581891761213,-0.00031700055648489555,1091.8324874414145,-0.028585541244342143,709.5321274027629,689.7487873961845,0.028681949672228976,708.4255940370498,0.00156196130550189,597.1622746192626,579.4135162023263,0.03063228233484736,589.4313188442038,0.013115956902694164
"Memphis TN Media Market, USA",1619.1411516469072,1705.1996373918494,-0.05046827588854698,1859.106605857231,-0.12907568261782174,1027.4807765162793,1052.011823909711,-0.023318224031232033,1154.197424006608,-0.1097876713764032,666.2535584158175,671.9459399712063,-0.008471487387263225,734.1258919034473,-0.0924532620851308,551.2248457645458,550.8648736921883,0.000653467101550173,591.5566222148595,-0.06817906339938641
"New Orleans LA Media Market, USA",2355.0389884093215,2222.1421401353305,0.059805736938995956,2918.367584978863,-0.19302866419879777,1635.3093000124372,1564.6680760088225,0.04514773777695228,2051.032336937685,-0.20268965507679293,1087.8080566207723,1020.6159558801197,0.06583485232965029,1374.3198805626325,-0.2084753542418125,882.709810445923,825.6161547658162,0.06915278407591396,1108.1640046315451,-0.203448400456378
"ProvidenceRi-New Bedford MA Media Market, USA",2893.878434117834,2876.2595779490653,0.006125614080121326,3009.1164643104144,-0.03829630111009647,2284.3954761340165,2146.33044248733,0.06432608461103795,2208.1084011287503,0.034548609554797854,1509.6343383455546,1401.5960626155281,0.0770823196580729,1425.059845455742,0.059348028898228565,1190.7302087444245,1110.0766914380258,0.07265580651181658,1117.2177701483085,0.06579956080214994
"Richmond-Petersburg VA Media Market, USA",2082.566831117891,1986.6421914707569,0.04828480944327422,2003.152953350886,0.03964444034798293,1139.1100254178107,1065.8939332173593,0.0686898479471137,1041.7235460170552,0.09348591550330668,712.7531312853096,645.5158790838458,0.10416049299498387,618.3615734386652,0.15264783890392722,609.4487409623869,544.0300749063582,0.1202482529431648,512.8455691844377,0.18836698137330915
"Buffalo NY Media Market, USA",2099.4726042635916,2058.494119943257,0.01990702034235798,2293.534411250513,-0.08461255520518325,1577.5602227885586,1523.455311997616,0.035514603129380935,1683.5732665583976,-0.06296907053326731,1092.3809584766173,1037.906820511544,0.05248461315460378,1147.931192595327,-0.04839160611457709,892.9829942799789,838.3269991992936,0.06519651058941033,929.0089331158941,-0.03877889388542722
"Mobile AL-Pensacola (Ft. Walton Beach) FL Media Market, USA",1735.1254641598657,1638.3574700962993,0.059064029572177934,2080.2977331533098,-0.16592445566444608,813.7012270973777,784.0155530395042,0.03786362903489201,915.8946998001412,-0.11157775312496439,478.358088465084,459.66283928194383,0.040671656669798883,482.364112651279,-0.008304979746889133,386.0933380451726,372.41077331682203,0.03674051802123978,392.18103226245086,-0.0155226635570798
"Wilkes Barre-Scranton PA Media Market, USA",1538.1835463953166,1574.5578191335828,-0.023101262015440962,1652.6217086346885,-0.06924643531030149,1046.2573864392507,1047.4933579056187,-0.001179932509394863,1095.2047597076055,-0.04469244023503205,530.9862397253821,512.9480428871549,0.03516573869099549,532.5803153430359,-0.0029931177922469716,344.8259640185077,334.19837200845654,0.03180025068997715,345.2129381438066,-0.0011209722537620366
"Little Rock-Pine Bluff AR Media Market, USA",1244.4954583352496,1231.9594933348142,0.010175630828982547,1237.9982955555465,0.005248119325388513,657.1849546103858,655.8520891053,0.0020322653952418966,655.8122309616008,0.0020931656714792443,375.3694915283679,370.24754570243255,0.013833841399861354,368.56718962057425,0.018456070153169007,283.30185451713083,272.7518017380732,0.03868004798439051,266.4744530949109,0.06314827266472124
"Honolulu HI Media Market, USA",5128.882231988817,5088.767736896786,0.007882948714906989,5564.05075168828,-0.07821073874414634,3508.012527497259,3434.9392451861277,0.0212735297759747,3360.536391857482,0.04388470126290214,1966.8119529420565,1871.2471841363272,0.05107009358030758,1780.6913856937958,0.104521518295403,1252.363632831304,1190.5001413745692,0.05196428736690964,1143.3282355073563,0.09536666194162753
"Tulsa OK Media Market, USA",1422.8533407236018,1362.4981241065475,0.044297467680281775,1387.5453950029982,0.025446335556125924,926.2200094885219,884.8670698644436,0.04673350498896218,904.3212175417126,0.024215722822846623,596.5184941323956,555.2143083532486,0.07439323006940181,563.9343713810002,0.057779990731193095,484.8470030649976,442.85118888823166,0.09483053276247379,443.41275083139806,0.09344398002969102
"Knoxville TN Media Market, USA",1315.485700609716,1345.6969593071992,-0.02245026897663251,1254.6847661641782,0.04845913179564497,624.7516505329528,594.7610468509561,0.05042462656353521,578.3078880325794,0.08030975101926494,357.82562853287635,324.0551064916531,0.10421228169133365,301.9027697038287,0.1852346663924575,303.71996398211064,273.7390486860645,0.10952370675631855,252.82179506388144,0.2013203367429955
"Albany-Schenectady-Troy NY Media Market, USA",1707.4977625708707,1742.2518769098995,-0.019947812827539907,1831.9140359276755,-0.06791599983227423,1130.4417739015396,1150.2255179203087,-0.01719988272781457,1151.6709585672968,-0.018433376745183156,716.0673921951146,700.920298444654,0.02161029404351978,678.3523768527801,0.055597970360645774,523.0476280537837,505.5117438064744,0.03468937064699051,483.075367074082,0.08274539275684435
"Ft. Myers-Naples FL Media Market, USA",1987.4806858302823,1781.850390296001,0.11540267165759181,1989.2293071306262,-0.0008790446099279987,1018.5666406941037,946.9590323583692,0.0756184860050368,1009.5851682361317,0.00889620087591396,655.5834416340347,584.7751635659407,0.12108632937881166,561.3527613345549,0.16786357312192896,535.914823939002,463.88396825460427,0.15527774317232562,419.3989865455858,0.2778162111289501
"Harlingen-Weslaco-Brownsville-Mcallen TX Media Market, USA",2287.0178732778804,2294.538762334849,-0.0032777345845817645,2104.7523794103686,0.08659711976121971,1380.8700915034942,1397.5360427880516,-0.011925238973664851,1332.6714089535812,0.036166966760214934,893.8431223910445,867.6934852670884,0.03013695223942695,794.2884832746045,0.12533813748124262,730.7313390914642,692.4721566551506,0.055250138317642986,598.6354944983805,0.22066156418568508
"Lexington KY Media Market, USA",1513.0489001787164,1656.6483243120626,-0.08668069259236244,1697.0225171053498,-0.1084096498851656,875.5018925018779,845.6394459012596,0.03531345036629855,824.9327076860151,0.061300981697904065,537.2583820075012,487.16256494335954,0.10283182795452696,467.24252498961107,0.1498490682530381,413.7864387877068,374.44574950980456,0.10506378915878745,351.3882201493313,0.1775762961315488
"Spokane WA Media Market, USA",1617.4449748775585,1474.838848163985,0.09669268401161439,1584.8668462588623,0.020555751226418832,1111.8125215952402,1033.3511484093247,0.07592905210072497,1025.8176401409976,0.08383057386537314,715.3958748913167,646.9525083593421,0.10579349434094551,609.3116118235802,0.1741051064991883,533.2787722349366,475.1568359676649,0.12232158282834209,443.665745710955,0.20198319881644378
"Dayton OH Media Market, USA",1539.395688154462,1585.819053629359,-0.029274062112351833,1794.6078783100802,-0.1422105593317369,1074.9205832563068,1095.6402789823314,-0.018911038708133092,1205.9148351688839,-0.10862645362036018,698.7943725014193,699.8214318453817,-0.001467602015637178,775.8405666974427,-0.09930673582072357,550.0239314140928,548.9409884865905,0.001972785691387115,604.8940272581076,-0.0907102622466494
"Tucson (Sierra Vista) AZ Media Market, USA",2304.004719062555,2330.777379897663,-0.011486579999452212,2910.4894840815837,-0.2083789576757077,1504.9918583185708,1492.1426542943107,0.008611243695286663,1632.7995616775227,-0.0782751945545866,980.7227199502856,977.8747453430284,0.002912412474931237,996.786786533619,-0.01611585025038003,811.1196615431554,812.5862326479403,-0.001804819040566081,843.5169198768857,-0.03840736038639129
"Wichita-Hutchinson KS Media Market, USA",1375.3677026579146,1402.6889066215363,-0.019477735821998108,1397.8300120705378,-0.016069414176728736,1002.7050558032398,1018.4399281646607,-0.015449975915395285,1027.1214453451576,-0.0237716675594411,624.238172057804,626.5866105904031,-0.0037479870985213655,614.1787184327949,0.016378707570131948,459.1376516961081,452.76810152587177,0.014068018813097324,439.22297528314886,0.04534069830960248
"Des Moines-Ames IA Media Market, USA",1648.8297411972796,1525.474066543551,0.08086382938861114,1477.4627716602638,0.11598733506120515,1146.7843051375105,1074.984210887203,0.0667917663563166,1062.9792592158703,0.07883977527789278,687.1841202023887,633.8184884704843,0.08419702596666918,618.6274296711827,0.11082064461261575,506.2603491699559,452.49966963098734,0.11880821831938633,430.1728066260229,0.17687669088316124
"Omaha NE Media Market, USA",1856.4753745732569,1800.5644699381485,0.031051875991437848,1939.9992460986523,-0.04305355875439762,1432.5112548461414,1372.9621442986167,0.04337272574834575,1423.0422157838304,0.006654081626872356,1000.4904758195445,937.6872852647527,0.06697668992819869,931.9239508352639,0.07357523639437086,836.3495553414942,768.7317688795055,0.08796018221095205,742.1408714761267,0.12694178084813657
"Green Bay-Appleton WI Media Market, USA",1308.5847694067775,1280.940461351178,0.021581259152700386,1349.1034896785789,-0.030033811773368762,913.3113723694402,923.6943150566161,-0.011240669686853656,970.9308383795492,-0.05934456269436654,586.5751890080372,583.7266333882799,0.004879948004466952,607.8428981789169,-0.0349888256235242,433.9344363842497,424.89261430737264,0.02128025240357811,431.42064558311586,0.005826774464481532
"Roanoke-Lynchburg VA Media Market, USA",1517.0728210719549,1334.1947815717117,0.1370699706116439,1664.386142695119,-0.0885091012501591,708.3183336058385,659.7014822151797,0.07369522837421952,696.6492586780313,0.016750286865948195,365.3124253934765,343.06843093420304,0.06483836008664873,334.5553345713151,0.0919342411968179,285.6989087992801,269.28220507480245,0.06096468097443479,260.1627983300508,0.09815435040344768
"Flint-Saginaw-Bay City MI Media Market, USA",1271.133370327187,1375.4149503845938,-0.07581826853652235,1452.1673673137757,-0.12466469159231,710.7051089527158,791.5982520417676,-0.1021896433960084,899.7290475041359,-0.21008984768889677,426.3955756158631,481.02787952497545,-0.11357409047280759,554.1777602161478,-0.23057977741734964,331.15777972465037,373.36720666308025,-0.11305070768177801,428.7654194758385,-0.22764811553719164
"Waco-Temple-Bryan TX Media Market, USA",2251.058026741525,2086.0093534834064,0.07912173211616014,2422.93941310171,-0.07093920113344995,1297.2351976895388,1201.1673743674285,0.07997871518338785,1275.4283040484665,0.0170977024516806,768.7162189534531,702.7114454402978,0.09392870137727546,663.0261462081131,0.15940558807490166,594.4318242815556,536.50951261353,0.10796138802062479,491.67577744356987,0.2089914768066424
"Columbia SC Media Market, USA",1707.1164874967335,1688.7305493064528,0.010887431507549672,1572.2406443624313,0.08578575017630108,800.9174863333152,787.4472459461175,0.017106213091155335,747.1532914151102,0.07195872056773718,463.8748795050121,439.45198267113074,0.05557580303866444,417.6039710056446,0.11080093033584212,391.5481119624188,365.6115853389299,0.07094011148318823,343.8800630784364,0.13861823932813933
"Springfield MO Media Market, USA",962.3714268271117,918.4999303203972,0.04776428942287557,903.3942605512233,0.06528397273622523,556.2882224145714,523.3782846611333,0.06287983035969084,498.7688774930901,0.11532264244430153,333.16039730976786,304.1214465123426,0.09548471878732419,287.84030081531193,0.15744875323603427,265.02902498329865,239.18936684131938,0.10803012894432534,225.49785050369468,0.1753062141891959
"Charleston-Huntington WV Media Market, USA",1005.3737542972174,1086.118375549499,-0.07434237654936143,1206.7755790283597,-0.166892526026506,498.14493587519024,525.2849383904479,-0.05166720104029389,560.2270095370261,-0.11081592391116726,238.37301293419063,241.996506188677,-0.014973328795339053,251.8022720524422,-0.05333255736252725,165.4366627055863,168.14641873108303,-0.016115454887150847,174.76333569109548,-0.053367446602155935
"El Paso TX (Las Cruces NM) Media Market, USA",2591.6004479014036,2756.9854720808044,-0.0599876299147047,2862.2830979211762,-0.09456879028366008,1847.3541926139885,1950.1626383046319,-0.052717882945403756,1957.9274027480649,-0.05647462208194259,1250.857008705391,1290.8335262953365,-0.03096953772550137,1270.6223121157614,-0.015555608635156362,995.8758479453214,1007.3890147269296,-0.011428719802676292,965.7025169333834,0.031244954303064554
"Rochester NY Media Market, USA",1985.3218265614394,2035.7569328679292,-0.02477462092462973,2288.0071283052,-0.13229211482744335,1345.9894671195466,1369.5223138534056,-0.01718325177750848,1467.5664443168844,-0.08284257088879464,969.2879902907099,965.4095071022504,0.004017448719871323,1019.3780811939156,-0.049137892826319356,814.36370744451,802.980179970511,0.014176598324527875,845.0819282960354,-0.03634939977176342
"Huntsville-Decatur (Florence) AL Media Market, USA",1069.3321745387668,1066.8519734791316,0.002324784619882138,1083.9260381835306,-0.013463892489584033,571.6933293751916,538.2291177889309,0.06217465848695288,518.8536569358363,0.10183925993970538,348.62494241126046,317.63898154407514,0.09755087589237141,295.39220869205826,0.18021035136609337,277.6762874955917,250.86263845223604,0.1068857810345518,229.7968248399138,0.20835563193282913
"Toledo OH Media Market, USA",1457.2199824330733,1525.1923147717348,-0.04456640102388301,1689.4958222691155,-0.13748234045591123,1021.9794650187134,1071.9138635061115,-0.04658433871175824,1209.9360931562283,-0.15534426090820458,657.6519803650028,694.0026187037755,-0.05237824376897402,777.7469311491401,-0.15441391791375383,518.5706331490602,549.7080243171403,-0.056643508536662945,611.3111998538816,-0.1517076191749614
"Madison WI Media Market, USA",2196.5648014962803,1778.463370276537,0.23509139305732893,1883.3356048976689,0.16631618697381914,1564.1525997307976,1288.9744652377851,0.21348610225746303,1280.4185276568207,0.22159478791142861,796.8971509565764,674.0822387442723,0.18219573985674553,667.6453645206719,0.19359347537550758,519.5237712025677,447.2688411058284,0.16154697903412188,430.6433416687605,0.20638988446771722
"Colorado Springs-Pueblo CO Media Market, USA",2169.8606669929727,2118.9773122530764,0.024013166373071156,2735.4025304272373,-0.20674904594240237,1521.9497917216695,1472.5192984470514,0.033568655654800945,1609.8284494383656,-0.054588833827203816,1019.7944428500654,959.3372762186318,0.06301972010275085,929.8669168085914,0.09671010379648239,838.8002305598995,777.6817722366076,0.07859057586950469,744.9602448391329,0.12596643427734927
"Portland-Auburn ME Media Market, USA",1328.3968352068566,1271.6940733850104,0.044588366816017445,1305.314891365847,0.017683046438593315,722.652814282567,695.8510636314702,0.038516504539384086,726.9210725665527,-0.005871694252741463,352.8869545200526,336.88294001301983,0.04750615898333778,342.05221144419426,0.031675699537542755,245.6694359804117,233.96426745544883,0.05002972741207903,234.78735555555565,0.04634866472730944
"Syracuse NY Media Market, USA",1872.070778923915,1846.5477437943994,0.01382202827697773,1993.9335850248128,-0.06111678293406215,1257.0795638648633,1234.7044554632485,0.018121833368795887,1269.3337058768411,-0.009653995600402653,775.6477602108816,747.952666424005,0.037027869583363,753.2838873176141,0.029688505581744937,566.4503870755909,540.1663579293626,0.048659137616388765,545.1782581964978,0.039018666939256416
"Chattanooga TN Media Market, USA",1310.331991167316,1341.3722447183682,-0.023140670811754735,1236.7836035555576,0.05946746658050627,616.2108870049307,610.3068434142318,0.009673893803434894,574.9601159722491,0.07174544787846213,371.16100106539506,350.671200839161,0.058430233726641106,331.15927081583385,0.12079302551613356,311.96690785432423,294.72721011524766,0.058493743188269956,276.6592613209339,0.12762141547263176
"Savannah GA Media Market, USA",1721.1710678934667,1926.1807843990634,-0.10643326844814123,1841.6960927491969,-0.0654424067739733,827.9970134032078,849.5604421154028,-0.025381865307313654,829.9141481605005,-0.0023100398535704516,422.9119963422964,406.9542967136704,0.039212510489485555,417.4839093584831,0.01300190704871528,305.5399809829427,291.2864280965201,0.0489331170681923,299.7307876987531,0.019381369957991137
"Shreveport LA Media Market, USA",1216.3682252866208,1228.1171235214724,-0.009566594268438419,1215.3267299557044,0.0008569673530955455,605.3950897826761,632.651645397221,-0.0430830391619885,650.3910891182212,-0.06918298864849022,327.01792377128396,345.1067544060853,-0.052415174156563514,356.498897169457,-0.08269583337353116,247.15425954578782,261.52804385340056,-0.0549607762740349,270.54802202826954,-0.0864680595596345
"Paducah KY-Cape Girardeau MO-Harrisburg IL Media Market, USA",821.3722271469244,890.9038251072451,-0.07804613247894704,988.917345733236,-0.16942277259995342,471.3747198252443,511.5745574061333,-0.07858060374369788,539.886518246951,-0.12690036907046554,233.0729662564577,241.44315318701854,-0.034667319491463906,241.29062163366225,-0.03405708569013904,135.29195879371125,135.0020683854524,0.002147303457834235,129.83251715058748,0.042049879051421164
"Baton Rouge LA Media Market, USA",2201.7839993713173,2167.033340386009,0.016036051839939957,2164.996856357084,0.016991776642176177,1027.102469542815,1015.8615413646842,0.01106541366161972,1041.8867957049658,-0.014189954439481485,587.6079317071798,576.9751347107547,0.01842851859076295,570.1677985544741,0.030587720311320704,485.5841796131137,470.16671490922226,0.032791484839304635,454.9410720360239,0.06735621261881439
"Champaign & Springfield-Decatur IL Media Market, USA",1661.8158380331722,1683.2865189696433,-0.012755214691325126,1685.999736010825,-0.014343951224377613,1205.5143109233238,1214.118391893492,-0.0070866902499924075,1196.8050635338432,0.00727708100078102,628.4542061044161,646.73829143813,-0.02827122744357095,640.5612414685,-0.01890066800846127,421.4376413114598,431.8658354910443,-0.024146837565253005,429.46037413012186,-0.018680961741609395
"Charleston SC Media Market, USA",2050.2545258259725,1957.66453929815,0.04729614531456818,1934.79603298328,0.05967476202887702,1094.9245057661908,1024.8156632249556,0.06841117388917746,1014.3498065560693,0.07943482483985433,625.5154113269205,565.101060955359,0.10690893106699366,530.4318651742539,0.1792568516249121,485.75939905458165,425.44934888335524,0.14175612286049477,374.7231795047843,0.2963153218771717
"Cedar Rapids-Waterloo-Iowa City & Dubuque IA Media Market, USA",1585.9056694599258,1559.44880088583,0.01696552561332389,1623.4330995542073,-0.02311609274480512,1050.0434957615655,1039.6090236810508,0.010036919498417146,1058.8670893082322,-0.008333051084278368,609.4495370499222,579.5429659838862,0.0516037167585389,579.3371435801829,0.051977322364747794,435.2630940825541,403.2660328628623,0.0793447962689508,398.1367332250037,0.09325027750345449
"South Bend-Elkhart IN Media Market, USA",1347.1364772815655,1332.2645953610431,0.011162859068916472,1541.4178227873833,-0.12604067672871083,805.5726341519768,791.1768402277016,0.01819541876394161,895.5782626081458,-0.10050001458727942,499.5150123068559,487.5973966483389,0.024441507974481996,528.7750040406482,-0.055335429077020146,398.8143046292353,386.10742600344594,0.032910215577350695,415.0254091083205,-0.03906051081044565
"Jackson MS Media Market, USA",1360.0808038196676,1342.2219442391013,0.013305444496133929,1245.1977125838594,0.09226092376721365,631.1276008783009,662.0264467247817,-0.04667312914664595,678.3981507612223,-0.06967965615749347,318.3451372554703,338.54392559203313,-0.05966371513309512,367.8140462025998,-0.1344943442423103,239.7802983251311,254.867162560887,-0.05919500999722435,275.34865664085595,-0.12917571035081366
"Ft. Smith-Fayetteville-Springdale-Rogers AR Media Market, USA",1413.0447599945594,1283.9619765416728,0.10053473997771228,1125.984610007921,0.2549414507402717,811.4786488839616,715.164075211475,0.13467479283548486,633.2273123370742,0.28149660173217883,491.59539276163497,415.6398303135691,0.18274370478585525,360.62286737799246,0.3631841938807547,378.639236226389,310.9134889807249,0.2178282694253346,259.10855419408324,0.4613150746955743
"Boise ID Media Market, USA",1912.3875859881941,1788.196807832151,0.06945028512079762,2392.4574124051214,-0.20065971662764784,1355.1627430242704,1229.2934181408134,0.10239160401088139,1333.1508084013772,0.016511211247952098,954.566575750666,821.5092996038491,0.1619668532188013,765.770294102269,0.24654427457221675,763.0055873880084,645.063627327399,0.18283771563630347,572.5033021268393,0.33275316413627054
"Burlington VT-Plattsburgh NY Media Market, USA",1158.5439567121757,1251.3546769800544,-0.07416819705494095,1337.4525985302214,-0.1337682113105581,619.4695679090086,632.8781037997709,-0.02118660103779558,642.605590076285,-0.03600345612388763,279.35281454453917,266.5535623725782,0.048017561866499,252.0764250957997,0.10820682433263364,162.18986677635698,151.66728485350345,0.06937937824242962,140.58375000526812,0.15368857901627475
"Bakersfield CA Media Market, USA",3163.169180729283,3566.443109730232,-0.11307454418681387,3285.8104798499203,-0.03732452004542841,2358.2333524117103,2346.5549786935712,0.004976816577568911,2171.437091578952,0.08602425626658623,1522.6758320689064,1425.85707913114,0.06790214415933182,1291.5552464975367,0.17894750239924057,1152.4219328402453,1055.4207888705425,0.09190755478059934,952.2156656410084,0.21025307020596318
"Reno NV Media Market, USA",2329.6634741679773,2225.0296088570294,0.0470258305302719,2456.2514868051503,-0.05153707318537901,1588.8503897882597,1473.2086823827244,0.07849648782852663,1531.4701156861702,0.037467446158020834,966.2187511116987,866.9107411762491,0.11455390413170528,853.3172115024485,0.13230899141300898,701.0507483934504,622.4232189547682,0.1263248655323638,610.2866551370527,0.14872370629833734
"Greenville-New Bern-Washington NC Media Market, USA",1508.7479623071004,1470.7839370831193,0.025812102149600467,3028.179426134522,-0.5017640139530898,653.7038926667701,650.3039542433002,0.005228229662890736,998.1997261190035,-0.3451171388231409,301.4475815705916,303.8657561734794,-0.007958035921320621,292.56420527610993,0.030363852222105876,229.7951252023009,226.83952025890267,0.01302949741749088,198.79790970426436,0.1559232465982596
"Tri-Cities TN-VA Media Market, USA",907.6564231746565,921.4639369700704,-0.014984323576259919,1031.7051271508399,-0.12023658767574086,418.8210008430369,407.0447891730065,0.02893099723486491,423.858005748755,-0.01188370831127765,232.0709030852425,218.09142012609863,0.06409918808846789,209.20569012090482,0.10929536835792246,183.3664349387601,171.89245711034152,0.06675090938430873,162.7416104588805,0.12673356507732744
"Myrtle Beach-Florence SC Media Market, USA",1376.2043900355027,1213.8624736608576,0.13373995810665612,1044.9798732324214,0.3169673649105884,608.7249467192747,533.4066639401092,0.14120236560753255,470.41429692213865,0.2940188057677779,311.4262898519813,259.91407158585315,0.19818941680159471,225.14569531575324,0.38322116003694745,237.41257793868238,189.76222849164836,0.2511055536488451,156.1545529175388,0.5203692335762623
"Monterey-Salinas CA Media Market, USA",3872.5705482467188,3884.929350109086,-0.0031812166319112717,4767.2871096951,-0.18767834637624847,2712.6848088377283,2659.782412668585,0.01988974583679037,2792.724672382087,-0.028660134074759324,1532.5514759315165,1458.4735261847043,0.05079142570424062,1433.0728564619453,0.06941630289137557,920.5180396147279,867.2546531965103,0.061416086061804834,855.8233615568855,0.07559349389592722
"Davenport IA-Rock Island-Moline IL Media Market, USA",1327.341272038731,1361.0116094801763,-0.024739199288906395,1391.7919344159154,-0.04630768492291348,943.5580310518632,982.6921262117282,-0.0398233527226139,1008.977199228113,-0.06483711249996212,584.8210169488177,594.3487833750404,-0.016030598013709672,608.5606326457205,-0.03900945020662062,412.4843475535429,412.5207821180301,-8.832176720935924e-05,417.8751645348762,-0.012900544083144257
"Tallahassee FL-Thomasville GA Media Market, USA",1681.7503062647954,1741.8494720779368,-0.034503076630063856,1665.6709329819016,0.009653391293866399,851.5579811563772,821.3179262870706,0.03681893929432752,747.8259454489659,0.13871146934482814,512.3720202077636,463.574832960215,0.10526280500593199,418.74097005509964,0.22360135942834453,395.66383780017827,360.59959133143064,0.09723873046910841,322.683085405934,0.22616850927415302
"Tyler-Longview (Lufkin & Nacogdoches) TX Media Market, USA",1160.4590800444685,1185.1096840111077,-0.020800272159794592,1061.4894602245802,0.09323655441566911,573.9478110367281,583.7556351032107,-0.016801249489863165,555.3322399349344,0.03352150255849518,324.67330894653907,322.58775719636304,0.00646506788819801,305.2334781744682,0.06368839646403164,252.36313356757975,244.83953002206192,0.030728712576926998,227.3916540011602,0.1098170452917861
"Yakima-Pasco-Richland-Kennewick WA Media Market, USA",1889.2714501361518,1850.5097699262574,0.020946487740747807,1708.6402068065277,0.10571637177333339,1327.4454135421397,1327.9358532139852,-0.00036932482142000653,1209.5088220433347,0.09750783900820488,786.8782244097578,749.2155093459216,0.050269534725350694,677.0366271762225,0.16223878121876725,535.8508817128106,489.983991391971,0.09360895687742504,432.56624865804486,0.2387718259924043
"Lincoln & Hastings-Kearney NE Media Market, USA",1541.9181658971947,1511.4243620695706,0.02017554076332963,1458.9373798369238,0.056877551570819515,1217.2707573010732,1168.5298377729873,0.041711317890673234,1142.500119806717,0.06544475243206584,771.166667220853,725.9475656801587,0.06228976261987649,702.0747955981889,0.09841098420830759,577.8864981992841,533.4160880947888,0.08336908296735289,506.49230538314123,0.14095809957495017
"Ft. Wayne IN Media Market, USA",1337.8972077758613,1275.4638824235383,0.04894950473524345,1363.7114022850715,-0.01892936765502969,870.5178035325229,837.0387948319018,0.039996961798341134,911.7219534553063,-0.04519376742725692,561.7752256127882,534.4395594162211,0.0511482836832408,566.0796485598564,-0.0076039175017490555,426.6619501193377,401.6126897385474,0.06237168550898518,417.0331289409793,0.02308886395383022
"Johnstown-Altoona PA Media Market, USA",1686.3923328617605,1795.8811924806062,-0.0609666497301035,1735.885985663658,-0.02851204123465243,1023.3769109237925,1050.2470077516507,-0.025584549757852893,1006.6848598392064,0.016581208032921266,450.73962984782986,471.2535593821484,-0.04353055616431624,456.6703635561646,-0.012986902986546308,272.83661961993215,279.07275727032265,-0.02234592050971817,266.9515154142622,0.022045592048943068
"Evansville IN Media Market, USA",1193.590356887807,1214.502661059279,-0.017218821203102554,1219.3500009943666,-0.021125717870630133,715.5001675371889,741.2576603464782,-0.03474836644150135,758.5052721030132,-0.05669717291033383,430.9114394839377,433.13749898909776,-0.0051393830142978875,443.7258947704178,-0.02887921448242332,310.13676086782397,309.0848199956551,0.003403405162970016,310.96585599830706,-0.0026661934565819683
"Santa Barbara-Santa Maria-San Luis Obispo CA Media Market, USA",3293.3771695136193,3468.3104875632043,-0.050437617588410096,3607.271181954629,-0.08701702661315405,2413.3084752036066,2364.565204256282,0.020614052367676477,2340.5233827562,0.031097784787646396,1330.3363652124772,1246.5709606332725,0.06719665965638318,1177.6013677721535,0.12970008495258084,773.3955781255747,725.0382373037426,0.06669626280906571,673.6293715266488,0.148102518708211
"Augusta GA Media Market, USA",1554.4118068967443,1535.21339546076,0.012505369932772344,1618.8268733401815,-0.039791201581999495,712.9472493972532,691.4352354995048,0.031112116931975325,711.8816081544741,0.0014969360502820315,414.1874782498743,385.3329548999489,0.0748820545531005,384.7102626317101,0.07662185930917892,348.6161417308972,324.9091687906946,0.07296492440776443,320.668961069755,0.08715274645824804
"Sioux Falls (Mitchell) SD Media Market, USA",1238.666247705045,1162.81456096987,0.06523111189105622,1107.0157488634743,0.11892378132536108,898.5404282736042,847.2085776905029,0.06058938959639941,810.3335097455698,0.10885261126092366,529.7326760783891,477.6963039498593,0.10893191280372913,446.2478428716421,0.18708176306134083,352.9349289934129,304.54603229569716,0.15888861310375835,269.1014878528849,0.3115309462218913
"Springfield-Holyoke MA Media Market, USA",2363.883308145035,2394.8224106612593,-0.012919163599977149,2435.9115661153864,-0.029569323850790304,1550.4852620938304,1549.2760935040171,0.0007804732770893822,1528.29344022142,0.01452065505770622,992.2648236817214,973.3560654980438,0.019426352651331587,966.4010827070116,0.026762947018087138,787.9276459601211,775.754414842456,0.015692119676995176,771.3418625656909,0.021502506475224146
"Lansing MI Media Market, USA",1662.091284500412,1693.7124252944434,-0.018669722393123606,1814.7309636177051,-0.08411146455174966,1029.7556871952163,1056.2848164149414,-0.025115507491403344,1122.003485650896,-0.08221703375739955,624.17141218576,635.2995450440221,-0.017516355780627883,669.2914425171549,-0.06741462308512694,492.1651902640798,498.1936391967501,-0.012100614015044668,519.5785740491865,-0.0527608049182405
"Macon GA Media Market, USA",1309.5625941141452,1347.7773199142223,-0.02835388697779037,1320.7568571791633,-0.008475642586423101,616.4896871345592,614.4676971641425,0.0032906367246781057,620.5614094841941,-0.0065613528128010655,346.9814955069268,327.6606313959252,0.05896608337928606,340.23280615068643,0.019835504496446027,274.4156368614619,256.1817559921896,0.07117556360972171,256.69326402804126,0.06904105139075505
"Fargo-Valley City ND Media Market, USA",1348.8662853036421,1305.1753519941522,0.03347514434955844,1392.3645366000787,-0.031240562477016287,983.1574743504741,946.7168761010323,0.03849154818018993,941.4051468604068,0.044351072043011024,609.0390728277462,546.8575526216952,0.11370697891607416,522.0582076695077,0.16661143121669342,454.4227951155764,387.59136523507703,0.17242755095941206,347.4830192560013,0.3077554007920868
"Eugene OR Media Market, USA",2093.007810312316,1844.291484552192,0.13485738444458206,1896.7134926909512,0.10349181274757181,1443.8883052325518,1306.492138811546,0.10516417385104862,1228.0174032318632,0.17578814553650898,885.9779784582717,798.3036259897264,0.10982582267473455,738.1702846348594,0.2002352260718897,634.0495164037413,564.8417902429524,0.12252586008379626,523.2503359360799,0.21175176174410842
"Youngstown OH Media Market, USA",1211.917063990649,1325.9430737474088,-0.0859961577645238,1506.3391964869063,-0.19545540153433597,753.3968857176975,804.5026346135245,-0.06352465075565317,927.4360087143428,-0.18765620631649496,476.9806973955588,504.18483347697963,-0.05395667278171491,583.4139262272055,-0.18243175907699735,373.3107130444941,393.05212605509774,-0.05022594129877907,453.811146614246,-0.17738751939070344
"Montgomery (Selma) AL Media Market, USA",1418.9367971622546,1380.482300259018,0.027855842045943918,1599.867537217874,-0.11309107525880117,685.7231189369326,676.1100811722542,0.014218154753751093,735.2197303503227,-0.06732220228883909,374.68836940567024,382.4225164964967,-0.020224089213369628,381.28909749804654,-0.01731160984064098,302.80856277716236,305.77366636887746,-0.009697053467443033,302.0668463672236,0.0024554710947558064
"Peoria-Bloomington IL Media Market, USA",1554.5223507512806,1670.9502790408033,-0.06967767368659065,1771.6436991308499,-0.12255361983116968,1073.2730363754715,1140.3516007774579,-0.0588227037663245,1227.0266854366882,-0.1253058722243658,653.529570950324,692.3917642912888,-0.056127463302142244,712.2848274976376,-0.08248842917759394,464.575543368559,487.3264855514112,-0.0466852158817296,494.10715489880187,-0.05976762578208613
"Lafayette LA Media Market, USA",1179.3180727587305,1228.7005537845073,-0.040190818563297884,1299.47328497901,-0.09246454975965153,667.7899821403107,720.3560322238735,-0.07297231887026974,781.351609897515,-0.14533998051414965,412.7129759980978,435.80601374501464,-0.0529892590248383,449.26953385709623,-0.08136887793203075,320.7733166778084,322.3489406181398,-0.004887945148229672,309.9493346899317,0.03492177842131798
"Traverse City-Cadillac MI Media Market, USA",673.9123130070936,710.8241401707712,-0.05192821272897362,779.3453454598227,-0.13528409846410566,315.4572096737492,329.8837934932758,-0.04373232060525773,359.39133880793065,-0.12224593191340409,127.82971792858375,130.81467164207797,-0.022818187562793822,137.3950792054889,-0.0696193876244953,78.54850901232828,76.35109858677255,0.02878033802039387,74.71550513835166,0.05130131780383469
"Columbus GA Media Market, USA",1765.306883920951,1739.469028211876,0.014853875113623249,2450.213745596597,-0.2795294340775481,861.2868857721221,814.9416355767535,0.05686941024011984,988.9324652259916,-0.12907411167323726,528.1961378475659,477.6952499204682,0.10571779379323029,493.3343265197023,0.07066569150742298,432.5648412933213,389.3374714333289,0.1110280233260177,402.7915467340907,0.07391737686810482
"Corpus Christi TX Media Market, USA",2164.885834543959,2139.8555900120577,0.011697165289439064,2128.132776266049,0.017270096437495636,1406.4864291235897,1449.6955069748926,-0.029805623072853518,1439.8168716158905,-0.023149084546352346,913.1934643681868,926.9963467357513,-0.014889899422116217,897.7435266668195,0.017209745592630964,689.0479425671707,688.9903868139513,8.353636613936037e-05,647.6702088780839,0.06388704177201954
"La Crosse-Eau Claire WI Media Market, USA",1168.3707104723674,1200.2392799843826,-0.026551846822101946,1240.198719140019,-0.057916531890517285,777.9359438094693,789.1825248183103,-0.014250925046053457,821.5831095483513,-0.05312568531609193,404.8506722974505,401.6074284460365,0.008075657026472978,415.42006928560403,-0.025442673018493477,254.0212069209959,246.97341306553375,0.028536650030390243,246.2864562103736,0.031405505725476915
"Amarillo TX Media Market, USA",1524.5890918883147,1702.0897494189176,-0.10428395893412816,1603.6582323778396,-0.049305480989103506,1078.4926924005033,1135.7807194929592,-0.050439337549268035,1094.2061150399277,-0.01436056920487142,635.178666041237,634.6581682046888,0.0008201231192227121,611.0774493581939,0.03944052706961486,455.7617742205729,441.28158384209877,0.03281394671492901,416.54757964897743,0.09414097329443386
"Chico-Redding CA Media Market, USA",1691.79871889501,1575.8900558972916,0.0735512370066461,1655.7883918392815,0.021748145616438102,1062.2308103283501,977.1834018478457,0.08703321026501312,985.165706592969,0.07822552411197702,647.1194564431335,596.1373047475709,0.08552082094099203,558.999001100635,0.15763973668824918,459.83623222474625,422.61506388648013,0.08807345388015846,391.82794349077193,0.17356671432897947
"Wilmington NC Media Market, USA",1473.1659503690714,1357.2274965904835,0.0854230068797155,1294.944912895193,0.13762827723336735,711.7792837803104,653.5765119438796,0.08905272875140967,568.3441246988848,0.2523737870210573,432.99968190405804,384.65605727423537,0.12568013350003412,308.6682569877531,0.4027995172864113,345.7310360427451,304.80269026112904,0.13427816449570082,245.71778096682507,0.40702489938822545
"Columbus-Tupelo-West Point MS Media Market, USA",718.4146750686762,707.613704766257,0.015263936000203667,706.8815985955943,0.016315428914821645,334.0018201693142,337.83451997198597,-0.011344902832870872,344.2969904384893,-0.02990200482456542,164.45672884978342,166.83409716462947,-0.014249894687295844,175.6382762021702,-0.06366236104205529,110.09388705399446,109.13131298267791,0.008820328877279605,109.15293216092945,0.008620518701941204
"Columbia-Jefferson City MO Media Market, USA",1332.2142118854904,1337.3701956496352,-0.003855315290348812,1395.932336328597,-0.04564556804428643,758.2470421923248,728.893375646894,0.04027155071807224,699.7684920165636,0.08356842419017767,395.8792957369475,360.05778407394513,0.09948823007710808,343.0583557672884,0.15397071396648873,285.98980746767427,257.30860384326104,0.1114661662922252,235.29644689470194,0.21544464968337676
"Odessa-Midland TX Media Market, USA",1703.1721928581228,1700.1248509473892,0.0017924224265267927,1481.2608159187894,0.14981249389337778,1188.2035673025914,1204.0278924600482,-0.01314282273405211,1108.5576208161156,0.07184646516420214,733.2329483522989,758.0447430312133,-0.032731306307460004,705.8338049557893,0.03881812291241239,541.2798790014745,551.6730131379359,-0.01883930134146837,507.75801876953346,0.06601936157143437
"Rockford IL Media Market, USA",1371.5079938133183,1463.9617188315735,-0.06315310286394987,1509.4772063289422,-0.09140198469850755,1021.930703177913,1081.4975493759382,-0.05507811481625399,1124.9026911167416,-0.09153857373796814,683.3968077296746,717.1860185655045,-0.04711359390889145,749.6927201446686,-0.0884307805499309,545.8397820146747,570.1276697008375,-0.04260078746731821,590.4085782244962,-0.07548805666721646
"Lubbock TX Media Market, USA",2076.8696839676177,1805.7697305623735,0.1501298580970316,1646.7199726685774,0.261216064928128,1322.6289820125733,1244.4980341289852,0.06278109385546064,1180.8390665639477,0.12007556276166534,834.1648245642963,814.1705641109813,0.024557827726365073,760.0424609102031,0.09752397723322795,666.0307864126231,631.4893809955848,0.05469831553237121,578.1517393963238,0.15199996995262535
"Monroe LA-El Dorado AR Media Market, USA",1087.692116043497,1023.8576349252363,0.06234702847424873,1122.1288436150328,-0.030688746454992626,502.5547321293051,511.3627260253141,-0.01722455206008305,564.8534624641086,-0.11029184465477547,246.40149862972805,254.38070223852108,-0.03136717344742329,273.7186225137327,-0.09980001957168314,180.7398090320527,181.1143478135649,-0.002067968584674153,188.8165475836479,-0.04277558643538431
"Topeka KS Media Market, USA",1355.5854531801815,1375.8886092420262,-0.014756395194687771,1654.3215422573207,-0.18057921718743628,917.7039982179327,966.7036184114377,-0.05068732469836506,1034.351591486299,-0.11277363928135005,539.4635137749273,564.5812299903403,-0.04448910959339323,569.0379257180865,-0.051972655259908004,387.172193659082,397.3324647683111,-0.025571208018840615,384.16062645735775,0.007839343738831914
"Beaumont-Port Arthur TX Media Market, USA",1538.9890587289021,1726.553463199296,-0.1086351557992521,1759.4080345096188,-0.12528019166523344,872.6104967535734,912.7496082363864,-0.043976038029060006,956.2530093685169,-0.08746901896829448,535.3735996123238,520.1489019711797,0.029269883265057133,543.8859348929307,-0.015650956817411726,386.7717150164405,369.03186042853366,0.04807133608276169,376.73124431196425,0.02665154763792815
"Anchorage AK Media Market, USA",2224.7677347945832,2302.6540012360306,-0.033824563481808005,2402.707913032418,-0.07405818130147147,1385.6977274971437,1458.7764515817198,-0.0500959033204426,1434.3181447439833,-0.03389793082169933,822.9820223370884,860.6613972456515,-0.043779557244169716,818.930295441625,0.004947584572235677,631.6568203691104,657.6143978411035,-0.03947233752364575,623.0133082321346,0.013873719907368706
"Medford-Klamath Falls OR Media Market, USA",1484.1977892626912,1412.1610125098284,0.051011730330121574,1379.853413464641,0.07561989902684975,1035.271770077357,970.2896471608814,0.06697188113530496,922.3262530596593,0.12245722882008425,590.2885556740064,536.8271401740643,0.09958776577988845,496.1943799032178,0.18963168383555967,392.40736347230705,352.611424963522,0.11286060431224541,316.5346165406398,0.23969810240936476
"Wausau-Rhinelander WI Media Market, USA",769.0632018114671,867.4717626574005,-0.11344295581964536,864.2691861123512,-0.1101577909182889,502.4802640491166,524.4876917180956,-0.04195985533404589,542.1865198167628,-0.07323357242645082,278.6044220168574,286.58370960091605,-0.02784278141688595,298.3532085277944,-0.06619263995311507,178.76571421724282,179.35084832347337,-0.0032625109482349347,180.82688891077714,-0.011398607286504513
"Salisbury MD Media Market, USA",1337.2928626612638,1188.9092921970955,0.12480646878447436,1175.8106322118622,0.1373369367698532,644.5245554770099,597.1232381445096,0.07938280459456631,577.9883301381027,0.11511690092948637,325.8318312965749,296.3647075018906,0.09942858595771317,263.2534053906054,0.23771174322747313,224.79969982566573,200.73910469880133,0.11986003007717944,169.23491313321253,0.32832933620922305
"Palm Springs CA Media Market, USA",2602.5709671752784,2589.017393608142,0.005235026076146891,2560.069475628196,0.016601694583563326,1794.0255222737853,1767.4649446189514,0.015027498981350425,1605.1644968774424,0.11765836197083723,1083.9118561581524,1037.8006758527913,0.044431634492307706,866.3433369934169,0.25113429038398527,760.7088961576363,718.2040477913964,0.05918213423740758,558.7275979546973,0.36150227578218896
"Minot-Bismarck-Dickinson ND Media Market, USA",1182.633802306001,1072.194677171204,0.10300286644415275,1411.5515392107832,-0.16217455087242025,817.1010891661866,782.7620396801665,0.04386907865390476,836.5046732082511,-0.023196025872331136,441.1308535678262,423.78711682167113,0.040925587536096035,402.81484353593703,0.09512065070777564,300.03149445813204,262.36239966396084,0.14357657515870625,238.81193044287556,0.256350526130437
"Duluth MN-Superior WI Media Market, USA",1035.3190867744777,1086.3625449301055,-0.0469856572226649,1076.8450832600565,-0.03856264668996067,673.9260635885593,712.6206774139864,-0.05429903320493757,729.8461039273859,-0.07661894752594345,312.4244727141479,320.0993854193565,-0.023976655547632012,326.6172635235722,-0.043453890514883964,185.87356082070255,186.44221519516674,-0.0030500301332985324,187.23961910236181,-0.007295775798990783
"Idaho Falls-Pocatello ID Media Market, USA",2127.0140334181287,1499.747846337731,0.4182477665243084,1532.7892699349907,0.38767544576322654,1313.1622334493409,1019.2002405873532,0.2884241792295701,1009.3241000811189,0.3010312875158759,714.7122429314627,574.8236749529839,0.24335909266423417,519.8432406819279,0.37486108695749615,432.4375343786769,370.8990049126276,0.1659172137184511,325.0275129677231,0.33046439801426947
"Sioux City IA Media Market, USA",1214.9744537373674,1172.0423746621934,0.03663014239356993,1192.576542829867,0.01878110972596549,878.1401452899435,861.8934028151184,0.018850060137088766,859.5241101702328,0.021658537438843533,438.90519655890756,421.9729536106217,0.040126370193645663,421.39650290116913,0.04154921442678602,255.15560562878198,243.48687573302206,0.04792344499320952,240.4046035563705,0.06135906656609699
"Wichita Falls TX & Lawton OK Media Market, USA",1436.1101593381072,1593.0721828075043,-0.09852787912772391,2664.7813453297967,-0.4610776745885797,864.8069779397395,971.7046867034173,-0.11001049004542374,1188.6920098885485,-0.27247178348509,476.2272255331263,508.87230653907494,-0.06415181291348568,511.98042018253227,-0.06983312884633205,328.27357644167955,346.2953671708408,-0.05204167435560984,335.825489252275,-0.022487610536680868
"Albany GA Media Market, USA",944.8921943265772,1014.2531616300862,-0.06838624707073483,1024.866510096336,-0.07803388537131667,456.82886865248776,498.5402935734517,-0.08366710867437332,514.9706087212198,-0.11290302608358607,239.9741265433313,257.531055175541,-0.06817402514909261,267.3381087867461,-0.10235720738655658,173.113431433783,184.6655861820621,-0.06255716068769741,187.17270006200982,-0.07511388478965693
"Joplin MO-Pittsburg KS Media Market, USA",816.7535388943105,817.99510971395,-0.0015178218120077327,816.144722051367,0.0007459667709585203,554.5510024168278,560.0899024818733,-0.009889305342769935,572.2817340231619,-0.030982522335085503,308.120437946482,303.88588109437006,0.013934694290048087,299.52827148641245,0.02868566101433711,192.93582135199117,185.78138469033922,0.0385099759783628,175.52127045770692,0.09921618530262635
"Erie PA Media Market, USA",1558.312131113612,1676.2769626561835,-0.07037311504636302,1765.9177018892717,-0.1175624269203216,1093.4325922098342,1181.413200698567,-0.07447064958873831,1226.7044939946002,-0.10864222185310804,697.1096471317038,744.1226893935411,-0.06317915436788102,763.9923139764796,-0.0875436383602609,536.2327253102718,567.1515369154749,-0.054515961947946015,575.0235910885875,-0.067459607535197
"Panama City FL Media Market, USA",1269.851931233658,1388.4314261445984,-0.08540536657270313,1259.3845381722492,0.008311514667791725,544.5626055247533,584.4014206868914,-0.06817029143309147,558.9361524766845,-0.025715901339072478,265.20068737331167,270.3397414649932,-0.019009613843057587,262.2273676064321,0.011338708823642395,183.40395011862532,187.4056978336823,-0.02135339406066739,178.76494755001315,0.025950291889937284
"Yuma AZ-El Centro CA Media Market, USA",3089.864147467302,3078.4552615134494,0.003706042474121744,3563.586613190653,-0.13293418040405214,1977.348673993289,2008.3568929460403,-0.015439595951128824,2041.5890550628487,-0.0314658725810921,997.9451685492023,1009.227749753301,-0.011179420311081106,992.7432378847727,0.005239955776997579,585.1571353304317,581.1733985540042,0.006854644046577775,549.7406289807769,0.06442402922868784
"Rochester MN-Mason CityIa-Austin MN Media Market, USA",1422.5538758421262,1313.3257371072418,0.08316911459869243,1362.8063960399068,0.04384150234093111,904.0962375154436,867.2066455359113,0.04253841015797965,893.7309058472042,0.011597821671405282,517.2743679566661,486.32623335608434,0.06363657248553514,486.5590916615862,0.06312753542470668,359.0696958499139,325.538119764397,0.1030035318437818,315.13565901183017,0.13941309268474264
"Biloxi-Gulfport MS Media Market, USA",1505.922976127017,1574.6182959932394,-0.043626649100308314,1763.9371818732698,-0.14627176545609544,759.408494948422,776.2145386801253,-0.021651286975737788,856.5117596439178,-0.1133706147080398,407.77614539485654,394.449216353433,0.03378617193013364,451.8487055921599,-0.09753831238610072,290.45857114987865,272.68224067845864,0.0651906425119247,307.34478163735,-0.05494223912802976
"Terre Haute IN Media Market, USA",1048.0765148675032,1145.9056645975234,-0.08537277784064425,1059.341708231904,-0.010634145032581619,613.6208396966339,656.5458128650573,-0.06538001206816925,674.6926821071285,-0.09051801513507082,304.81474744006914,320.56459758716244,-0.0491315955212767,336.73402800965056,-0.09479077822413194,188.2830866967759,195.25464295451368,-0.035704944846621955,200.9006477963186,-0.06280497966504762
"Gainesville FL Media Market, USA",2625.865264580194,2237.6949671382226,0.17346881641263218,2799.7581529327745,-0.06210996766646646,1388.762266243561,1120.8824341921174,0.23899012410210493,1124.3571041702826,0.23516119664525606,750.482106963055,624.1736214510977,0.20236113986732016,575.6682583477169,0.3036711614378198,584.4852395769225,496.6837490474612,0.17677544453154895,469.4182407257107,0.24512681627650568
"Sherman TX-Ada OK Media Market, USA",818.0491505690412,803.6858777048118,0.017871749725462963,804.4934442589326,0.016849989775361753,480.7821748124567,471.1603311799173,0.020421591114098206,487.85080423594627,-0.014489326167167482,263.05621540737866,253.32299711632893,0.03842216617459375,259.5397210459473,0.013548964094050186,168.8505853616072,156.6123901535893,0.07814321201544733,155.08740785029968,0.08874464859579448
"Bangor ME Media Market, USA",926.8274576349544,926.5483353757959,0.0003012495392863557,891.9656263914188,0.03908427658201846,409.9189839550933,421.9494451288422,-0.028511617476059018,422.02766652215337,-0.028691679545194998,168.86362784764853,174.29032384580967,-0.031135956824327207,177.5735986032732,-0.049049919718550605,106.2192450853917,109.02012833912768,-0.02569143236580404,105.83602557301651,0.003620879660780606
"Binghamton NY Media Market, USA",1591.1090044628088,1468.2439135576676,0.08368166199812785,1391.3262146470383,0.143591623382481,948.8749677665721,915.3475657802214,0.036628056095580154,879.9350002409054,0.07834665913595046,550.8914972583692,522.6429704543567,0.05404937672739538,506.61811252814675,0.0873900550244593,393.80218193255763,374.4527188983581,0.05167398194123343,365.09368769823317,0.07863322539296642
"Wheeling WV-Steubenville OH Media Market, USA",1266.2612243562169,1285.537279654884,-0.014994551775147313,1344.4126093843581,-0.05813050583029627,629.3690657723064,658.087245389189,-0.043638863719200074,694.8247726601039,-0.09420462462385076,253.7190453866653,267.1400749741343,-0.050239671411219246,290.99889189565596,-0.12810992600740956,168.58397227233374,176.9095179498516,-0.04706103873889865,192.70809451919564,-0.1251847894975626
"Missoula MT Media Market, USA",1151.7907011622137,1169.854758025857,-0.015441281697333666,1198.6094216486035,-0.039060864732728295,697.8486170407881,679.6104513014675,0.026836205512134427,669.4019429139091,0.042495655156079316,402.60007234542644,378.1377030922369,0.06469169578475642,356.92041752014745,0.12798274512469004,283.66941391970823,263.5473633648605,0.07635079439967826,242.34196169302987,0.17053362091302657
"Abilene-Sweetwater TX Media Market, USA",1339.945205457864,1523.80782331117,-0.12065997761698087,1675.275216772313,-0.20016413300765956,827.7387660272294,880.0569644935018,-0.05944865000458583,924.185335754085,-0.10435847226266629,455.33162470435957,456.15127483674075,-0.0017968822572611291,469.47239676976034,-0.03012056121445563,319.9990244545926,315.0976968142245,0.01555494594191789,323.1995164032958,-0.009902527034445005
"Bluefield-Beckley-Oak Hill WV Media Market, USA",936.7804047672129,919.9812094420656,0.018260367877878006,1180.394202536984,-0.2063834244917331,388.77245688115374,395.20825418761245,-0.01628457209146123,441.22438714292514,-0.11887813047101752,166.29711288092113,171.01159389212611,-0.027568195254520984,167.8455613685681,-0.009225436020001528,110.2581445614337,113.32650199483186,-0.027075374068618936,111.09909018727282,-0.0075693295455579
"Hattiesburg-Laurel MS Media Market, USA",866.4488452907792,816.167277779165,0.0616069387741604,905.9755915646527,-0.04362893067086874,437.7559382975323,414.57697588266575,0.05590991242462698,429.4360130762153,0.019374074292740705,248.74911324076513,233.38103464227777,0.06584973205746247,245.7836894436705,0.012065177326480978,183.3679733233809,170.9463489217448,0.07266387659044087,170.70868896144958,0.07415723498872467
"Billings MT Media Market, USA",1190.234775516545,1184.9288859172946,0.0044778126875883156,1185.1909162998957,0.004255735634893253,859.831934393147,840.6696014950562,0.02279413084999417,840.8010239609316,0.022634261721712234,524.0426152121687,511.65430601291996,0.02421226412767826,486.6721024451136,0.07678786718881164,354.7682605967891,338.8754032873169,0.04689882226712511,316.0493348288668,0.12250911962490822
"Lake Charles LA Media Market, USA",1428.5002413616526,1452.9409306486932,-0.016821529885684087,1524.0610226140159,-0.06270141407360502,729.170498445536,714.5333012683259,0.020484975509508854,745.0693481717191,-0.021338751574194063,453.8633618855042,409.30475786200424,0.10886412426831053,425.94449990887273,0.06554577411518284,345.8019049996694,303.1235652506278,0.14079518929435392,307.2203615552573,0.12558263797717956
"Laredo TX Media Market, USA",3503.139909396847,3649.460665786646,-0.04009380283545525,3809.5422687411888,-0.08043022959962803,2395.564274432794,2567.894602693955,-0.06710957999614595,2639.37852258047,-0.0923756278464006,1541.8875075494905,1587.232044950004,-0.02856831018803035,1565.3331277311775,-0.014978038710309225,1087.9390860582528,1110.6932117106082,-0.020486418222824314,1071.226799793692,0.0156010718437771
"Harrisonburg VA Media Market, USA",1566.8434409376468,1545.623751588443,0.013728884100931012,2184.7022106811773,-0.282811436141169,841.6027025750794,782.775112339915,0.07515260680594926,907.0040593147496,-0.07210701657617888,469.51983012609844,440.8048748192812,0.06514210016073352,400.50908828064,0.1723075552210741,321.383691248747,291.719008503578,0.10168923477883411,252.0824866151859,0.2749147930270627
"Utica NY Media Market, USA",1660.4446084562492,1634.1609931260002,0.016083859204086618,1720.389932982578,-0.034844033539770766,1219.9410567861432,1168.5692388196594,0.04396129579653588,1117.021267724368,0.0921377166537274,665.064043300477,619.892412482774,0.07287011408444725,587.4131623407162,0.13219125129974718,425.7586821950441,399.6083018123013,0.06544003281249602,387.0331762663787,0.10005732919911829
"Rapid City SD Media Market, USA",1173.931808671513,1175.2720626859907,-0.0011403776683117156,1347.5927591603097,-0.12886753012609356,716.7086637110556,704.351917078629,0.017543427273794442,746.8032126762324,-0.04029783007672193,358.5548938317381,348.9188069440216,0.02761698909873465,348.4724864453023,0.028933151909019926,228.84809882184223,214.89129964892885,0.06494818168867149,206.31760342455368,0.10920297164816335
"Dothan AL Media Market, USA",857.1231620022199,827.5226608969045,0.035770018760855574,1266.0823632062982,-0.32301152996745564,419.4065310525884,404.2074385293215,0.03760220885238438,505.2446354985446,-0.1698941431832451,239.56995179992305,228.2908224315675,0.04940684539229156,219.9722902057084,0.08909150136995794,190.5066383269017,179.03113970568887,0.06409778008494793,162.73041703296016,0.17068856456206108
"Clarksburg-Weston WV Media Market, USA",866.854665079437,874.4819369448394,-0.008722046211782946,874.8736491492596,-0.009165876784173696,453.54111774944806,471.44955559139345,-0.037985904599020716,486.8527802292645,-0.06842245506768926,213.83210782859692,217.57232308855745,-0.017190675757220157,226.3979461246419,-0.0555033228487282,132.5306958499433,132.96158128258173,-0.003240676204975914,136.93775333594456,-0.03218292529737643
"QuincyIl-Hannibal MO-Keokuk IA Media Market, USA",851.4200861096933,1069.3737380935743,-0.20381429262741926,1056.1755808298285,-0.19386501490524943,588.8287263795366,681.6456012464621,-0.13616588253074594,706.7154968530945,-0.16680937519905983,309.5083618850609,346.1430796164616,-0.10583692088252418,353.301939717753,-0.1239551015985875,177.80914291593825,191.1754573886964,-0.06991647701714067,192.37756366976504,-0.07572827348429731
"Watertown NY Media Market, USA",979.7559862899841,1056.963365326617,-0.0730464097142805,1746.6272975285633,-0.4390583568249988,573.232916989364,637.7592912330143,-0.10117669021943695,780.630606286637,-0.26567967951428156,262.2602185735913,286.71404915594275,-0.0852899627846666,287.4559166063413,-0.08765065033347158,136.24290501808454,139.7977528330584,-0.02542850470006441,136.30440151560452,-0.0004511702985097091
"Jackson TN Media Market, USA",752.0467848987646,867.6938048794408,-0.13328091007489035,850.1263267442521,-0.11537054995238756,432.7902370112314,450.3974161272267,-0.03909254024455075,460.93551441278015,-0.06106120383760211,252.98696497548806,256.3602504990627,-0.013158379729337113,267.46253725753905,-0.05412186854457488,176.81108105974215,176.54273262975386,0.001520019691499139,175.78143123034923,0.005857557434742009
"Alexandria LA Media Market, USA",1106.0491382657824,1244.454237561974,-0.1112175081402292,1665.1754599439976,-0.33577622006092944,504.1230038827653,566.6172335500215,-0.11029355615555797,668.9713172562278,-0.2464205999886281,240.74007943134626,263.8501921389933,-0.08758800787786764,281.5575822000047,-0.14497035544105386,174.73151575632343,188.50791394034846,-0.07308127227159512,198.51292929895118,-0.11979780675551893
"Elmira (Corning) NY Media Market, USA",926.0350424881888,1051.0814924164486,-0.11896931953466001,1145.0724827886836,-0.19128696531686448,610.4500422514772,685.3839787570898,-0.10933132204447162,719.7358021417882,-0.1518414945666156,314.85372639483984,343.2939360730901,-0.08284506858342847,360.08347083608936,-0.12560905485672288,187.82056810896657,204.6898185663728,-0.08241372519432956,214.2547556880708,-0.12337736679035131
"Bowling Green KY Media Market, USA",1423.767122415642,1367.7194498547767,0.04097892485686037,1199.3448178031347,0.1871207523317493,705.0498408035639,654.9657028025373,0.076468336871261,569.9816201708247,0.23696943173756896,413.44188793159475,364.6729605967956,0.13373332438738456,317.5729288608848,0.3018801363661134,302.054799512368,257.44990715052745,0.1732565874873696,213.11082669219545,0.41736017921153257
"Jonesboro AR Media Market, USA",1114.7285876501503,1013.8969665669638,0.09944957368262035,882.6522651220763,0.26293063723795734,607.9740324011713,564.482587468134,0.07704656600322922,510.8261142299803,0.1901780575913426,338.0279257209049,300.80731034018567,0.12373574079242318,272.010383348572,0.24270228790396442,241.63112874329383,213.4126158536174,0.13222513944082798,185.01241959729813,0.30602653199840935
"Charlottesville VA Media Market, USA",2160.6466295608698,2068.3623020673976,0.044617099915827525,2899.2774789414493,-0.25476376605741785,1147.9854400300983,1079.405208852608,0.06353520495828448,1168.016886469979,-0.017149963045842976,694.3263340601086,635.0105432129918,0.09340914333011537,598.2763630689226,0.16054448565958282,487.49809212437356,437.63721294328514,0.11393199139934669,406.0750647307772,0.20051225614549564
"Marquette MI Media Market, USA",991.6978608686599,1078.9183946805977,-0.08084071440617019,1134.8271727490726,-0.12612432563954898,590.5555181102668,622.9679255238141,-0.05202901479445148,644.3265463732973,-0.08345306982257676,250.35393463456063,255.9346371229035,-0.02180518647682272,256.8296020652289,-0.025213867009861356,131.49481175390397,131.74610368910083,-0.0019073955749755473,129.1281983324294,0.01832762674642084
"Twin Falls ID Media Market, USA",1128.9535825924195,1057.7333082501486,0.06733292200100369,979.0773660207527,0.15307903315220744,831.6855055577444,776.9692584032214,0.07042266674356254,711.8513750470245,0.1683415031723493,455.5105137451051,409.79347691703,0.11156116288627826,361.501616161164,0.26005111286149873,269.5679331175091,235.88223071561745,0.14280729116261212,196.8628630239632,0.3693183619131651
"Butte-Bozeman MT Media Market, USA",1449.443483001226,1328.9077151604845,0.09070288814312823,1330.1696766885425,0.08966811407820968,967.3566702975846,910.805667311839,0.062088988919722955,911.385017012452,0.06141383964003432,528.7371113274506,456.0228659861319,0.15945306861768216,448.71103397579907,0.17834657784673003,330.49159993643303,262.61093579306123,0.25848376777752363,231.82457240668018,0.42561073878167416
"Grand Junction-Montrose CO Media Market, USA",1471.8091530845352,1392.4726419400863,0.056975274597791684,1292.7729227527643,0.13849008374227106,1062.23957768056,1021.6149930315479,0.039765063087477154,893.6756569969297,0.18861867766440615,690.0138971156938,654.8699534320116,0.05366553084242373,566.2181324071732,0.21863617150907091,486.73009766270764,457.03182179402387,0.06498076162860329,386.6670553195368,0.25878347008508384
"Bend OR Media Market, USA",1653.1179963939662,1365.098999596969,0.21098762571947663,1249.058422809289,0.3234913325158135,1158.924221525342,933.6546687302343,0.24127716632261179,718.4696167685225,0.6130455547137295,751.8454854056604,598.1445590401495,0.2569628429156938,433.28042785695504,0.7352398979209781,541.8390406976843,428.09285807128265,0.2657044622021269,307.22204140387333,0.7636724182344196
"Lafayette IN Media Market, USA",2845.125904462021,2883.335229303421,-0.013251780248469673,3324.4759156053715,-0.14418814372913363,1893.9506993450286,1857.3860390913528,0.019686085436263705,1978.5414160389641,-0.0427540793476469,997.0160269829432,980.6520122543991,0.016686872125949413,1022.3434611360423,-0.024773899492597954,744.7714266543542,728.6377757067602,0.02214221041716477,716.5088051451519,0.0394449046630722
"Lima OH Media Market, USA",1000.924360012656,1223.7396417813673,-0.1820773587463135,1208.9710866295347,-0.17208577518333198,680.5319980886958,751.2034102444111,-0.09407759761463502,793.9493497165007,-0.14285212484688525,384.69909754307884,405.1644646197527,-0.05051125867092183,442.6222146653918,-0.13086355633121804,250.1652442626596,266.37681328030993,-0.06085953509996683,287.7318392160158,-0.13056113308737083
"Greenwood-Greenville MS Media Market, USA",1199.9278065147735,1572.2371310253816,-0.23680227184801025,1326.4004284177283,-0.09535025712697098,635.0418171953435,783.1458748253542,-0.18911426643604393,832.7484682037453,-0.23741460784053914,299.262855005668,339.424393115058,-0.11832248631516622,408.78630679099064,-0.26792348463208476,167.87456251283467,187.72870512529443,-0.10575975900546826,222.12140460642885,-0.244221587693058
"Great Falls MT Media Market, USA",1072.2766247593838,1097.3495800214048,-0.02284864888865397,1360.2004773838169,-0.21167751181665528,812.8456840357576,819.7765455364815,-0.008454574040280972,892.0907935150208,-0.088830767064663,447.7690324905993,449.47796939521146,-0.0038020482002969415,450.1444031109074,-0.0052769080408245255,285.2352759081482,282.1563640681457,0.010912076536607479,280.23858535241686,0.017830130527699085
"Meridian MS Media Market, USA",646.0900394033233,717.8682517487357,-0.0999880022142779,698.770615320403,-0.07539037097735476,286.78532155157905,345.68781736006423,-0.1703921655622971,351.42919165732496,-0.18394564720388823,148.7256588367727,186.77566691901004,-0.203720370591618,199.64792620473085,-0.25506033714439597,104.65480790911569,129.8071462208509,-0.1937669769655178,133.70671789627588,-0.21728085502553024
"Eureka CA Media Market, USA",1739.2271350949259,1922.1543718644846,-0.09516781765666395,2089.0819039841717,-0.16746819175544234,1098.133840805564,1109.3238220766862,-0.010087209026282525,1085.1537509257796,0.011961521460632321,570.2808190298289,554.0300532779697,0.02933192099545864,526.0109216412583,0.08416155552519661,309.04773194837964,303.0035534168173,0.019947549998688856,286.69488671004336,0.07796736626469179
"San Angelo TX Media Market, USA",1323.3118773957865,1354.666341367443,-0.023145525222104748,1310.6212689038691,0.009682895274949333,918.965806697316,925.817853703213,-0.00740107460499845,911.7121388750431,0.007956094377796838,598.9983030986049,578.7223022222189,0.035035803525332886,574.006035559511,0.04354007796230349,452.309392633413,431.10284626963585,0.04919138564562706,421.2870517004234,0.07363706244418247
"Parkersburg WV Media Market, USA",1124.1615984972402,1119.9263264092358,0.003781741698655986,1251.1415709883622,-0.10149129038275967,684.5227699116409,710.8508162609972,-0.03703737232495443,757.6337117116149,-0.09649906104996928,360.2577728969007,377.50546056929943,-0.04568857797815231,398.2404809739418,-0.09537631127842694,241.77506218123764,251.82489113247394,-0.039908004749020315,267.74232334131943,-0.0969860156437747
"Cheyenne WY-Scottsbluff NE Media Market, USA",1359.282848368112,1401.706891765327,-0.030265987594443395,1823.790592664547,-0.2546935740126787,1042.3646237498597,1063.1946098659957,-0.0195918846115684,1130.3451534259677,-0.07783510143733312,565.9706754698103,550.3843044606874,0.028319068844806047,527.4185806048357,0.07309582233671716,401.8152009337356,386.0249164174308,0.04090483242079079,376.6299520302128,0.06687001065040749
"Casper-Riverton WY Media Market, USA",1246.3415331486171,1271.433528413205,-0.01973520023174443,1266.4280924676582,-0.01586079733899618,905.9460436048151,915.6552076089013,-0.010603515300743138,890.9146757506484,0.016871837745294695,505.5670545686728,493.79860771815197,0.023832482851466382,475.4807550454072,0.06327553576882927,314.2996845175155,302.86038731530266,0.03777085971399622,283.5016987048819,0.10863421966544735
"Mankato MN Media Market, USA",1529.7679317907118,1443.1993228196247,0.05998382039284444,1508.040519513836,0.014407711195903642,1009.3527523527015,977.550292657585,0.03253281179903055,947.1854491728211,0.0656337185438936,583.1684288531492,557.1549844057738,0.04668978143508788,491.36752230973036,0.18682737945702627,350.072562766643,323.8740482497587,0.08089105829399786,272.9836919928903,0.28239368517208147
"OttumwaIa-Kirksville MO Media Market, USA",835.7756846403767,884.1618066635288,-0.05472541525599468,978.5153304699095,-0.14587369393690072,611.5507920164498,635.6892286613494,-0.03797207118914207,645.228018197025,-0.05219430221688173,300.18109774726184,292.14682272990166,0.02750081257870845,297.19111904264446,0.010060794260101522,155.6696870725139,151.7482689179861,0.025841600582917817,150.3960523411725,0.03506498108991724
"St. Joseph MO Media Market, USA",1427.0121546418607,1669.6306367581274,-0.1453126678289468,1775.083472579914,-0.19608729578906228,866.5388285583897,1050.8497874791126,-0.17539229784959764,1024.2155649147376,-0.15394877968826212,559.8988477723422,618.5791728959379,-0.09486307928680839,606.7845757554245,-0.07726914931005183,413.8578402021439,449.28554829311304,-0.07885343346912232,439.67944460766427,-0.05872825014269555
"Fairbanks AK Media Market, USA",1300.903896303812,1530.7720514462917,-0.1501648497732223,4812.523814968736,-0.7296836449395808,690.5804230254612,760.2369456864407,-0.09162475338275558,1517.3280361785178,-0.5448707157848809,324.00141935775395,337.4296787141246,-0.03979572694240465,316.2778410203767,0.024420232263061573,234.69318732312857,238.52630719887955,-0.01607000888398857,222.09708343501046,0.056714404769767954
"Victoria TX Media Market, USA",1709.2917206732354,1604.5910666230423,0.0652506774019015,1622.747857754187,0.053331675962784174,1074.0332782526464,1082.3983016706304,-0.007728230361294018,1050.0162500974338,0.0228730061586989,718.5304021527439,736.3451378328415,-0.024193458698632295,717.0240980189501,0.002100771979568842,501.55185845456765,506.7404209163203,-0.01023909332586964,492.0208983773015,0.019371047263844976
"Zanesville OH Media Market, USA",992.8115412672809,1058.125994352761,-0.0617265367584433,1145.6310926864794,-0.1333933343768107,593.7432538597977,630.3102590542421,-0.05801429481619396,691.4599313818662,-0.14131936369296777,309.15658975416443,323.37102132501883,-0.04395703583026859,346.8285525129603,-0.10861840089531886,217.98348417879174,224.74116315771013,-0.030068719428030414,237.6113577758509,-0.08260494692166605
"Helena MT Media Market, USA",1183.7342702619708,1185.6942011168583,-0.0016529817325928915,1279.5120835841585,-0.0748549502196929,775.5130853512954,811.0183488246737,-0.04377861921969141,857.8104475353888,-0.09593886670481265,428.57765441383873,436.23725389354234,-0.017558334166418613,445.6104193183242,-0.03822344399069814,273.8979665025276,264.7318591377911,0.034624118889920216,257.79386587374364,0.06246890543420087
"Presque Isle ME Media Market, USA",563.6530618582052,569.6946028227378,-0.010604876603355228,667.9963843646364,-0.15620342407343585,280.8012794754148,296.62314619810644,-0.053339959896874206,328.1546326174071,-0.144301949249643,98.01668226572633,110.6353385098157,-0.11405628991653352,109.5500348566333,-0.10527931466202196,43.875898392524746,48.729528224720575,-0.09960346444999181,49.69076791218838,-0.1170211241238905
"Juneau AK Media Market, USA",1961.8609472890325,1858.3731359852036,0.0556873155879783,2082.658023131782,-0.05800139749352696,949.7804396804072,968.7624844235545,-0.01959411625486534,1052.9041444959532,-0.097942158699464,315.5867292085758,316.35193529642396,-0.0024188443390781894,321.7212735280551,-0.019067885229368874,164.53762765948483,156.05233253308214,0.05437467667843965,153.70407673223391,0.07048317232420526
"Alpena MI Media Market, USA",665.5392217245648,660.7895900775638,0.007187812456978016,774.0918895294903,-0.14023227639150984,413.03154575399816,425.6476230162924,-0.029639722108377314,469.0413820275765,-0.11941342154386995,181.46091590143777,185.73967599265973,-0.023036327959304978,200.73077218422642,-0.09599851618716032,102.6733946625323,105.04256424223574,-0.02255437685470018,111.57081240828781,-0.0797468222530804
"North Platte NE Media Market, USA",1061.0974423997784,1102.9157431580954,-0.03791613368268211,1140.6831826987225,-0.06977024076979338,818.9484783692019,882.4163405697093,-0.07192507582025398,890.5630035759639,-0.0804148891422631,516.2100219686934,551.9932447993017,-0.06482547235450083,552.9071044328142,-0.06637115379764495,275.120851540967,294.72326263933337,-0.06651124489740312,291.2737581626637,-0.055456099868344405
"Glendive MT Media Market, USA",748.0767344770704,773.3449912883149,-0.03267397745623214,856.0568610718309,-0.12613662889117358,455.31366080205345,474.5546391758024,-0.040545338271618846,526.0209575093875,-0.1344191627689514,154.8024648715602,160.34573425778183,-0.03457073187435044,159.35870424101074,-0.0285910919717305,83.43872869977898,84.41811148662134,-0.011601571861715697,83.31602240039244,0.0014727815353071632
