longname,Population,Population (2010),Population Change (2010-2020),Population (2000),Population Change (2000-2020),PW Density (r=1km),PW Density (r=1km) (2010),PW Density (r=1km) Change (2010-2020),PW Density (r=1km) (2000),PW Density (r=1km) Change (2000-2020),AW Density,AW Density (2010),AW Density (2000),Area,Compactness
"New York NY Media Market, USA",22162120.0,20847256.0,0.0630713221922348,20171999.0,0.09865759957652188,9317.1873923007,8614.92682314669,0.08151671901230409,8586.258681727908,0.08512772997723145,725.9660853633446,682.8949951036949,660.7755552259126,30527.7621735014,0.014913225337081728
"Los Angeles CA Media Market, USA",18304602.0,17552537.0,0.04284651272918553,16143109.0,0.13389570745015722,3603.6181268297987,3605.187163782291,-0.00043521650366861445,3705.39514804787,-0.027467251710439275,143.17234038910405,137.28994501253527,126.26588093455456,127850.12768704483,0.1666723057794248
"Chicago IL Media Market, USA",9778923.0,9633519.0,0.01509354992708272,9274193.0,0.05442306408762466,3089.5344391208578,2995.860464211588,0.03126780303298331,3334.3978284989344,-0.07343556527215836,399.1481042001796,393.21312230665995,378.5464466727651,24499.48502096781,0.3218545333123285
"Philadelphia PA Media Market, USA",8350572.0,7980180.0,0.04641399066186477,7532289.0,0.10863669729082355,2550.191735803013,2412.9064766502584,0.05689622058760541,2464.3269346691377,0.03484310459212823,397.2064526111138,379.5882472479919,358.28369526443385,21023.253638267688,0.0490698308250146
"Dallas-Ft.Worth TX Media Market, USA",8328402.0,7020471.0,0.18630245748469013,5761057.0,0.4456378404171318,1550.6084702764194,1458.8167493837009,0.06292203659678117,1515.974490997655,0.02284601718856889,121.87481600939498,102.73502785099629,84.30521988427516,68335.70931797745,0.23058286893369564
"San Francisco-Oakland-San Jose CA Media Market, USA",7627769.0,7035787.0,0.08413870402841928,6677322.0,0.1423395486993139,3766.493746211294,3496.981772419477,0.07706988235324667,3496.2060013001824,0.07730887276396067,264.74479789676207,244.1982717829638,231.7566595660675,28811.78047915589,0.06495355370211153
"Houston TX Media Market, USA",7487834.0,6269282.0,0.19436866933087393,5020547.0,0.49143788515474507,1692.2252975562312,1599.484740038419,0.05798152067120357,1606.0914140309067,0.0536295025132779,161.803636311108,135.47210376989872,108.48835068603609,46277.291232211646,0.04883681296953369
"Atlanta GA Media Market, USA",7230672.0,6336938.0,0.14103562319845958,5149717.0,0.40409113743531927,922.5953714845053,807.3058188906115,0.14280778101206204,805.9314021320909,0.14475669894953844,156.91137111072382,137.51662780771247,111.75298164571748,46081.249235262294,0.3264347295430291
"Washington DC (Hagerstown MD) Media Market, USA",7168976.0,6389832.0,0.12193497419024475,5481143.0,0.3079344946847765,2263.3872468329746,2006.5094297925461,0.12802223265254584,1932.9089790377466,0.17097456288901347,225.13457279577477,200.66632913219001,172.1298533762076,31843.070173425378,0.045625679825015544
"Boston MA (Manchester NH) Media Market, USA",6827987.0,6319172.0,0.08051925157283264,6076920.0,0.12359336637638804,2353.0082010306983,2118.808518193105,0.11053367061093179,2083.938863054501,0.1291157541837927,273.75527067127996,253.35529216420204,243.64265477478423,24941.938042898597,0.03200972460813315
"Phoenix (Prescott) AZ Media Market, USA",5682475.0,4983353.0,0.1402914864750701,3915603.0,0.4512388002563079,1671.3221683599077,1535.969333282041,0.08812209472219502,1638.040799888155,0.020317789687549295,26.10341267943797,22.89187719898728,17.986986479983695,217690.88470474846,0.44711359171221193
"Seattle-Tacoma WA Media Market, USA",5527478.0,4794309.0,0.15292485319573687,4232279.0,0.30602873770845446,1785.783991895736,1452.9970803365438,0.22903481091793523,1354.6314360841534,0.31828034129926863,81.65539125207812,70.82455636700126,62.521894729016374,67692.75016925874,0.021600306235611558
"Tampa-St.Petersburg (Sarasota) FL Media Market, USA",5012757.0,4352347.0,0.1517365228461793,3699829.0,0.354861805775348,1143.9909574875437,1052.6497694240798,0.08677262914657558,1068.9352254397359,0.07021541648319393,231.88584819508176,201.33584686716702,171.15092270416483,21617.347669198207,0.0148080199274026
"Detroit MI Media Market, USA",4958967.0,4834704.0,0.02570229738987123,4964085.0,-0.0010310057140439778,1412.560857035507,1396.3597377463782,0.011602396467887492,1641.0705436657815,-0.13924428021225424,307.5856777072319,299.87812105905624,307.9031275911504,16122.229867673079,0.13241324952793423
"Minneapolis-St. Paul MN Media Market, USA",4907832.0,4521594.0,0.08542076090865301,4141793.0,0.1849534730489911,1172.4959395806559,1062.4884440938058,0.10353759243064073,1103.0205288610427,0.06298650741464629,42.03041977705505,38.722697492785706,35.47010134406968,116768.56967008568,0.22244451644215768
"Miami-Ft. Lauderdale FL Media Market, USA",4727510.0,4316378.0,0.095249303930286,3953599.0,0.1957484813204374,3023.5080695049796,2793.176722556852,0.08246214608908964,2724.651442441198,0.10968618679386598,428.5741892386087,391.3028638326238,358.4149977471384,11030.785611235115,0.007223238795049348
"Denver CO Media Market, USA",4637385.0,4031051.0,0.15041585928830967,3460405.0,0.34012781740865594,1667.2377753166427,1515.9093155929725,0.09982685518656875,1544.1215718268056,0.07973219579089348,15.323633382472927,13.320081828455235,11.434456611835383,302629.5973188846,0.110174630316768
"Sacramento-Stockton-Modesto CA Media Market, USA",4465481.0,4034681.0,0.10677424064009025,3425652.0,0.30354192428185933,1865.5076778371135,1727.578297657707,0.07983972730290403,1689.1610858942704,0.10439891933070568,87.7201696506862,79.25750928206844,67.2937080247822,50905.977699110255,0.17876363203757922
"Orlando-Daytona Beach-Melbourne FL Media Market, USA",4453723.0,3691322.0,0.20653874140484088,2924492.0,0.5229048327025685,1098.6707390968252,968.5502803137282,0.13434558992740056,948.1990018136977,0.15869214900596593,190.14129990555202,157.59237012494089,124.85435453515802,23423.227895319305,0.04692673492876938
"Cleveland-Akron (Canton) OH Media Market, USA",3855286.0,3849692.0,0.001453103261247913,3913208.0,-0.014801666561041479,1084.586338071573,1121.207019467802,-0.032661837430889025,1315.1484469616003,-0.1753126116087481,189.39882875684546,189.1240120381725,192.24436575701978,20355.384588726807,0.28370210216047675
"Portland OR Media Market, USA",3494037.0,3120375.0,0.11974906862155991,2742690.0,0.2739452872909443,1690.4884988084862,1518.7805011103733,0.11305649339886703,1365.9512668037262,0.23759063730301647,27.637236636869265,24.681633958304083,21.694210036005618,126424.9767771212,0.1745895980605177
"Salt Lake City UT Media Market, USA",3450559.0,2939068.0,0.17403169984498487,2387354.0,0.4453486998576667,1497.4327291621373,1404.8150650146995,0.06592872361207823,1408.503783514979,0.06313717200335274,9.83030974459521,8.373121224829935,6.801341258039162,351012.23559076025,0.3975042474273649
"Charlotte NC Media Market, USA",3372277.0,2957650.0,0.1401879870843406,2412465.0,0.3978553056728284,705.9485643052188,583.607558081178,0.2096288927893281,512.8783069209322,0.37644457716175395,123.62580800651473,108.42581171430113,88.43963141593545,27278.098759300246,0.23180382728899718
"Raleigh-Durham (Fayetteville) NC Media Market, USA",3304047.0,2917575.0,0.1324634328166371,2388622.0,0.383243979164556,715.4900476351343,634.4947928126182,0.12765314347731122,592.0362973574895,0.20852395508294255,100.33213174381031,88.59635449267137,72.53393707479454,32931.09537866301,0.3384033919679593
"San Diego CA Media Market, USA",3297640.0,3094887.0,0.06551224648912868,2813599.0,0.1720362425491337,2689.08781374453,2611.98363275449,0.029519396685012685,2611.7716420345414,0.029602960100202462,300.4734149160579,281.9990252633136,256.3687060244313,10974.81453033457,0.3250121314385354
"St. Louis MO Media Market, USA",3201578.0,3184890.0,0.005239741403941738,3058384.0,0.04682015077243407,1038.2257575057592,1058.7312374279572,-0.019367974795957896,1142.1573699520475,-0.09099587778403226,68.72165210522218,68.36344533020937,65.6480027199643,46587.61688525691,0.29230705770689674
"Indianapolis IN Media Market, USA",3110466.0,2899262.0,0.07284750395100546,2661651.0,0.1686227833776855,922.7827666616369,869.0899896966555,0.06178045726164919,885.3153884183382,0.04232093865468221,91.44871248852519,85.2392461666215,78.25340545236487,34013.229004074776,0.31003797962632734
"Nashville TN Media Market, USA",3052566.0,2630315.0,0.16053248375194606,2253209.0,0.3547638057543708,663.4706667435025,565.5081597747372,0.17322916614994094,524.1159319057342,0.2658853248956992,56.66709419435301,48.828529134446114,41.828024895305774,53868.40534879931,0.306939006412077
"Baltimore MD Media Market, USA",3037341.0,2901302.0,0.04688894847899323,2719522.0,0.11686575802659438,1763.4112710562324,1816.121581383212,-0.029023558151230117,1919.341547233192,-0.08124154682200221,303.0251270683248,289.45298114817695,271.31741204399003,10023.396506373392,0.007927011019570841
"San Antonio TX Media Market, USA",2873557.0,2458266.0,0.16893655934711704,2007054.0,0.4317287925486808,1337.5670787347663,1311.3551639956972,0.019988417675651918,1303.9041813593246,0.025817002396869324,37.316726136393505,31.92365388694483,26.064102594433706,77004.53114501743,0.3347984464197065
"Pittsburgh PA Media Market, USA",2839713.0,2837464.0,0.0007926091749534091,2901342.0,-0.021241549600150553,976.0627144920688,975.4206979529039,0.0006581945006009648,1068.1041590781842,-0.0861727237028557,104.27489108434285,104.19230730561286,106.53792163096392,27232.951005463965,0.38006198034938105
"Hartford & New Haven CT Media Market, USA",2648464.0,2657268.0,-0.003313177293370484,2522135.0,0.05008811978740234,1161.3720697068816,1159.1822334748813,0.001889121631407182,1137.4526023046997,0.021028979452608773,236.22921707517105,237.01448809532832,224.96132717223512,11211.415898471298,0.2084403058295926
"Columbus OH Media Market, USA",2624162.0,2397839.0,0.09438623694084548,2158657.0,0.21564565375601588,1261.8717238168183,1129.2030177116271,0.1174887987583042,1152.9819612947645,0.09444186134514532,99.07006919785015,90.52568997466764,81.49584452652832,26487.9395083429,0.20506085193194418
"Kansas City MO Media Market, USA",2601736.0,2417502.0,0.07620841678724567,2200456.0,0.18236220128918734,1018.2923867932246,975.4695533495652,0.04389971301166137,1016.6635664091044,0.0016021232961787694,53.96407914981137,50.14277746582562,45.64090351583609,48212.367207772404,0.21155262549379183
"Cincinnati OH Media Market, USA",2438846.0,2321822.0,0.05040179652014668,2190930.0,0.11315560058970392,1013.6226638104641,975.6140380962491,0.038958670365570575,1057.2831014064577,-0.04129493561177135,124.56605671930446,118.58896008363337,111.90354399089804,19578.73648915181,0.3629188781237597
"Austin TX Media Market, USA",2437709.0,1858854.0,0.3114042307787486,1371396.0,0.7775383623694396,1351.4509122559155,1229.4666791776003,0.09921719323041053,1234.6829812126598,0.09457320852399742,89.0587870775141,67.91101095093195,50.10231506835086,27371.9088255524,0.36560909876087105
"Greenville-Spartanburg SC-Asheville NC-Anderson SC Media Market, USA",2373572.0,2177404.0,0.09009260569007864,1949003.0,0.2178390695140028,419.11400271258907,370.7328623877759,0.13050135348996353,353.01486469955245,0.1872417980735541,68.83328814824075,63.144440930012664,56.52084078375785,34482.90883457765,0.2878961637683205
"Milwaukee WI Media Market, USA",2340417.0,2307829.0,0.014120630254667916,2205032.0,0.06139820193085633,1526.6890070329841,1594.5169827114582,-0.04253825855346702,1671.2803563513528,-0.0865153166964952,192.3899206430121,189.71108061838635,181.26083150793306,12164.96681415419,0.4492161729245403
"Las Vegas NV Media Market, USA",2321551.0,2000560.0,0.16045057383932498,1412415.0,0.6436748406098775,2565.3089425864923,2394.465883157899,0.0713491307728636,2397.707408938619,0.06990074477939091,24.300291151271395,20.940393067215627,14.784123082552565,95535.93352228358,0.5306897352332293
"West Palm Beach-Fort Pierce FL Media Market, USA",2177482.0,1920548.0,0.13378160816600262,1597969.0,0.36265597142372596,1393.087703226013,1236.1528111539822,0.12695428158718328,1185.3599486924018,0.1752444519175467,173.06958370473146,152.6480783055633,127.00900838815936,12581.540634632445,0.10405599118995992
"Grand Rapids-Kalamazoo-Battle Creek MI Media Market, USA",2100349.0,1980745.0,0.06038334061173952,1903860.0,0.10320559284821362,769.2290301515916,727.7383334617331,0.05701320760786917,778.4540454965467,-0.011850430219128448,89.43701153755856,84.34403683290797,81.07012157784075,23484.114282127714,0.4636447912479053
"Fresno-Visalia CA Media Market, USA",2088839.0,1950510.0,0.0709194005670312,1647637.0,0.2677786429899304,1653.2811707117296,1568.2471313252215,0.054222346521782865,1483.3317735241365,0.1145727477972262,45.22151698030008,42.22681646850002,35.66988387945202,46191.26335169084,0.4268891342173189
"Harrisburg-Lancaster-Lebanon-York PA Media Market, USA",2073812.0,1959790.0,0.05818072344485889,1771722.0,0.1705064338536181,919.9587741203893,897.3166775089443,0.02523311689057438,865.3515905647455,0.06310404250832438,132.9319941042716,125.623148446248,113.56793116174866,15600.548340328858,0.41851691235159005
"Jacksonville FL Media Market, USA",2018225.0,1746582.0,0.15552834049589426,1475750.0,0.3675927494494325,851.4199139995372,773.1524826480106,0.10123155924361049,815.4040937898475,0.04416929039722488,85.04439694384442,73.59784607909111,62.185469305889285,23731.42820135055,0.08564251581672229
"Norfolk-Portsmouth-Newport News VA Media Market, USA",1976882.0,1891873.0,0.04493377726729014,1782887.0,0.10880947586695063,1226.8896455033507,1264.6500937714957,-0.029858415742123633,1245.4433646420475,-0.014897280490975457,124.41508450710455,119.06504241108442,112.20600762798088,15889.407685826978,0.004292202782490323
"Oklahoma City OK Media Market, USA",1964638.0,1798380.0,0.0924487594390507,1620574.0,0.21230995931071336,911.338568110008,876.6698082987613,0.039545972135762185,858.6913573347114,0.06131098249166982,24.802764231357163,22.70382387920222,20.459094673658658,79210.44532271066,0.33123721227448666
"Birmingham (Anniston & Tuscaloosa) AL Media Market, USA",1958001.0,1876918.0,0.04320007586905768,1763729.0,0.11014844117208483,491.1592659540359,487.71410546606677,0.007063893476439208,516.604128988611,-0.049254083749563055,48.833405344812675,46.81115969449205,43.98817629582473,40095.524491371325,0.3125278163745596
"Albuquerque-Santa Fe NM Media Market, USA",1941932.0,1893497.0,0.025579654998133083,1684847.0,0.15258655533707216,944.2394844697858,930.5784648323773,0.014680137305637286,837.9074130067298,0.1269019342859089,6.38817936610299,6.2288475936221825,5.542472568782287,303988.3335625007,0.37850604853446057
"Greensboro-High Point-Winston Salem NC Media Market, USA",1838080.0,1739695.0,0.056553016477026145,1560694.0,0.17773247029846978,566.5565935023692,510.4707596529009,0.10987080609201666,488.51831809472185,0.15974482945082935,95.39164052399575,90.28571121028072,80.99601813629278,19268.774390536153,0.2782611243922236
"Louisville KY Media Market, USA",1803491.0,1703942.0,0.05842276321611886,1556798.0,0.1584617914462891,853.0401799302042,833.2393877251395,0.02376362963244407,860.5363077558765,-0.008710995408457326,68.84300350953491,65.04301107465683,59.42621847164024,26197.157417023685,0.2988886729233587
"Memphis TN Media Market, USA",1792353.0,1802773.0,-0.005779984501653841,1699356.0,0.054724848707392686,802.356792758593,816.9410232706605,-0.017852244037983155,891.0105389333969,-0.0994979770732328,44.06176497542967,44.317921877024375,41.775601503490805,40678.193463186886,0.37767331799626125
"New Orleans LA Media Market, USA",1759673.0,1665829.0,0.056334713827169536,1768284.0,-0.004869692877388474,1316.29728655161,1249.7230892318523,0.05327115894184021,1656.2411316837913,-0.20525021304511554,68.1371222179588,64.50334475054177,68.47055278114802,25825.46698070271,0.0026092065588230423
"ProvidenceRi-New Bedford MA Media Market, USA",1676424.0,1600783.0,0.04725250080741737,1582907.0,0.05907927629355357,1867.8725036003975,1729.1294000663852,0.08023870482376025,1766.1845946974393,0.05757490423608761,388.7529122367017,371.2122071200389,367.06686736163454,4312.312389776435,0.041620806886912186
"Richmond-Petersburg VA Media Market, USA",1580842.0,1451572.0,0.08905517604362718,1275222.0,0.23966023170867504,869.2162421487219,798.3616680062546,0.08874997007235097,767.2360119481217,0.13291898270215166,63.2357149524034,58.06474854848878,51.010521540440955,24999.19548928761,0.05536828793506905
"Buffalo NY Media Market, USA",1573755.0,1562666.0,0.0070962060990640355,1611522.0,-0.023435609318395903,1311.5573118389393,1254.7534864439997,0.04527090461085147,1383.6834577323496,-0.05212618933207037,74.35905500461138,73.83510587596928,76.14352490644436,21164.268425713635,0.28584602386184266
"Mobile AL-Pensacola (Ft. Walton Beach) FL Media Market, USA",1511794.0,1379402.0,0.0959778222737099,1277929.0,0.18300312458673368,582.331464939777,563.4083310140298,0.03358689050921388,606.0717362701769,-0.03917072833077445,49.000670678988904,44.709545834907836,41.42057587219529,30852.51648704974,0.06955228013438199
"Wilkes Barre-Scranton PA Media Market, USA",1507645.0,1532325.0,-0.016106243779876985,1481798.0,0.017442998303412477,762.8171052030742,748.8030521710954,0.01871527231539215,778.0356645714351,-0.019560233625978668,54.6616234560045,55.556428842480884,53.72450697203954,27581.416443173486,0.30684539650627973
"Little Rock-Pine Bluff AR Media Market, USA",1468651.0,1454446.0,0.009766605291636817,1353373.0,0.08517829157224209,474.0071160695126,471.17775654495614,0.006004866497314214,474.49740553991904,-0.0010332816674698893,20.72187565989558,20.521450750404615,19.095365085006485,70874.42392304176,0.25791912376294207
"Honolulu HI Media Market, USA",1453700.0,1358207.0,0.07030813417984151,1196577.0,0.21488211790799924,2660.5297080294686,2566.030720675843,0.0368269119275144,2472.8407311232495,0.0759001477709259,87.52352295948641,81.77413603097968,72.04281112491805,16609.249157770995,0.053714097660425786
"Tulsa OK Media Market, USA",1433462.0,1378768.0,0.03966874775161593,1280821.0,0.11917434208214887,723.2348694683856,686.6910089037582,0.053217327867691816,701.2187090160197,0.03139699521602879,32.054992066501796,30.831928088464533,28.641643094556322,44718.838083819115,0.37129056840963065
"Knoxville TN Media Market, USA",1411116.0,1333139.0,0.05849127510334631,1195921.0,0.1799408154886485,437.0397505086034,400.15759723876823,0.09216906919757445,381.9518192195456,0.14422743528652573,57.49900660680979,54.32166325716369,48.730415841236706,24541.571816179465,0.16897383590124368
"Albany-Schenectady-Troy NY Media Market, USA",1410145.0,1390886.0,0.013846569740438828,1343622.0,0.04951020450692233,890.9240835183592,888.1492195313108,0.0031243218211831226,869.3846936041033,0.024775441841473747,52.671958672013126,51.952593463425146,50.18718107344112,26772.21496130294,0.3822841743905243
"Ft. Myers-Naples FL Media Market, USA",1407919.0,1185867.0,0.1872486543600589,911868.0,0.5439943061934402,778.4678676003083,708.9821089694229,0.09800777445835682,714.8865134160583,0.08893908752093939,84.8270290507231,71.44841035549193,54.939988256728384,16597.528119935945,0.017252070419803797
"Harlingen-Weslaco-Brownsville-Mcallen TX Media Market, USA",1377835.0,1263497.0,0.09049328965561454,978323.0,0.40836410878615753,1092.5465966550148,1086.7521873613732,0.005331858873650283,1023.1925550003241,0.0677820038034471,121.83774761732055,111.72718692821829,86.51011968938217,11308.76946549959,0.044967717256940265
"Lexington KY Media Market, USA",1316819.0,1254713.0,0.049498172091944535,1155249.0,0.1398572948342738,664.4800467616491,612.5659528643494,0.08474857875229629,588.3691902955371,0.12935901084127394,40.87838181700359,38.95040782731569,35.86271895811921,32213.090182847252,0.24256732855199467
"Spokane WA Media Market, USA",1246285.0,1112031.0,0.12072864875169848,990544.0,0.2581823725144971,899.1178737810834,823.5631146239461,0.09174131018681783,782.9637210469417,0.1483518962779347,9.087235992175714,8.108328454258176,7.222510973520262,137146.76289611886,0.18273963830643392
"Dayton OH Media Market, USA",1218615.0,1208986.0,0.00796452564380398,1219951.0,-0.0010951259517800304,864.4549876732043,875.2499259400149,-0.012333549477558535,973.4301265541023,-0.11194962628356799,104.55343708220472,103.72729835449782,104.66806179299674,11655.427444646022,0.5504267218335477
"Tucson (Sierra Vista) AZ Media Market, USA",1216549.0,1159029.0,0.04962774874485453,999882.0,0.21669256972322734,1202.1273339597942,1193.486632255516,0.007239881428708173,1234.8561919871306,-0.02650418586367464,28.219179609928496,26.88494053598812,23.193352464006402,43110.714656352924,0.43205162647193507
"Wichita-Hutchinson KS Media Market, USA",1214857.0,1211573.0,0.0027105259031028257,1176981.0,0.03218063843001714,801.6536439103963,812.6786008050573,-0.013566195644550461,806.9090583296544,-0.0065130194846703526,8.074086612100727,8.052260750757261,7.822358133341558,150463.70671566488,0.48850733842833577
"Des Moines-Ames IA Media Market, USA",1203917.0,1100907.0,0.09356830322633973,1016958.0,0.18384141724633662,895.5460362699191,834.9353612086969,0.07259325437298397,832.9475420397105,0.07515298511706789,23.66243629183539,21.637822001629367,19.98784292145749,50878.82689473551,0.4681402490650502
"Omaha NE Media Market, USA",1180380.0,1080375.0,0.09256508156889968,988179.0,0.1945001867070642,1186.8833103863844,1125.4437412871634,0.05459141745188694,1143.4766649632875,0.03796023718987792,35.10399660044588,32.129890651490804,29.38802102427355,33625.23115060372,0.2948566361334639
"Green Bay-Appleton WI Media Market, USA",1164445.0,1117555.0,0.041957666513057525,1057012.0,0.10163839199554972,734.2587175442512,738.7735396777692,-0.006111239630330073,776.8821607039491,-0.05486474695348379,41.2256669375333,39.56558722341976,37.42214072882441,28245.631581034493,0.14963655311354862
"Roanoke-Lynchburg VA Media Market, USA",1144197.0,1140615.0,0.003140411094015071,1092573.0,0.04724993204115423,472.5021147634009,450.0824569553167,0.049812334299246044,438.9810928617802,0.07636096963332156,32.90643503572034,32.80341881535099,31.421759055723868,34771.223280734,0.2047976320776187
"Flint-Saginaw-Bay City MI Media Market, USA",1128715.0,1178375.0,-0.04214278137265302,1203097.0,-0.06182543884657679,529.2499992966076,598.2792203602978,-0.11537960656918553,689.0237289579486,-0.23188421957974695,55.80057435374868,58.255628572401896,59.477816457894136,20227.65917864021,0.16168920038271256
"Waco-Temple-Bryan TX Media Market, USA",1107422.0,976405.0,0.1341830490421495,833593.0,0.3284924417551491,969.6656783480605,909.8218799990706,0.0657752903777727,877.2952301013337,0.1052900381506205,34.98389773678314,30.845019034915094,26.333531631210384,31655.192006682053,0.24720638311553692
"Columbia SC Media Market, USA",1104650.0,1059269.0,0.042841808832317384,932117.0,0.18509800808267632,556.5065924726408,538.1216286420165,0.03416507133716204,518.4303295325867,0.07344528429573827,57.64893443759724,55.280612984003255,48.64486653797115,19161.67247107995,0.30337562711011185
"Springfield MO Media Market, USA",1102591.0,1073719.0,0.026889716955739818,942605.0,0.16972751046302534,413.0806120975888,384.61628013673845,0.07400709078339258,366.13817965370595,0.12820960788159566,19.978528418900837,19.455378789971792,17.07964311362783,55188.799539253625,0.36879496965719283
"Charleston-Huntington WV Media Market, USA",1099114.0,1168119.0,-0.05907360465842949,1177656.0,-0.06669349962977304,330.68594533341644,339.0771121528187,-0.02474707527773341,356.18591458278456,-0.07159173960946014,30.56417661213216,32.483068562485066,32.74827358430255,35960.85750805788,0.24452400170666938
"El Paso TX (Las Cruces NM) Media Market, USA",1090614.0,1015754.0,0.07369894679223513,860631.0,0.26722602369656684,1514.679927725933,1565.0957219292684,-0.03221259472947031,1559.0192727831504,-0.02844053683702256,31.865636691380036,29.678371937107023,25.145977193891785,34225.394915615216,0.3444421944155092
"Rochester NY Media Market, USA",1090135.0,1079565.0,0.009790980626456025,1062408.0,0.026098259802260524,1136.1131387184644,1138.288690315837,-0.0019112476614073094,1210.443625729909,-0.061407640497608953,125.65463921222023,124.43628594728224,122.45868074704185,8675.644662501101,0.2655780169539863
"Huntsville-Decatur (Florence) AL Media Market, USA",1088244.0,1000981.0,0.08717747889320576,894365.0,0.21677838466397947,428.29296129761553,391.4319962484129,0.09416952472584725,370.64213202972763,0.1555431082596513,53.69511193330541,49.38946305985789,44.1289166622841,20267.096218212668,0.379817532630938
"Toledo OH Media Market, USA",1059639.0,1071095.0,-0.010695596562396426,1080262.0,-0.01909073909847796,818.7502242083725,863.8248180842505,-0.05218024874052854,971.7931586009236,-0.15748509138805292,73.52046566604501,74.3153122644339,74.9513421847753,14412.843966647888,0.23237710378019855
"Madison WI Media Market, USA",1038408.0,955872.0,0.0863462890428844,866757.0,0.1980382044794562,1180.5076938615205,978.220944632334,0.20679044988677517,972.3095806140963,0.21412739049216134,46.42044909797335,42.73080284452545,38.7470524098544,22369.624167322745,0.3393288227664372
"Colorado Springs-Pueblo CO Media Market, USA",1033499.0,914312.0,0.1303570334852873,789638.0,0.30882632294798373,1234.6940241712134,1172.9598713163125,0.052631086846664205,1169.2732723251443,0.05594992496149125,18.40313813569369,16.28081888334906,14.060794631821505,56158.84597396373,0.3234829538559575
"Portland-Auburn ME Media Market, USA",1029923.0,986332.0,0.044195058053474894,941984.0,0.09335508883378062,495.44524818442244,473.144894316088,0.047132187488927,491.4182565047805,0.008194631815846568,35.31935493150073,33.824480071128605,32.30364525871816,29160.30040745249,0.020657729802612882
"Syracuse NY Media Market, USA",1008495.0,1015964.0,-0.00735163844388187,1000138.0,0.008355846893128748,993.1170389434251,970.4480177558922,0.023359335866287526,975.6564943547446,0.017896200855228354,72.8934805244428,73.43333585940931,72.28944102326254,13835.187903557842,0.26013475690760146
"Chattanooga TN Media Market, USA",987764.0,936009.0,0.05529327175272887,840075.0,0.1758045412611969,443.45375449795637,421.52544016407893,0.05202133072998354,405.0368688810343,0.0948478732888035,66.10513888384587,62.64148616626005,56.2211971157552,14942.317899605534,0.30042192103724114
"Savannah GA Media Market, USA",981370.0,890844.0,0.10161824067962516,753433.0,0.3025312137907418,555.6461605184909,553.7508443784976,0.0034226875845588607,565.1555913545747,-0.016826217384298365,40.59667152907196,36.85185124025045,31.16752297315312,24173.656682598335,0.04982051131718814
"Shreveport LA Media Market, USA",977682.0,1013404.0,-0.03524951549431421,980780.0,-0.0031587104141601583,422.35587568567394,446.22975719264576,-0.0535013210619771,467.4205452064192,-0.09641140078864976,19.349306161126247,20.056280325207975,19.4106186845103,50528.01334883075,0.23964442795645968
"Paducah KY-Cape Girardeau MO-Harrisburg IL Media Market, USA",954569.0,995101.0,-0.040731543833239035,987215.0,-0.03306878440866478,335.3065074805022,358.0684898666866,-0.06356879488239518,365.76626172323864,-0.08327655508529151,19.28663358551818,20.105564257358793,19.946231205001766,49493.8111292144,0.29221740955056774
"Baton Rouge LA Media Market, USA",941282.0,903564.0,0.04174358429508037,806772.0,0.16672616302995147,718.4234977426865,713.2716643457563,0.007222820777067739,719.6933633575911,-0.001764453695918857,54.42142085916987,52.240706522800785,46.64455343817708,17296.167302133133,0.18448292573423483
"Champaign & Springfield-Decatur IL Media Market, USA",937570.0,969955.0,-0.03338814687279307,950854.0,-0.013970599061475263,869.9386215086475,884.392118529225,-0.01634286050017505,867.7303749618185,0.002544853344480681,30.396095122020295,31.44601943756647,30.826763474890924,30845.080469589077,0.3193672887601858
"Charleston SC Media Market, USA",932550.0,797768.0,0.16894886733987827,679958.0,0.3714817679915524,796.1994744111655,741.1971899679614,0.07420735694583727,709.2925557137487,0.12252619599251807,64.1761866158157,54.900764617581956,46.79332100039334,14531.09087927921,0.03393400869379462
"Cedar Rapids-Waterloo-Iowa City & Dubuque IA Media Market, USA",917083.0,875553.0,0.047432879562973346,829684.0,0.1053401053895218,805.5661673695847,787.6828590706555,0.022703691076925048,790.445069730815,0.019129852557520748,27.388656112213777,26.148363915825623,24.77848761541319,33484.04522816413,0.4403350840404025
"South Bend-Elkhart IN Media Market, USA",909046.0,892736.0,0.01826967883002366,873819.0,0.04031384073818491,613.7615459539799,594.16244617741,0.032986096483650626,657.2344384080353,-0.06614518338289796,77.54282188538147,76.15155738946974,74.53791235763883,11723.148292741913,0.33736133987778727
"Jackson MS Media Market, USA",897049.0,912791.0,-0.01724600702680022,880706.0,0.01855670337206741,417.0972883394817,444.07479033061446,-0.060749906498966055,478.9930688304032,-0.12922061824831318,24.186287021853772,24.610723736345424,23.745646110601257,37089.157140550844,0.2147920120800217
"Ft. Smith-Fayetteville-Springdale-Rogers AR Media Market, USA",895880.0,797839.0,0.12288318821215809,654797.0,0.3681797564741439,616.343609203844,532.8405080385199,0.1567131250450792,468.2200649646771,0.3163545420684642,38.09859887114396,33.92926287533445,27.846193960160345,23514.775517861453,0.3438477395623696
"Boise ID Media Market, USA",878043.0,722688.0,0.21496828506907545,568266.0,0.5451267540201243,1131.0769584286238,994.5433108495371,0.13728275690925912,982.5989212646011,0.15110747014960285,10.295160108791091,8.473603990581344,6.662987409935821,85286.9688981558,0.38999176529159313
"Burlington VT-Plattsburgh NY Media Market, USA",858781.0,850060.0,0.010259275815824765,819686.0,0.04769509299902645,423.1970754992121,414.25235588014067,0.021592441158402156,406.17058220483915,0.0419195629628001,21.85676638784099,21.6348089159496,20.861762676845238,39291.31074383187,0.32450415462029875
"Bakersfield CA Media Market, USA",826435.0,760631.0,0.08651238248243892,591687.0,0.39674354853157157,1891.9340509896574,1813.6723409431809,0.04315096408526436,1672.5331728580072,0.13117879016817363,54.45249875651009,50.116776977818006,38.98532326407181,15177.173111843564,0.33935946555035534
"Reno NV Media Market, USA",797066.0,721385.0,0.10491069262599029,612341.0,0.3016701478424603,1246.6394572589898,1145.5376836185603,0.08825704739896986,1132.958865568395,0.1003395579005089,5.826266316508762,5.273065375683661,4.475992882041502,136805.62416817585,0.3342648762920876
"Greenville-New Bern-Washington NC Media Market, USA",791996.0,795362.0,-0.004232035224212371,699627.0,0.13202606531766212,401.7404315501749,416.3855503128843,-0.0351720148590762,470.26297386494207,-0.1457111151056656,35.80226363725566,35.95442402620081,31.626713142165197,22121.394558299737,0.013742856903696614
"Tri-Cities TN-VA Media Market, USA",787080.0,803265.0,-0.020149016825082633,772565.0,0.01878806314031829,290.17653593826975,275.2404648901504,0.05426553488085552,268.8893157028553,0.07916722231886139,42.21903479693733,43.08719950470329,41.44044902410923,18642.775794985646,0.14159284246228437
"Myrtle Beach-Florence SC Media Market, USA",785937.0,739235.0,0.06317612126049227,644160.0,0.2200959388971684,397.0878150328419,344.5494829603859,0.15248414138092473,305.733588884705,0.29880336825728177,58.67063865963238,55.18430811827582,48.086905946645594,13395.746457772146,0.25510464118307363
"Monterey-Salinas CA Media Market, USA",773972.0,732464.0,0.05666899670154438,710386.0,0.08950908379388108,2103.055601065711,2047.27647459117,0.027245527004690382,2072.3033452535856,0.014839649746529902,58.00693719376217,54.89603402279645,53.24135251059203,13342.748944228515,0.2527604288581213
"Davenport IA-Rock Island-Moline IL Media Market, USA",763594.0,772754.0,-0.01185370764822958,780959.0,-0.022235482272436838,758.8244065938345,781.7726727885156,-0.02935414218666227,804.2179991216741,-0.056444387687686864,30.332144654556345,30.696006137275877,31.021932279821044,25174.415086580324,0.3603762129153338
"Tallahassee FL-Thomasville GA Media Market, USA",761179.0,732982.0,0.03846888463836765,650300.0,0.17050438259264955,624.880096675197,573.3931681979192,0.08979341110584353,510.8946194844122,0.22310956671616036,27.695293096061956,26.669352838343787,23.660990516513316,27484.05649147051,0.14003785262899787
"Tyler-Longview (Lufkin & Nacogdoches) TX Media Market, USA",759825.0,734624.0,0.03430462386200288,655099.0,0.15986286042262315,405.211531536461,407.90852095589383,-0.006611750627598333,391.47802557366845,0.035081166925442595,31.66799591180988,30.617668316674788,27.303224365914176,23993.466530562488,0.1712912490919514
"Yakima-Pasco-Richland-Kennewick WA Media Market, USA",759532.0,683329.0,0.11151729254868445,584488.0,0.2994826241086216,1045.048276218012,1022.9643483780089,0.02158816959263428,920.9731674421666,0.13472174126466804,18.048201355572733,16.23744540598969,13.888759280604367,42083.52871492536,0.26078136125349133
"Lincoln & Hastings-Kearney NE Media Market, USA",744887.0,707671.0,0.05258940948548125,680850.0,0.09405449071014173,978.5159507594274,941.557699845319,0.039252242236646716,920.7405806456551,0.06274880387400564,7.6315370087343455,7.250250610506081,6.975463355377096,97606.41914564154,0.2906657517094376
"Ft. Wayne IN Media Market, USA",744561.0,714211.0,0.04249444491893852,688348.0,0.08166363525426093,695.720723827116,667.6946877086134,0.04197432843846939,715.0524338909083,-0.027035374117391896,59.46813715055379,57.0440806091565,54.978401059563154,12520.335017641735,0.4033049176198072
"Johnstown-Altoona PA Media Market, USA",740837.0,762037.0,-0.027820171461490715,763480.0,-0.029657620369885264,684.3361320861189,714.1849372314168,-0.041794223861691446,684.3794549742483,-6.330243816427835e-05,34.20611423229025,35.1849660198286,35.25159258253699,21658.028590124304,0.2981262809985872
"Evansville IN Media Market, USA",737956.0,735813.0,0.002912424760095296,713832.0,0.03379506662632104,547.4470462610657,561.2851564787137,-0.024654331328594153,580.5024616406927,-0.05694276521446854,33.50219325182213,33.40490398235531,32.406996641174665,22027.095195024696,0.24927317629208853
"Santa Barbara-Santa Maria-San Luis Obispo CA Media Market, USA",730644.0,692977.0,0.0543553393546972,645028.0,0.1327322224771638,1872.1630883725145,1782.816710136817,0.05011529100422271,1707.1117973959351,0.09668452366643598,48.02058905357986,45.5449764051749,42.39359320825533,15215.22360304182,0.34057009693547674
"Augusta GA Media Market, USA",728839.0,693229.0,0.05136830686540811,638671.0,0.1411806704860562,503.2899645410282,470.2395182526725,0.07028428068139694,478.731377380649,0.05129930545758268,35.11427564430355,33.39864385773113,30.77012829997158,20756.202046794515,0.254652555400789
"Sioux Falls (Mitchell) SD Media Market, USA",726106.0,669854.0,0.08397650831375195,632192.0,0.14855297124924075,708.5003920998967,659.4934274418688,0.07431001222881421,629.1562687402849,0.1261119491322512,4.928125127552733,4.546339417649364,4.290725156709651,147339.1972010618,0.3191474919816213
"Springfield-Holyoke MA Media Market, USA",699162.0,692939.0,0.00898058847892816,680014.0,0.028158243800862924,1217.6471125085275,1201.5570443841139,0.013391014766727917,1185.4387201589652,0.027170018830870616,141.76738824928816,140.50556558576338,137.8847945868789,4931.754817762262,0.36184563472748915
"Lansing MI Media Market, USA",679324.0,670977.0,0.012440068735590042,652679.0,0.04082404980089753,778.8686301423526,793.109842855689,-0.017956166906287728,836.6124972332574,-0.06902104293429548,86.13058279058276,85.07227780716839,82.75229882232156,7887.140409251649,0.45612013953775676
"Macon GA Media Market, USA",674163.0,669695.0,0.0066716938307737105,604650.0,0.11496402877697842,427.4833781031161,415.3718429835107,0.029158295932173183,432.17048431499757,-0.01084550283277832,29.709033425842623,29.512137480282476,26.645732650613784,22692.18894929023,0.33621326685563474
"Fargo-Valley City ND Media Market, USA",655953.0,607718.0,0.07937069496049154,585204.0,0.12089630282773187,781.1674297355279,726.5374163101517,0.07519229182004741,711.1833415774902,0.09840512856052644,6.005582685852564,5.563966776096684,5.357839677677614,109223.87290499518,0.37853752193598444
"Eugene OR Media Market, USA",654261.0,608000.0,0.07608717105263157,564276.0,0.15946983391106478,1150.471568082769,1048.1731661354395,0.097596852554906,970.8643222148379,0.1849972666192863,21.088922345815597,19.59778251532016,18.188418300353288,31023.9181154658,0.2603413091944091
"Youngstown OH Media Market, USA",643120.0,673614.0,-0.04526924915456033,715060.0,-0.10060694207479093,596.0863418256371,632.1395720841418,-0.05703365498799344,729.1858039002972,-0.18253161452503952,108.95276482026172,114.11883897505253,121.14032219861977,5902.74144085236,0.47134280537262463
"Montgomery (Selma) AL Media Market, USA",636954.0,641137.0,-0.006524346590510296,620068.0,0.027232497080965312,462.3501125554296,472.39416143244745,-0.021262008926107728,485.6644022723758,-0.04800493840574062,21.37680399032777,21.517189592885472,20.810093188322167,29796.502802205545,0.2930385506986156
"Peoria-Bloomington IL Media Market, USA",627883.0,645449.0,-0.027215163397882713,617378.0,0.017015507517274667,843.5906211231538,904.4885950418405,-0.06732862553769366,952.478370605197,-0.11432044321684366,38.0670602601737,39.132045266186296,37.43016697267726,16494.128932170268,0.2995720951145463
"Lafayette LA Media Market, USA",625524.0,615712.0,0.0159360220362767,579589.0,0.07925443719601304,509.8632406173345,547.7690899006659,-0.06920041671246066,585.7109140654203,-0.12949677328296136,40.642927447582046,40.00540050358681,37.65833713241479,15390.72205875795,0.1743774644818757
"Traverse City-Cadillac MI Media Market, USA",615414.0,612135.0,0.0053566615207429735,597077.0,0.03071128179447542,196.9475354281124,202.06583482678994,-0.025329860453970048,225.25940121074603,-0.12568561236716555,15.220854457494587,15.139755909580298,14.767330799945233,40432.28990321083,0.04835599130970811
"Columbus GA Media Market, USA",611138.0,563750.0,0.08405853658536586,527333.0,0.15892235077266167,634.9581652608838,583.0235515534549,0.08907807166460102,624.1949338811995,0.017243381507054643,35.63947219416703,32.87596655659059,30.752252012747828,17147.784812032725,0.2597835681759654
"Corpus Christi TX Media Market, USA",586807.0,576497.0,0.017883874504117107,551347.0,0.06431521346810629,1133.6305455984386,1154.0667593008807,-0.017707999591654516,1132.5561004312272,0.0009486904593974445,19.501301354202358,19.15867010242481,18.32286253868036,30090.65853308032,0.019757287814988336
"La Crosse-Eau Claire WI Media Market, USA",575794.0,557133.0,0.03349469516255544,527389.0,0.09178234661701325,579.8024162719909,581.2453240180112,-0.002482441899137901,602.557232810062,-0.037763743092009215,21.0707225997516,20.387838175054636,19.299380197015594,27326.73249690962,0.36299087786657946
"Amarillo TX Media Market, USA",544913.0,539995.0,0.009107491736034593,511269.0,0.06580488940264323,841.6921530369543,851.5925289921294,-0.011625719599598012,828.4241568683801,0.0160159455256955,4.884802793149395,4.84071601207295,4.583205464451569,111552.71217175924,0.447284600434121
"Chico-Redding CA Media Market, USA",513345.0,512280.0,0.0020789412040290466,471390.0,0.08900273658753897,832.7649192274127,772.452144879374,0.07807962570607807,724.9864052275291,0.1486628069474745,11.506806633748583,11.482934288513036,10.566370723553838,44612.29047635148,0.23613694865745746
"Wilmington NC Media Market, USA",502020.0,454898.0,0.10358805710291098,361367.0,0.3892248046999311,520.7246157252077,465.5701348073735,0.11846653553208268,388.8457589252306,0.3391546745025334,50.79283539078415,46.02517675311129,36.56199861890263,9883.67741508454,0.08227517642907417
"Columbus-Tupelo-West Point MS Media Market, USA",486326.0,493408.0,-0.014353233024190934,488226.0,-0.003891640346888531,220.35305142717488,227.53837225064882,-0.031578501473847366,238.52520671958953,-0.07618547130651002,19.36877090984374,19.65082376242311,19.444441683622447,25108.769279357617,0.3962336871010037
"Columbia-Jefferson City MO Media Market, USA",483736.0,465689.0,0.03875333108576754,425252.0,0.13752786583014306,537.7294839969915,493.1516230898765,0.09039382376521278,463.6566966860373,0.15975782910154349,22.641063037941585,21.796380680941628,19.90374365151805,21365.42790368817,0.37834490373532936
"Odessa-Midland TX Media Market, USA",479879.0,413828.0,0.15960978957441255,373204.0,0.2858356287713958,924.1463214354868,960.0587083830746,-0.03740644882860473,897.5053828426123,0.029683319010852402,5.2917082506090525,4.563352515807199,4.115384682305958,90685.08263749575,0.33935421327602383
"Rockford IL Media Market, USA",469361.0,486670.0,-0.03556619475209074,456277.0,0.0286755633091302,832.1737769104218,876.1925278519901,-0.05023867419810289,920.3832925317641,-0.0958399792098552,63.39627988361365,65.73419506724728,61.6290326560059,7403.604767687923,0.518835578343781
"Lubbock TX Media Market, USA",467202.0,444467.0,0.05115115407893049,408911.0,0.14255180222591224,1007.7783838835925,984.9594301771525,0.023167404674054246,941.7249876994789,0.0701408553950279,10.116067163551952,9.623798750823937,8.853924298087748,46184.15362872661,0.5650925211394833
"Monroe LA-El Dorado AR Media Market, USA",465632.0,480685.0,-0.031315726515285476,486046.0,-0.04200013990445349,335.63195167839183,348.87599421536686,-0.03796203452393249,378.9521448948439,-0.11431573564116672,14.57530889826486,15.046501008870617,15.214312136549983,31946.62996510708,0.1685818563324863
"Topeka KS Media Market, USA",465621.0,463311.0,0.004985851836023751,442433.0,0.05241019544202173,705.781660513553,744.2448002257889,-0.05168076377633676,767.9119650998603,-0.0809081084942175,15.158411705510632,15.08320905992607,14.403520386976071,30717.004462329645,0.36966936541823303
"Beaumont-Port Arthur TX Media Market, USA",462560.0,460666.0,0.004111438656206449,456637.0,0.012970915628825522,676.1951291744205,670.6964333427862,0.008198486764315166,698.8749555162317,-0.03245190883261589,34.952922392105265,34.80980401824966,34.50535632645229,13233.800447669502,0.3491848026685265
"Anchorage AK Media Market, USA",457121.0,436221.0,0.047911494403066336,369073.0,0.23856527028528232,1053.521832168316,1104.184065329713,-0.04588205422641106,1075.601607999531,-0.020527838250707343,4.088728704048293,3.9017882005172604,3.3011814574023415,111800.27658655848,0.032144230758322206
"Medford-Klamath Falls OR Media Market, USA",456444.0,427458.0,0.06781017082380024,393611.0,0.15963222572539892,804.3366240446903,742.1468866417789,0.08379707376301276,693.1598037573794,0.1603913263358028,6.546778977167638,6.1310326086488685,5.64556488853382,69720.39251544634,0.2468525645149579
"Wausau-Rhinelander WI Media Market, USA",455195.0,450006.0,0.01153095736501291,440928.0,0.032356756658683504,372.21507364122465,389.8751895058455,-0.04529684457993984,402.5833410439142,-0.07543349241412581,15.61574676609016,15.437734903110027,15.126308483350217,29149.74268079597,0.35841866341018125
"Salisbury MD Media Market, USA",449957.0,405746.0,0.10896225717567148,342770.0,0.3127082300084605,432.4838959169786,405.4858610807688,0.06658193892198883,379.6242246987572,0.13924209199285714,64.19875264279976,57.890836435049195,48.905576407017726,7008.8121883543345,0.008993677711438644
"Palm Springs CA Media Market, USA",441884.0,422199.0,0.04662493279235621,318622.0,0.38685966442995146,1412.9425053036598,1377.9339046535936,0.025406589192583394,1189.8817968804462,0.18746459438913968,188.457725043938,180.06233096429284,135.88810020039108,2344.7380567550463,0.19252105744906595
"Minot-Bismarck-Dickinson ND Media Market, USA",427506.0,357745.0,0.19500202658318075,343582.0,0.24426192291796428,606.5191039186942,588.1026137320491,0.03131509664576325,582.039815004686,0.0420577566739332,2.7596119266154067,2.3092947670606465,2.217870591220649,154915.2603222458,0.2728025111902755
"Duluth MN-Superior WI Media Market, USA",425142.0,424200.0,0.0022206506364922207,422313.0,0.0066988229109688786,476.8343594424142,501.0910504118401,-0.04840775134476988,514.3403557179732,-0.07292057848193538,6.619761425311156,6.605093819516755,6.575711895807589,64223.16042605971,0.09591256190691777
"Idaho Falls-Pocatello ID Media Market, USA",421645.0,372019.0,0.13339641254882142,313424.0,0.3452862575935474,995.8583422412153,780.3321096530136,0.27619808274202456,730.4730752751068,0.36330602173962473,5.416591125938722,4.77907911650938,4.026348366650187,77843.23944645662,0.19857773333569242
"Sioux City IA Media Market, USA",418199.0,411095.0,0.017280677215728724,417944.0,0.0006101295867388932,663.2717630280555,641.4559819681226,0.03400978659984968,645.2522258343622,0.027926346430487074,12.029777665539232,11.825426290868343,12.02244241771532,34763.65163405988,0.26717479582139764
"Wichita Falls TX & Lawton OK Media Market, USA",414986.0,430201.0,-0.035367188825688456,424885.0,-0.02329806888922885,635.0572913624907,683.8275810672766,-0.07131957097821091,733.6090685083864,-0.13433827548816496,11.595454307611057,12.020588739351652,11.872050149858849,35788.67968352135,0.4122379218169138
"Albany GA Media Market, USA",409129.0,419886.0,-0.025618858452056033,404488.0,0.01147376436383774,314.6906706690623,340.56052547958564,-0.07596257603282938,361.0039645789178,-0.12829026396947268,24.658110305097807,25.306432209807415,24.378398307351475,16592.06625884129,0.32719277611939807
"Joplin MO-Pittsburg KS Media Market, USA",399388.0,404128.0,-0.01172895716208726,389755.0,0.024715526420443612,425.42688769338054,427.48922881881356,-0.004824311319214833,430.2396532588808,-0.011186243594809662,18.428911750964243,18.64762899259286,17.984417407375954,21671.81683851208,0.5168928360368275
"Erie PA Media Market, USA",393401.0,411146.0,-0.0431598507586113,415072.0,-0.05221021894996531,867.2857203903393,931.055196945884,-0.06849161764493233,965.2639437030778,-0.10150407456105838,55.446914570921436,57.94793896857422,58.50127916497798,7095.092721467951,0.331648508149055
"Panama City FL Media Market, USA",390648.0,368354.0,0.060523300955059534,319112.0,0.2241720775151044,356.51596064056434,374.9277244181866,-0.04910750146896617,358.30909258868934,-0.005004427700034307,23.38379280189542,22.04929658861529,19.101720445512207,16705.92975696976,0.055842260709558236
"Yuma AZ-El Centro CA Media Market, USA",383583.0,370279.0,0.03592966384807132,302387.0,0.26851683438772167,1409.4950638539713,1431.52625202746,-0.015389999409571541,1425.8769358772952,-0.011488980297759493,14.808674006098004,14.295057399060862,11.674006686119972,25902.589242091894,0.3362952098041961
"Rochester MN-Mason CityIa-Austin MN Media Market, USA",383571.0,366220.0,0.047378624870296544,350202.0,0.09528500693885243,691.394809211571,660.9536122870381,0.04605648015024824,674.588257725607,0.024913791921946142,21.821024056882163,20.833940600596463,19.92269036702005,17578.047620502257,0.44239516971741893
"Biloxi-Gulfport MS Media Market, USA",370206.0,344562.0,0.07442492207498215,334642.0,0.10627476527154392,549.00765152007,533.8708779580832,0.028352873675899035,600.1903653057557,-0.08527746652449446,80.27809476789368,74.71726792492552,72.56614476620442,4611.5444203100315,0.12268549097977642
"Terre Haute IN Media Market, USA",369823.0,382267.0,-0.03255316310327598,379964.0,-0.026689370571948923,434.49992420689614,459.13098437652155,-0.053647131227863534,483.9895326963115,-0.10225346861058789,23.929812897484272,24.735015904588465,24.585997701007546,15454.487738133519,0.31078573858149855
"Gainesville FL Media Market, USA",355928.0,321411.0,0.10739209298997233,280628.0,0.26832675285431246,983.9761063979694,802.6457419212884,0.22591581192797655,731.3277731670805,0.3454652516979802,43.32812306345599,39.12627093667386,34.1616408909991,8214.710789080971,0.04379320027540165
"Sherman TX-Ada OK Media Market, USA",347833.0,331457.0,0.04940610697616885,307340.0,0.13175310730786752,352.41256449735135,345.9289263860793,0.018742688502539084,358.08923132834866,-0.01585265999186696,15.202101906157596,14.486385971168,13.432348281613521,22880.58599706601,0.23838212832043135
"Bangor ME Media Market, USA",345296.0,349368.0,-0.011655331913626893,334892.0,0.031066731961348733,245.51885541711425,256.0653066958124,-0.041186568437506454,264.97362456760123,-0.07342153084947364,7.730086898830146,7.8212461183173,7.497174197566799,44669.09680565898,0.030622377114170967
"Binghamton NY Media Market, USA",338666.0,350182.0,-0.03288575654945143,351776.0,-0.0372680342035841,732.8301728360921,682.5300264208167,0.07369660596332879,659.919079505632,0.11048489973207058,36.277486975151945,37.51106678536569,37.68181411234387,9335.431647510957,0.23502415231822732
"Wheeling WV-Steubenville OH Media Market, USA",321154.0,343346.0,-0.06463450862977871,357559.0,-0.10181536473700843,388.1489012963681,410.1163328338923,-0.0535639031631095,440.02275237022343,-0.11788902004369554,35.95587540623776,38.44045534924089,40.03171953137426,8931.892114196307,0.32004633650946945
"Missoula MT Media Market, USA",317831.0,287900.0,0.10396318166029872,249791.0,0.27238771613068524,524.4253807967142,502.222386240987,0.04420948799576859,485.6245486539427,0.07989882770613609,6.94291816817302,6.289084892968315,5.456605781519445,45777.72520162584,0.19021154365654702
"Abilene-Sweetwater TX Media Market, USA",316535.0,310967.0,0.017905436911312134,308166.0,0.027157441119396688,610.7652040861097,618.2419952385603,-0.012093631959707805,653.7363858939225,-0.06573166605841241,8.0684424410091,7.926514731556627,7.855117548694491,39231.23977326307,0.3915382532241813
"Bluefield-Beckley-Oak Hill WV Media Market, USA",312999.0,341052.0,-0.08225431898947962,349439.0,-0.10428143395556878,235.30343128148186,243.7023307374956,-0.03446376335670186,243.49221589625313,-0.03363058069281497,23.599281944135353,25.71440261985262,26.34675984037238,13263.073035058307,0.2502348211070771
"Hattiesburg-Laurel MS Media Market, USA",300064.0,295068.0,0.016931690322230807,273137.0,0.09858422696302588,310.6362145632181,291.6774940907818,0.06499891440556464,315.89947283814536,-0.016661180937215202,24.26215247637524,23.858192941836037,22.08492701870169,12367.57539514192,0.3645653106658869
"Billings MT Media Market, USA",293175.0,273766.0,0.0708963129095651,251620.0,0.16514982910738416,675.7589073398013,662.4724995846195,0.02005578761912773,649.6772861575639,0.040145502602521255,2.142789673083164,2.000931039963453,1.8390679203246718,136819.30787829665,0.23282633691240098
"Lake Charles LA Media Market, USA",281614.0,260999.0,0.0789849769539347,251900.0,0.11795950774116713,546.0840274200767,510.03486188710775,0.07067980686572788,534.6069822527916,0.02146819167778504,23.307335975574876,21.60116820289143,20.848103901962656,12082.633566320914,0.2454184204182186
"Laredo TX Media Market, USA",281003.0,264322.0,0.06310863265259797,205299.0,0.36874996955659795,1944.527900448184,2046.1260522420337,-0.04965390655308059,2023.6772878601269,-0.0391116646348474,24.44771253369351,22.99643872958985,17.8613428876373,11494.040582026862,0.37633675058807836
"Harrisonburg VA Media Market, USA",267135.0,251429.0,0.062466938976808564,225377.0,0.18528066306677257,609.1854710010688,569.6329406391008,0.06943511784552345,538.599488695978,0.13105467752297523,40.05366714274334,37.69874211927608,33.792559341269644,6669.4267730338825,0.35856405482511305
"Utica NY Media Market, USA",266955.0,274446.0,-0.027294986991976564,271987.0,-0.01850088423343763,930.5242145954423,881.3726321758087,0.05576708491423786,833.2210290650584,0.11677956044816351,34.42946595791539,35.3955880739677,35.07844826841802,7753.678210585971,0.18209293935859452
"Rapid City SD Media Market, USA",265021.0,249489.0,0.06225524973044904,227294.0,0.16598326396649274,513.8086764504567,505.3232897436959,0.016791996092372145,511.5072505295181,0.004499302636582613,2.6712018071882464,2.514651547136221,2.290943523581321,99214.14371869032,0.33246112834161407
"Dothan AL Media Market, USA",264652.0,256846.0,0.030391752256215786,235963.0,0.12158262100414048,293.2961766197953,284.358201912969,0.03143209742746185,297.56173195143856,-0.01433502656295669,29.29213017118612,28.428148912339488,26.116783215632566,9034.91819998571,0.43929993614507473
"Clarksburg-Weston WV Media Market, USA",261869.0,272681.0,-0.03965072740675001,267427.0,-0.020783241781869445,308.1852070619167,321.4417717549102,-0.04124095204123386,331.13023174762156,-0.06929305296169078,19.7381846632519,20.55313126853576,20.157114854906332,13267.126864383921,0.23979180657695776
"QuincyIl-Hannibal MO-Keokuk IA Media Market, USA",255759.0,271432.0,-0.057741902207551064,277702.0,-0.07901635566182455,445.3894681642117,499.8737129818112,-0.1089960191997174,525.2220110980338,-0.15199771001014126,11.30620433312366,11.999052446046557,12.276227056397259,22621.119560939274,0.42546357112490973
"Watertown NY Media Market, USA",251763.0,255256.0,-0.013684301250509293,250613.0,0.004588748388950294,404.3064863582144,442.82790239802665,-0.08698958631831671,466.6093854716873,-0.13352260167354327,18.195239458207897,18.44768311127654,18.112127462493916,13836.751122636606,0.08766840868336803
"Jackson TN Media Market, USA",249706.0,247425.0,0.009218955238961301,236060.0,0.05780733711768195,327.3476709457643,330.18320708549294,-0.008587766061023279,349.50091767078993,-0.06338537498746345,30.40867401618897,30.13089861058828,28.746892698860137,8211.670126328478,0.27041225963710236
"Alexandria LA Media Market, USA",240710.0,248329.0,-0.030681072287167425,239079.0,0.006822012807482045,326.0040752386997,368.6900521044299,-0.11577740332858119,404.09038434089035,-0.1932397110353338,21.954482184735514,22.649389748881166,21.805723261370037,10964.048159940687,0.21120303062050952
"Elmira (Corning) NY Media Market, USA",236675.0,248144.0,-0.04621913082726159,250393.0,-0.054785876601981684,448.33400017675416,489.3715924212106,-0.0838577328148927,510.8417018002621,-0.12236217482485076,27.736120265632927,29.080180953608185,29.343742945696103,8533.096833058427,0.5021621359927178
"Bowling Green KY Media Market, USA",233110.0,209118.0,0.11472948287569698,182694.0,0.27595870690882024,528.080566338396,473.23014090587066,0.11590644950790562,408.324060685467,0.29328789846939185,36.057757058038916,32.346643389228184,28.25934480700683,6464.905724024483,0.24738564208681788
"Jonesboro AR Media Market, USA",223579.0,207266.0,0.07870562465623884,190176.0,0.17564256267878176,448.5583425453843,413.1909087849067,0.08559586624130852,372.3342790916989,0.20471943555568478,22.784413880139926,21.12199413755801,19.38039213910739,9812.80454156791,0.41305654472575143
"Charlottesville VA Media Market, USA",220586.0,199847.0,0.10377438740636587,172096.0,0.281761342506508,863.7685836632846,807.4597242573127,0.06973581184840374,758.3467453326516,0.13901535014090335,56.5761450308384,51.25698301786134,44.13937536936689,3898.922414734399,0.3199913686097669
"Marquette MI Media Market, USA",215040.0,218934.0,-0.01778618213708241,222459.0,-0.033349965611640796,395.16902031434773,409.79643272134746,-0.035694338064055434,413.83208328003224,-0.04509815386414969,7.1947945732102445,7.325079776279816,7.443019000938326,29888.275170593417,0.058604774928510836
"Twin Falls ID Media Market, USA",205548.0,184673.0,0.11303763950333834,161406.0,0.2734842570908145,641.1884517961239,586.134241772004,0.09392764677538674,531.4169271784425,0.20656384658372318,7.5771850813063715,6.807662932843383,5.949963683584059,27127.224397237736,0.3249971754384101
"Butte-Bozeman MT Media Market, USA",200523.0,168381.0,0.19088852067632334,145136.0,0.3816213758130305,743.5637158488614,674.3269481444406,0.10267536822448078,683.7335240372,0.08750513132424116,4.486117498896449,3.7670339591053543,3.246994855053211,44698.561740598,0.23839484439829006
"Grand Junction-Montrose CO Media Market, USA",198382.0,187999.0,0.05522901717562327,149687.0,0.32531215135582914,873.3216188904576,828.8525813284945,0.0536513230020803,716.1063231422305,0.2195418343164127,13.717898582024024,12.999925474699994,10.350692527786947,14461.544442379854,0.2680858573755622
"Bend OR Media Market, USA",198253.0,157733.0,0.25688980745944096,115367.0,0.7184550174659998,928.891982754603,743.5583692899646,0.24925227274573789,552.3957551033185,0.6815697336067793,25.05953432663753,19.937733743971176,14.582595454601906,7911.28029020328,0.2502506329303605
"Lafayette IN Media Market, USA",194970.0,181634.0,0.07342237686776705,158376.0,0.2310577360206092,1310.7919286657348,1300.9272281169692,0.0075828227248685,1428.000064447729,-0.0820785227536554,82.7473141989561,77.08737583840177,67.21643654702709,2356.2094055550583,0.3966707518553244
"Lima OH Media Market, USA",183079.0,186779.0,-0.01980950749281236,189810.0,-0.03546177756704073,521.1543707352952,552.9808678384002,-0.05755442720381021,590.845762614239,-0.1179519195848834,54.66899071950099,55.77384308193554,56.67892619289205,3348.863726776171,0.5473183785266931
"Greenwood-Greenville MS Media Market, USA",174559.0,194930.0,-0.104504180988047,224861.0,-0.22370264296609907,438.14312694945454,515.6136380017367,-0.15024915041525966,599.3538768281211,-0.26897423393975567,14.292885571236097,15.960862427036432,18.411611789903244,12212.999196697798,0.18516592282217123
"Great Falls MT Media Market, USA",173403.0,170046.0,0.019741716947178998,172065.0,0.007776131113242089,625.9182249434083,631.7119249606366,-0.009171427336264538,644.5770366879,-0.028947372745961104,1.5885351990225864,1.557781909499805,1.57627785574541,109159.05427005555,0.20165066076137636
"Meridian MS Media Market, USA",172975.0,186467.0,-0.0723559664712791,187811.0,-0.07899430810761883,191.2885851113489,240.32143420958337,-0.20403027827918632,253.37617442159242,-0.24504115058164871,12.940024835095231,13.949343031800565,14.049885846533144,13367.439568652651,0.3471738989024492
"Eureka CA Media Market, USA",164198.0,163232.0,0.0059179572632817095,153937.0,0.06665713895944445,818.76840675541,808.2126949325958,0.013060561766719691,755.1833988296312,0.08419810078495052,13.789638753655453,13.708512363346003,12.927901806486434,11907.346010530788,0.22650977922073887
"San Angelo TX Media Market, USA",152275.0,146813.0,0.03720378985512182,141148.0,0.07883214781647632,732.104337057509,722.5327213823404,0.013247311010159366,731.507309427451,0.0008161608535741672,4.1297060601713635,3.9815763310585353,3.8279412312005756,36873.0843748432,0.3096964762850171
"Parkersburg WV Media Market, USA",151721.0,156341.0,-0.02955078962012524,158751.0,-0.04428318561772839,499.0768224503927,525.2517165737754,-0.04983304822708994,551.6414511990301,-0.0952876703416407,50.86895373086143,52.41794540793039,53.22596920484299,2982.5854253407447,0.383418176041142
"Cheyenne WY-Scottsbluff NE Media Market, USA",149094.0,141957.0,0.050275787738540544,131096.0,0.13728870446085312,801.6110585441137,794.5676192188636,0.008864493285259345,784.1164969027044,0.022311176605151913,10.161423114237861,9.675004634846903,8.934778895087172,14672.551110591414,0.3820678820928305
"Casper-Riverton WY Media Market, USA",145246.0,142751.0,0.01747798614370477,127560.0,0.13864847914706804,697.1555711580315,692.416056355019,0.006844894423682252,669.7594722697359,0.04090438436869513,2.4218853885930014,2.380282838130066,2.126982499820465,59972.28468535454,0.3006817441361882
"Mankato MN Media Market, USA",126127.0,121957.0,0.03419237928122207,116530.0,0.08235647472753797,777.4929284677232,760.4678910430894,0.0223875822045315,696.0777017615504,0.11696284265411298,19.073256726671474,18.442658357169144,17.62197314103266,6612.766860293333,0.3181598481627283
"OttumwaIa-Kirksville MO Media Market, USA",122653.0,126092.0,-0.027273736636741427,125935.0,-0.02606106324691309,474.48641955592404,474.8448843493044,-0.0007549092455140407,481.7298531660789,-0.015036297963575947,10.013924021475846,10.294698928814887,10.281880766426916,12248.24551663849,0.3672744114390728
"St. Joseph MO Media Market, USA",121461.0,127329.0,-0.04608533798270622,122336.0,-0.0071524326445200105,680.0370039339704,774.987476705207,-0.12251871885067153,752.6070308422977,-0.09642485910224478,27.995147919938216,29.347644013286676,28.196823802978418,4338.64469469351,0.3050993967577962
"Fairbanks AK Media Market, USA",102463.0,104610.0,-0.020523850492304752,89014.0,0.1510885928056261,457.70967517148745,475.8658949093528,-0.038154068051722646,600.0813705259877,-0.23725398312183496,1.2172709534150523,1.2427775337121558,1.0574954534542953,84174.35716554328,0.1571784173413363
"Victoria TX Media Market, USA",91319.0,86793.0,0.052147062551127395,84088.0,0.08599324517172487,882.0128211123937,890.3002162765866,-0.009308539987615078,858.7066748192416,0.027140986528441807,39.69654879952923,37.72908770307976,36.55321888604578,2300.426680948218,0.34155073889429843
"Zanesville OH Media Market, USA",86400.0,86074.0,0.0037874387155238517,84585.0,0.021457705266891294,425.99555012694105,453.007824920859,-0.05962871568197967,495.46966098203745,-0.1402186981891008,49.601935235390286,49.41477978531231,48.55995013756351,1741.8675217001373,0.6146549131310569
"Helena MT Media Market, USA",77779.0,69007.0,0.12711753880041154,60101.0,0.2941382006954959,579.1863050748839,605.0824248152486,-0.04279767297533333,630.555815709361,-0.08146703171183602,6.340187658856783,5.625134416419985,4.89915810803625,12267.617961015456,0.1855354106942178
"Presque Isle ME Media Market, USA",67105.0,71870.0,-0.06630026436621678,73938.0,-0.09241526684519462,169.3842336484095,186.42583588470043,-0.09141223455117418,193.13028507902285,-0.12295353585222134,3.7941839842736296,4.063601862003513,4.180528655528256,17686.27991635118,0.36863369130704515
"Juneau AK Media Market, USA",48951.0,47965.0,0.020556655894923382,47218.0,0.0367021051293998,552.2789215741004,567.6643345732464,-0.0271030115194964,606.2015139154156,-0.08895159629845316,1.2638068541652425,1.2383505088769557,1.2190646164526653,38732.97556400154,0.009772994757918131
"Alpena MI Media Market, USA",39014.0,40540.0,-0.03764183522446966,43033.0,-0.09339344224200033,284.09912036742924,292.9887430287954,-0.030341174781901004,324.87864743390315,-0.12552233699744933,11.689864052080882,12.14710331346078,12.894087244404485,3337.4211903734863,0.31874476132576557
"North Platte NE Media Market, USA",36460.0,38237.0,-0.04647331119073149,36668.0,-0.005672520999236391,675.1923478617529,720.2481632295071,-0.06255596010926195,725.8273593340037,-0.0697617840125398,2.9825586810129834,3.127923650189069,2.99957382653275,12224.403238771109,0.6248468631385943
"Glendive MT Media Market, USA",10028.0,10145.0,-0.01153277476589453,10258.0,-0.02242152466367713,262.90238135252935,285.2068816860842,-0.07820463588289057,300.9727028762201,-0.12649094472646516,0.9384902171294768,0.9494398935758418,0.9600152221095106,10685.247237496253,0.36726648629077296
