longname,No internet access %,Uninsured %,Public Insurance %,Private Insurance %
"New York-Newark-Jersey City MSA, NY-NJ-PA, USA",0.09546801951800148,0.0889332713742928,0.20981939758924678,0.7012473310364603
"Los Angeles-Long Beach-Anaheim MSA, CA, USA",0.0785961219720633,0.11480948453902251,0.22213502067865032,0.6630554947823273
"Chicago-Naperville-Elgin MSA, IL-IN-WI, USA",0.09045886615392393,0.10394264259201993,0.1495992683998837,0.7464580890080964
"Dallas-Fort Worth-Arlington MSA, TX, USA",0.07564705246663342,0.20669834762717387,0.07814578984814591,0.7151558625246802
"Houston-The Woodlands-Sugar Land MSA, TX, USA",0.08613477515789167,0.23753127380889108,0.09239860882399838,0.6700701173671105
"Washington-Arlington-Alexandria MSA, DC-VA-MD-WV, USA",0.05402199745939628,0.09314876040488587,0.10876767657870051,0.7980835630164136
"Philadelphia-Camden-Wilmington MSA, PA-NJ-DE-MD, USA",0.08775414621091206,0.06943585253546528,0.18232612718101696,0.7482380202835177
"Miami-Fort Lauderdale-West Palm Beach MSA, FL, USA",0.10429882162229638,0.19972898153341342,0.11336193236951651,0.68690908609707
"Atlanta-Sandy Springs-Roswell MSA, GA, USA",0.07508131286916034,0.16161480063888772,0.09771380795757635,0.740671391403536
"Boston-Cambridge-Newton MSA, MA-NH, USA",0.0702022099675049,0.03814241266835005,0.18253740528092066,0.7793201820507293
"Phoenix-Mesa-Scottsdale MSA, AZ, USA",0.07529820752037178,0.1376842018322096,0.16685089717734866,0.6954649009904417
"San Francisco-Oakland-Hayward MSA, CA, USA",0.056652913855888797,0.05283725213088298,0.15861239362396953,0.7885503542451475
"Riverside-San Bernardino-Ontario MSA, CA, USA",0.07160458019267764,0.11307242106255608,0.26187856694755124,0.6250490119898927
"Detroit-Warren-Dearborn MSA, MI, USA",0.09674286727737309,0.06920827535177002,0.22908612544379284,0.7017055992044371
"Seattle-Tacoma-Bellevue MSA, WA, USA",0.048912764421489376,0.07477261846177445,0.14304300367260245,0.7821843778656231
"Minneapolis-St. Paul-Bloomington MSA, MN-WI, USA",0.06465167633502215,0.05600123107025388,0.14803877699360307,0.7959599919361431
"San Diego-Carlsbad MSA, CA, USA",0.052615078801276374,0.10093415568234408,0.1799708963901044,0.7190949479275516
"Tampa-St. Petersburg-Clearwater MSA, FL, USA",0.08448848318983089,0.16623409939418124,0.14547510154471927,0.6882907990610995
"Denver-Aurora-Lakewood MSA, CO, USA",0.053828606063971156,0.09893368898576375,0.1384166079882923,0.762649703025944
"Baltimore-Columbia-Towson MSA, MD, USA",0.08454258422447321,0.060655614231582,0.17887340794113768,0.7604709778272802
"St. Louis MSA, MO-IL, USA",0.09758977418100305,0.08743822800911656,0.12834925053521065,0.7842125214556728
"Orlando-Kissimmee-Sanford MSA, FL, USA",0.07189935727903797,0.16147728053731158,0.12420755016577618,0.7143151692969122
"Charlotte-Concord-Gastonia MSA, NC-SC, USA",0.08616130088584006,0.13816531509172875,0.11624076680358958,0.7455939181046817
"San Antonio-New Braunfels MSA, TX, USA",0.09695189855623111,0.2048689287035578,0.11953847576766496,0.6755925955287773
"Portland-Vancouver-Hillsboro MSA, OR-WA, USA",0.05633136338152881,0.08054175961712014,0.1693861750926428,0.7500720652902371
"Sacramento--Roseville--Arden-Arcade MSA, CA, USA",0.06381905919725683,0.06582669425247702,0.2234676425755763,0.7107056631719467
"Pittsburgh MSA, PA, USA",0.11535982463514205,0.051837974393640435,0.1773169777710295,0.77084504783533
"Austin-Round Rock MSA, TX, USA",0.05791769901346856,0.15162468474032129,0.06934872009111458,0.7790265951685641
"Las Vegas-Henderson-Paradise MSA, NV, USA",0.09482632719149504,0.15443910238850472,0.17678539028912177,0.6687755073223735
"Cincinnati MSA, OH-KY-IN, USA",0.08899887570726167,0.0713145251493775,0.17400492034146806,0.7546805545091545
"Kansas City MSA, MO-KS, USA",0.08066266435035335,0.12241412571913943,0.09530104788382016,0.7822848263970404
"Columbus MSA, OH, USA",0.0756970054314607,0.09011841498214479,0.1686434690485871,0.7412381159692681
"Indianapolis-Carmel-Anderson MSA, IN, USA",0.09560724471276635,0.09685282686527172,0.15618540713369528,0.746961766001033
"Cleveland-Elyria MSA, OH, USA",0.12146204405819312,0.07261112269988021,0.21074894598554397,0.7166399313145759
"San Juan-Carolina-Caguas MSA, PR, USA",0.27313382205862463,0.1040099743393093,0.4418702421939535,0.45411978346673715
"Nashville-Davidson--Murfreesboro--Franklin MSA, TN, USA",0.0846218968322834,0.12084414743759764,0.11836049959620629,0.760795352966196
"San Jose-Sunnyvale-Santa Clara MSA, CA, USA",0.04341256654882134,0.0547656185208024,0.13434167929346508,0.8108927021857324
"Virginia Beach-Norfolk-Newport News MSA, VA-NC, USA",0.08614832356558129,0.11479486116641371,0.14556193091483294,0.7396432079187533
"Providence-Warwick MSA, RI-MA, USA",0.10330719176628977,0.050894761183920126,0.2407330151752079,0.708372223640872
"Jacksonville MSA, FL, USA",0.08134857161800377,0.14728120944114825,0.13953512951352662,0.7131836610453252
"Milwaukee-Waukesha-West Allis MSA, WI, USA",0.11080370350432696,0.07693770071079298,0.1744094068792662,0.7486528924099408
"Oklahoma City MSA, OK, USA",0.09760061564959209,0.17235273203027549,0.10898840632922734,0.7186588616404973
"Raleigh MSA, NC, USA",0.06414212825156587,0.11798173451007157,0.09035200928115979,0.7916662562087686
"Memphis MSA, TN-MS-AR, USA",0.14227572607445998,0.1490639828589973,0.16941476498263155,0.6815212521583711
"Richmond MSA, VA, USA",0.1026943851815752,0.09936564113495541,0.1323792816840794,0.7682550771809652
"Louisville/Jefferson County MSA, KY-IN, USA",0.11347600925361458,0.07100309456586514,0.2084424987045438,0.7205544067295911
"New Orleans-Metairie MSA, LA, USA",0.13785051034858434,0.11874355793104578,0.2536298789198449,0.6276265631491093
"Salt Lake City MSA, UT, USA",0.04668698670328394,0.11674939227914387,0.07865009320318826,0.8046005145176679
"Hartford-West Hartford-East Hartford MSA, CT, USA",0.08811567173047137,0.051697022636024666,0.19636475492393712,0.7519382224400382
"Birmingham-Hoover MSA, AL, USA",0.11974766049109181,0.1252241790502132,0.14803278644045748,0.7267430345093293
"Buffalo-Cheektowaga-Niagara Falls MSA, NY, USA",0.11453394281820456,0.03942343246703121,0.2499616217897448,0.710614945743224
"Rochester MSA, NY, USA",0.10276198085845238,0.04758226515464846,0.22674313540076518,0.7256745994445865
"Grand Rapids-Wyoming MSA, MI, USA",0.09167572374271452,0.0633314557837059,0.1592664389223359,0.7774021052939583
"Tucson MSA, AZ, USA",0.08453757398504813,0.12322006621529483,0.2249276973857187,0.6518522363989865
"Urban Honolulu MSA, HI, USA",0.07665825760896225,0.048848297147537675,0.1475717067259342,0.8035799961265281
"Tulsa MSA, OK, USA",0.11072976413173881,0.1890184438568468,0.12042503337958373,0.6905565227635694
"Fresno MSA, CA, USA",0.129667264306025,0.10368391323676168,0.33294273822814285,0.5633733485350955
"Worcester MSA, MA-CT, USA",0.0869176012645305,0.03465867860049325,0.23651266132624904,0.7288286600732576
"Omaha-Council Bluffs MSA, NE-IA, USA",0.0838347781744016,0.10239854952112121,0.10970976581963238,0.7878916846592463
"Bridgeport-Stamford-Norwalk MSA, CT, USA",0.06831968446239915,0.1022088643377946,0.1667409851837063,0.7310501504784992
"Greenville-Anderson-Mauldin MSA, SC, USA",0.11821303386808309,0.14384603502778032,0.13809630445233292,0.7180576605198867
"Albuquerque MSA, NM, USA",0.12104059904576779,0.1064900694580044,0.2796364612680957,0.6138734692739
"Bakersfield MSA, CA, USA",0.11899968003062848,0.11246988002457212,0.3431015109928812,0.5444286089825467
"Knoxville MSA, TN, USA",0.13384631519495815,0.12375099259437371,0.16438313912395133,0.7118658682816749
"Albany-Schenectady-Troy MSA, NY, USA",0.08745843204590406,0.04363918569866188,0.19561849553336932,0.7607423187679687
"McAllen-Edinburg-Mission MSA, TX, USA",0.2026389748963959,0.44309978020885327,0.11485278550579882,0.44204743428534793
"El Paso MSA, TX, USA",0.12405251595717011,0.3043591334566099,0.12012958423692117,0.5755112823064689
"New Haven-Milford MSA, CT, USA",0.1044808994651366,0.0693483797386562,0.2261738135875639,0.7044778066737799
"Allentown-Bethlehem-Easton MSA, PA-NJ, USA",0.10906037529864616,0.07365488589451644,0.17609519344922114,0.7502499206562625
"Baton Rouge MSA, LA, USA",0.10338565313270176,0.10516982829721709,0.20741171177925935,0.6874184599235235
"Oxnard-Thousand Oaks-Ventura MSA, CA, USA",0.07001442878403787,0.12042823058174526,0.1736033290105487,0.705968440407706
"North Port-Sarasota-Bradenton MSA, FL, USA",0.07428814570917015,0.17951929398909178,0.1198130330502743,0.7006676729606339
"Columbia MSA, SC, USA",0.1186887744912939,0.13449697072827352,0.14335795512642469,0.7221450741453018
"Dayton MSA, OH, USA",0.09829430212921866,0.08307265592447745,0.20577864290200829,0.7111487011735143
"Charleston-North Charleston MSA, SC, USA",0.10084456192379612,0.13783283143439531,0.12133122225326763,0.7408359463123371
"Stockton-Lodi MSA, CA, USA",0.09623202734145297,0.08866050322720405,0.28236071200256424,0.6289787847702317
"Greensboro-High Point MSA, NC, USA",0.13129894323820784,0.14036071567962774,0.1574721143772728,0.7021671699430995
"Boise City MSA, ID, USA",0.07248640245824693,0.13067375925757935,0.12240915015035567,0.746917090592065
"Cape Coral-Fort Myers MSA, FL, USA",0.07648860218378935,0.20018167891431257,0.13966814855003204,0.6601501725356553
"Colorado Springs MSA, CO, USA",0.05212745115500376,0.10475856851282822,0.19596710041379942,0.6992743310733724
"Little Rock-North Little Rock-Conway MSA, AR, USA",0.12548360874155556,0.10464155131924667,0.21056183439069628,0.684796614290057
"Lakeland-Winter Haven MSA, FL, USA",0.12877501204685995,0.18909788647140788,0.18413346284697107,0.6267686506816211
"Akron MSA, OH, USA",0.09597298177641436,0.07620545922684975,0.20033670033669915,0.7234578404364511
"Ogden-Clearfield MSA, UT, USA",0.05188720094439828,0.0912708487826954,0.08919948215834411,0.8195296690589606
"Madison MSA, WI, USA",0.06493848025722852,0.04999410179396204,0.10011751041260197,0.849888387793436
"Winston-Salem MSA, NC, USA",0.12804882606648177,0.15770674970235304,0.14572859477202948,0.6965646555256175
"Des Moines-West Des Moines MSA, IA, USA",0.08237793543002232,0.059159809027984706,0.15430223874364968,0.7865379522283656
"Provo-Orem MSA, UT, USA",0.031232400334632985,0.09341434500628594,0.07481801818409914,0.831767636809615
"Deltona-Daytona Beach-Ormond Beach MSA, FL, USA",0.11499306721155825,0.17351592179431044,0.1629565258484665,0.663527552357223
"Syracuse MSA, NY, USA",0.10480332670182321,0.04583058002722505,0.23134309190633057,0.7228263280664443
"Wichita MSA, KS, USA",0.10223368382452666,0.14260597523756804,0.12145685968296617,0.7359371650794657
"Springfield MSA, MA, USA",0.10935175262513763,0.035582017210512004,0.2957891663919652,0.6686288163975229
"Augusta-Richmond County MSA, GA-SC, USA",0.1328923078339567,0.1587472173178777,0.16042180201234332,0.680830980669779
"Palm Bay-Melbourne-Titusville MSA, FL, USA",0.07518843470412977,0.14853139607043822,0.15205274334872423,0.6994158605808375
"Toledo MSA, OH, USA",0.10095548627128124,0.07443192372666003,0.22244661778980734,0.7031214584835326
"Spokane-Spokane Valley MSA, WA, USA",0.0872834721538233,0.0756907385684632,0.2552689984084277,0.6690402630231091
"Harrisburg-Carlisle MSA, PA, USA",0.10631890225797948,0.07380213138233535,0.1500303476240944,0.7761675209935702
"Durham-Chapel Hill MSA, NC, USA",0.07689862749885622,0.1316412964469077,0.09971226769269982,0.7686464358603925
"Jackson MSA, MS, USA",0.12673899346483428,0.15358865089155432,0.1438123808455758,0.7025989682628698
"Fayetteville-Springdale-Rogers MSA, AR-MO, USA",0.10947649315045745,0.1374547772803481,0.1503124181119109,0.712232804607741
"Scranton--Wilkes-Barre--Hazleton MSA, PA, USA",0.13995569329366037,0.0723364477025934,0.22585151355292268,0.7018120387444838
"Chattanooga MSA, TN-GA, USA",0.1249145006839948,0.14540446381835778,0.1514712065695867,0.7031243296120555
"Lancaster MSA, PA, USA",0.12671075927078432,0.11590329792170137,0.14769844474037874,0.7363982573379197
"Modesto MSA, CA, USA",0.09371269285473544,0.08460346661215876,0.30248279580404347,0.6129137375837977
"Portland-South Portland MSA, ME, USA",0.07305995721386921,0.07549822548183689,0.13245300973542962,0.7920487647827334
"Youngstown-Warren-Boardman MSA, OH-PA, USA",0.14692213258505826,0.07926800990579588,0.2782001378896694,0.6425318522045347
"Lexington-Fayette MSA, KY, USA",0.07989574689313023,0.0801530270034003,0.1884887991697136,0.7313581738268861
"Pensacola-Ferry Pass-Brent MSA, FL, USA",0.09564230216426749,0.1673316769922905,0.16954405855389532,0.6631242644538141
"Huntsville MSA, AL, USA",0.08425439136814124,0.11542193133976326,0.11053876617194681,0.7740393024882899
"Reno MSA, NV, USA",0.08718088708534373,0.12512008557025361,0.13090730219306823,0.7439726122366781
"Santa Rosa MSA, CA, USA",0.05477105871166042,0.07979414620596663,0.1688125473052185,0.751393306488815
"Port St. Lucie MSA, FL, USA",0.07973700702093596,0.17829754173621176,0.14830620309206624,0.6733962551717221
"Myrtle Beach-Conway-North Myrtle Beach MSA, SC-NC, USA",0.08209189643160492,0.19370790602737373,0.18205947509395484,0.6242326188786714
"Lafayette MSA, LA, USA",0.13446980569038725,0.11162652161502733,0.25847275686475124,0.6299007215202215
"Springfield MSA, MO, USA",0.12663856832591205,0.14956010724742905,0.1358901742427898,0.7145497185097811
"Killeen-Temple MSA, TX, USA",0.09052507127594674,0.22047275874594782,0.15215548749041446,0.6273717537636377
"Lansing-East Lansing MSA, MI, USA",0.0951583346897629,0.05967510643777682,0.1859823276725509,0.7543425658896724
"Visalia-Porterville MSA, CA, USA",0.1384139740327946,0.11583121768770524,0.3946480643827972,0.48952071792949764
"Asheville MSA, NC, USA",0.14006307121478956,0.16946440418472336,0.1468323559056358,0.683703239909641
"York-Hanover MSA, PA, USA",0.10732423424853225,0.06529097959679168,0.15623772558149387,0.7784712948217143
"Vallejo-Fairfield MSA, CA, USA",0.053539566989058034,0.06459499917473603,0.19339002248707926,0.7420149783381846
"Santa Maria-Santa Barbara MSA, CA, USA",0.06466861146427512,0.14061447932306348,0.19562935165745554,0.663756169019481
"Fort Wayne MSA, IN, USA",0.09851313890352559,0.10267903486526953,0.166192107487655,0.7311288576470754
"Corpus Christi MSA, TX, USA",0.13520962058098718,0.25953783305934647,0.13474126407846282,0.6057209028621907
"Salinas MSA, CA, USA",0.07585957515560447,0.15087333022213206,0.222722141783038,0.6264045279948299
"Salem MSA, OR, USA",0.07936601384146424,0.11259738350727574,0.2310977355191589,0.6563048809735653
"Shreveport-Bossier City MSA, LA, USA",0.20268726182855848,0.11162083071358196,0.31348531774678223,0.5748938515396359
"Reading MSA, PA, USA",0.12898509980320447,0.0820618416221603,0.18882929395778114,0.7291088644200585
"Manchester-Nashua MSA, NH, USA",0.06534429462400723,0.08186266586337101,0.12323483167531157,0.7949025024613174
"Brownsville-Harlingen MSA, TX, USA",0.2161073415010695,0.39855280005176347,0.1342471155146577,0.4672000844335788
"Salisbury MSA, MD-DE, USA",0.118729468570022,0.09496958005638859,0.2438047188010091,0.6612257011426024
"Mobile MSA, AL, USA",0.16131290274278068,0.169179817869895,0.178383623594323,0.6524365585357821
"Beaumont-Port Arthur MSA, TX, USA",0.1343664036910745,0.25930744636752034,0.12364507960221537,0.6170474740302643
"Flint MSA, MI, USA",0.13199114641763438,0.07587916798615922,0.32286879484664266,0.6012520371671981
"Savannah MSA, GA, USA",0.09707432857742332,0.17953192020988654,0.1197518011077338,0.7007162786823796
"Canton-Massillon MSA, OH, USA",0.12167674354054324,0.08743884424364312,0.21397622486390294,0.698584930892454
"Anchorage MSA, AK, USA",0.062490483534394146,0.14248970930911653,0.17893714550050374,0.6785731451903797
"Gulfport-Biloxi-Pascagoula MSA, MS, USA",0.1329642647093409,0.19997319073973538,0.16452081770661375,0.635505991553651
"Trenton MSA, NJ, USA",0.10662660268098055,0.09531006890420086,0.15898078360847823,0.7457091474873209
"Fayetteville MSA, NC, USA",0.10383581185233492,0.17941022640712326,0.2251428037998061,0.5954469697930705
"Montgomery MSA, AL, USA",0.13024068587967091,0.13958829716444496,0.17063987807757575,0.6897718247579793
"Davenport-Moline-Rock Island MSA, IA-IL, USA",0.11300024825426408,0.07541792486489801,0.1909662092191471,0.7336158659159548
"Tallahassee MSA, FL, USA",0.10238098410456582,0.11647081896481216,0.12225227581022219,0.7612769052249657
"Eugene MSA, OR, USA",0.06781903895459396,0.0917330403735237,0.25456349125014754,0.6537034683763289
"Ocala MSA, FL, USA",0.11422322375397714,0.19346015296801308,0.19437362591992385,0.612166221112063
"Naples-Immokalee-Marco Island MSA, FL, USA",0.07451225397011815,0.19858330396125715,0.0943120178062414,0.7071046782325014
"Ann Arbor MSA, MI, USA",0.048314988449517704,0.044169871858745775,0.13346619103609067,0.8223639371051635
"Peoria MSA, IL, USA",0.12127236580516944,0.07591420660889682,0.19083276401424076,0.7332530293768624
"Hickory-Lenoir-Morganton MSA, NC, USA",0.1600573677817041,0.16171882920326947,0.1659158122358814,0.6723653585608491
"Fort Collins MSA, CO, USA",0.04837843050810088,0.07610023785400903,0.1246798537219586,0.7992199084240323
"Spartanburg MSA, SC, USA",0.14553902062239976,0.14001667685073518,0.1634633526034447,0.6965199705458202
"Huntington-Ashland MSA, WV-KY-OH, USA",0.16700419004421863,0.08614081273400617,0.3074585693314772,0.6064006179345166
"Lincoln MSA, NE, USA",0.06680562793121411,0.08770533020449195,0.08981916042760776,0.8224755093679003
"Rockford MSA, IL, USA",0.10985783191811345,0.08968546743034707,0.2311474614115131,0.6791670711581399
"Kalamazoo-Portage MSA, MI, USA",0.08379510141542737,0.07735320248028504,0.19723669869299576,0.7254100988267191
"Boulder MSA, CO, USA",0.04305965786136773,0.060999037193533105,0.11038507695607186,0.828615885850395
"Greeley MSA, CO, USA",0.07905847123152666,0.11626137591778495,0.1692149105942429,0.7145237134879722
"Green Bay MSA, WI, USA",0.09780678737656677,0.06655606324496036,0.14345891870340258,0.789985018051637
"South Bend-Mishawaka MSA, IN-MI, USA",0.12296707967945605,0.09397649461418221,0.17686601529651863,0.7291574900892991
"Lubbock MSA, TX, USA",0.1128464584249879,0.1744165997507289,0.10535935090718293,0.7202240493420883
"Columbus MSA, GA-AL, USA",0.1491850882051803,0.1692980626687474,0.18559937770913498,0.6451025596221176
"Roanoke MSA, VA, USA",0.14667039123485007,0.10623482815893688,0.16686363442783558,0.7269015374132276
"Evansville MSA, IN-KY, USA",0.11238722168441413,0.0852293785776058,0.18780113659761932,0.7269694848247749
"Aguadilla-Isabela MSA, PR, USA",0.34419996379662615,0.07816141773090361,0.599147287307379,0.3226912949617174
"Kingsport-Bristol-Bristol MSA, TN-VA, USA",0.1633962866049738,0.13859809784475027,0.22753730064333913,0.6338646015119105
"Clarksville MSA, TN-KY, USA",0.1016852537994055,0.12313239914623966,0.22071827232835323,0.6561493285254071
"Kennewick-Richland MSA, WA, USA",0.07117859838644851,0.13953384233034016,0.2061213980252107,0.654344759644449
"Gainesville MSA, FL, USA",0.0810392076086769,0.11061926617187942,0.11108281163244409,0.7782979221956765
"Olympia-Tumwater MSA, WA, USA",0.05766611962708165,0.07431153158785639,0.19080115368962433,0.7348873147225192
"Utica-Rome MSA, NY, USA",0.11752972499501328,0.054527205861562886,0.28544084705090667,0.6600319470875304
"Ponce MSA, PR, USA",0.2693696858350951,0.07533548100158234,0.5710794362775616,0.35358508272085604
"Crestview-Fort Walton Beach-Destin MSA, FL, USA",0.08080952423481914,0.1870387994648348,0.13968772844512495,0.6732734720900404
"Wilmington MSA, NC, USA",0.08373652508105933,0.1328000543356699,0.1260069576667355,0.7411929879975946
"San Luis Obispo-Paso Robles-Arroyo Grande MSA, CA, USA",0.06878921247307829,0.08267734846458817,0.15807006732323334,0.7592525842121784
"Merced MSA, CA, USA",0.09102158837511352,0.12149010896646993,0.34513853450604837,0.5333713565274817
"Duluth MSA, MN-WI, USA",0.12520341741253027,0.05736263988785928,0.20812556012592684,0.734511799986214
"Waco MSA, TX, USA",0.1339283025307947,0.19376539352277428,0.13022460758004625,0.6760099988971795
"Hagerstown-Martinsburg MSA, MD-WV, USA",0.1254693366708392,0.07106231023808256,0.20895052375774603,0.7199871660041713
"Sioux Falls MSA, SD, USA",0.0686323366555931,0.09433804215804238,0.08651792285186058,0.8191440349900971
"Cedar Rapids MSA, IA, USA",0.08567976371610106,0.053051776266061876,0.1553228930461046,0.7916253306878335
"Bremerton-Silverdale MSA, WA, USA",0.04435975609756104,0.06597551090158385,0.19865443356379242,0.7353700555346238
"Fort Smith MSA, AR-OK, USA",0.18791218536449197,0.18129574440423743,0.24169565595968326,0.5770085996360793
"Atlantic City-Hammonton MSA, NJ, USA",0.09650290566299205,0.1073224777257417,0.2216630573227298,0.6710144649515285
"Erie MSA, PA, USA",0.12436960895086387,0.061103641958710625,0.24712138866481406,0.6917749693764753
"Santa Cruz-Watsonville MSA, CA, USA",0.06250240203829896,0.07200810229202222,0.1845364562584597,0.743455441449518
"Amarillo MSA, TX, USA",0.1150650556702675,0.20600308671623402,0.09709707786593898,0.696899835417827
"Norwich-New London MSA, CT, USA",0.0823521763284446,0.060302424545460864,0.20440140288626302,0.7352961725682761
"College Station-Bryan MSA, TX, USA",0.0960407763991147,0.15148861154621363,0.0845333737557471,0.7639780146980393
"Laredo MSA, TX, USA",0.20457438293070213,0.39331686218054707,0.1006166955236074,0.5060664422958455
"Lynchburg MSA, VA, USA",0.14390854995302182,0.10483389082934459,0.15412146636851548,0.74104464280214
"Tuscaloosa MSA, AL, USA",0.13690957877252008,0.09789958956145431,0.16212322564711742,0.7399771847914283
"Yakima MSA, WA, USA",0.11154827732879602,0.19806436168393637,0.2669060565644134,0.5350295817516503
"Fargo MSA, ND-MN, USA",0.07660111677591715,0.06720985174023877,0.11036082122638324,0.822429327033378
"Binghamton MSA, NY, USA",0.11953979890870002,0.051953264359614754,0.2798659599408792,0.668180775699506
"Appleton MSA, WI, USA",0.07939655709450366,0.05526428312995391,0.12052100121698447,0.8242147156530615
"Charlottesville MSA, VA, USA",0.10726236280205352,0.09538975036506496,0.10077880536819418,0.8038314442667409
"Prescott MSA, AZ, USA",0.10010198779994993,0.16564885496183088,0.22568332922925297,0.6086678158089162
"Champaign-Urbana MSA, IL, USA",0.08218378607809912,0.06108808813867675,0.14683883357760216,0.7920730782837211
"Macon-Bibb County MSA, GA, USA",0.15517679685694433,0.1760089764229513,0.19160620822792374,0.6323848153491249
"Tyler MSA, TX, USA",0.11748179368731977,0.23477937120035225,0.11703949851968033,0.6481811302799675
"Topeka MSA, KS, USA",0.144500849573115,0.10212676352916367,0.13268129043500906,0.7651919460358273
"Daphne-Fairhope-Foley MSA, AL, USA",0.09792407386168142,0.13842510716105597,0.13039177482689362,0.7311831180120505
"Barnstable Town MSA, MA, USA",0.06052780596165425,0.04960261241435327,0.22155855037091693,0.7288388372147299
"Bellingham MSA, WA, USA",0.07137362039402123,0.07484782328766422,0.18978682259855792,0.7353653541137777
"Rochester MSA, MN, USA",0.07970465732676976,0.054861540272504866,0.13499455578117192,0.8101439039463233
"Burlington-South Burlington MSA, VT, USA",0.07667361655507163,0.043042671155872125,0.18201177982560673,0.7749455490185211
"Medford MSA, OR, USA",0.08555109705254486,0.10158100335271168,0.27023161391529016,0.6281873827319983
"Lake Charles MSA, LA, USA",0.16705807111885723,0.11029387556777603,0.2424870778078876,0.6472190466243363
"Claremont-Lebanon MSA, NH-VT, USA",0.10574837486733388,0.08284361310946797,0.20736152615631104,0.709794860734221
"Las Cruces MSA, NM, USA",0.15773210063428014,0.14960708018616053,0.33873502708476466,0.5116578927290749
"Longview MSA, TX, USA",0.14704763836422166,0.22982639383436926,0.13662188039057432,0.6335517257750565
"Hilton Head Island-Bluffton-Beaufort MSA, SC, USA",0.08951564184266932,0.16005356069301047,0.12404583629374624,0.7159006030132433
"Athens-Clarke County MSA, GA, USA",0.0940160530065895,0.15338399010425857,0.10866230782823799,0.7379537020675034
"Lafayette-West Lafayette MSA, IN, USA",0.07640127235047385,0.0799865803709966,0.12052504298474943,0.7994883766442541
"Lake Havasu City-Kingman MSA, AZ, USA",0.13326736338722023,0.14275907414508673,0.3155292306024388,0.5417116952524744
"Chico MSA, CA, USA",0.08343103690850254,0.08991147377762367,0.3081174289156814,0.6019710973066948
"Charleston MSA, WV, USA",0.13428271486603657,0.07896729828387906,0.32107965647294123,0.5999530452431797
"Springfield MSA, IL, USA",0.11728917810661525,0.05606689995401796,0.19901645221376163,0.7449166478322204
"Johnson City MSA, TN, USA",0.14494999790384433,0.1466647943906128,0.19195267974418462,0.6613825258652025
"Houma-Thibodaux MSA, LA, USA",0.16087378145256034,0.09521334649966237,0.27307757987036557,0.631709073629972
"Elkhart-Goshen MSA, IN, USA",0.11545631666736768,0.1704303540431665,0.15870533521108313,0.6708643107457504
"Jacksonville MSA, NC, USA",0.07141206712301043,0.18668042422025993,0.2165116765059296,0.5968078992738104
"Yuma MSA, AZ, USA",0.14355850156774272,0.18140704911816652,0.2935437032378608,0.5250492476439726
"Gainesville MSA, GA, USA",0.07827069793727043,0.2348867981199305,0.09397907246706237,0.6711341294130071
"Warner Robins MSA, GA, USA",0.11217772901810215,0.15105967232827333,0.1528987365275283,0.6960415911441983
"Hilo MSA, HI, USA",0.12447830592980594,0.07267653276955606,0.2413192389006345,0.6860042283298095
"Florence MSA, SC, USA",0.2158769310658184,0.14502763558581713,0.2124307069321637,0.6425416574820192
"St. Cloud MSA, MN, USA",0.09295085612630619,0.05181857842265989,0.1783273279581186,0.7698540936192215
"Bend-Redmond MSA, OR, USA",0.06358330497043935,0.1018217012934816,0.19987040576120255,0.6983078929453158
"Racine MSA, WI, USA",0.09185222672064797,0.07206949858852015,0.1791487431106327,0.7487817583008471
"Saginaw MSA, MI, USA",0.1306237579332016,0.05900903581173561,0.2914495550096478,0.6495414091786167
"Panama City MSA, FL, USA",0.08841836734693913,0.19743074494043317,0.17857399167503968,0.6239952633845272
"Punta Gorda MSA, FL, USA",0.09716842754636706,0.1845399170303943,0.17657964515932453,0.6388804378102811
"Bloomington MSA, IL, USA",0.09607566914872176,0.05454141427442689,0.1251316829075581,0.820326902818015
"Torrington MSA, CT, USA",0.0819295456670719,0.04977924284994514,0.19377097619922018,0.7564497809508347
"Columbia MSA, MO, USA",0.07875480420718638,0.09414931595663488,0.08736222701868666,0.8184884570246784
"Arecibo MSA, PR, USA",0.28281948680216407,0.0924840002503474,0.5627846640887426,0.3447313356609101
"Redding MSA, CA, USA",0.09849398435089843,0.09254685456922919,0.30030509952055917,0.6071480459102117
"Dover MSA, DE, USA",0.09715409623849225,0.09069526175636691,0.24390260443368222,0.6654021338099508
"Blacksburg-Christiansburg-Radford MSA, VA, USA",0.1314930178603075,0.0852701632478916,0.13558628941907103,0.7791435473330374
"Kingston MSA, NY, USA",0.08247886057813841,0.07505799660676508,0.24793982202832393,0.677002181364911
"Monroe MSA, LA, USA",0.19872434327861913,0.11107993374306453,0.2968437440599563,0.5920763221969793
"Joplin MSA, MO, USA",0.12900328809189424,0.18461172422628463,0.16408609235161792,0.6513021834220974
"Yuba City MSA, CA, USA",0.10746589250054553,0.08868156750002358,0.32243486757424644,0.58888356492573
"St. George MSA, UT, USA",0.08384248171139023,0.15876616744256028,0.11965251421874791,0.7215813183386919
"El Centro MSA, CA, USA",0.1252936913989584,0.09912414706181888,0.4161116203279349,0.48476423261024626
"Bowling Green MSA, KY, USA",0.11813716199126893,0.08571161132698865,0.25076239315880067,0.6635259955142107
"Abilene MSA, TX, USA",0.13209805536988323,0.22218161492819613,0.11671252902227341,0.6611058560495304
"Billings MSA, MT, USA",0.09647792265623918,0.0843211307631898,0.1944621022323595,0.7212167670044508
"Muskegon MSA, MI, USA",0.13815371585856426,0.06837527066377976,0.27196109908161,0.6596636302546102
"Sioux City MSA, IA-NE-SD, USA",0.1301613632936232,0.09460200752581586,0.1667516769481003,0.7386463155260838
"Iowa City MSA, IA, USA",0.06591649136962215,0.0646629156356981,0.11630173202725128,0.8190353523370506
"Midland MSA, TX, USA",0.10242604093370448,0.19310253298953434,0.05604428939784609,0.7508531776126195
"Auburn-Opelika MSA, AL, USA",0.09996514685846485,0.10953602643823104,0.10440492238118029,0.7860590511805887
"Eau Claire MSA, WI, USA",0.09741004233301977,0.07832120997897823,0.16135843580823492,0.7603203542127868
"Oshkosh-Neenah MSA, WI, USA",0.08825753332586524,0.05854532225114061,0.14009459043461292,0.8013600873142465
"Burlington MSA, NC, USA",0.1375022431316963,0.1485476413253985,0.13523995668834188,0.7162124019862597
"Coeur d'Alene MSA, ID, USA",0.08267862094463463,0.14247471155365904,0.14069661767030214,0.7168286707760388
"Greenville MSA, NC, USA",0.11067843787780804,0.1280826869694833,0.14573756883886615,0.7261797441916505
"Terre Haute MSA, IN, USA",0.13513674640435328,0.09358045264300188,0.22451945434816403,0.6819000930088341
"Waterloo-Cedar Falls MSA, IA, USA",0.11299484785767656,0.058283905174222335,0.1853031487803496,0.7564129460454281
"East Stroudsburg MSA, PA, USA",0.0867281448452912,0.0881845921255196,0.19878868331535762,0.7130267245591227
"Pueblo MSA, CO, USA",0.14878595836281244,0.09034607669386713,0.3396303581514025,0.5700235651547304
"Odessa MSA, TX, USA",0.12479032176078873,0.23682557055413658,0.08516761927925774,0.6780068101666057
"Kahului-Wailuku-Lahaina MSA, HI, USA",0.09898596753875659,0.06371012196005406,0.15322890168844155,0.7830609763515043
"Janesville-Beloit MSA, WI, USA",0.09457822202029384,0.076698284482675,0.17340608343608396,0.749895632081241
"Bloomington MSA, IN, USA",0.07560514602768112,0.08445796866955994,0.15039163050672913,0.7651504008237109
"Jackson MSA, MI, USA",0.11312729448676226,0.08009104864750465,0.25326345878990086,0.6666454925625945
"Sebastian-Vero Beach MSA, FL, USA",0.1165407008851791,0.1989480426695576,0.1482225123795916,0.6528294449508507
"State College MSA, PA, USA",0.08951481827298824,0.06026865753978875,0.12227503838621642,0.8174563040739948
"Idaho Falls MSA, ID, USA",0.06579833387844655,0.1310767297573236,0.13939033557348135,0.729532934669195
"Decatur MSA, AL, USA",0.17322453610999855,0.1514126064024241,0.15060838686093325,0.6979790067366426
"Madera MSA, CA, USA",0.10601679746661186,0.11878786485336863,0.3450400634577584,0.536172071688873
"Chambersburg-Waynesboro MSA, PA, USA",0.12808108238598775,0.10568400240674276,0.16067157972453933,0.7336444178687178
"Grand Junction MSA, CO, USA",0.08821014247220732,0.13475752074688793,0.2323759508990319,0.6328665283540801
"Elizabethtown-Fort Knox MSA, KY, USA",0.12524562152926116,0.0706275672662128,0.2805139591086377,0.6488584736251496
"Santa Fe MSA, NM, USA",0.1350977891156459,0.14881104576834553,0.23731281891654518,0.6138761353151093
"Monroe MSA, MI, USA",0.11991392393643578,0.05273282910690336,0.18731253620084512,0.7599546346922516
"Niles-Benton Harbor MSA, MI, USA",0.13770641767739683,0.08728195436834509,0.2375967469662065,0.6751212986654485
"Vineland-Bridgeton MSA, NJ, USA",0.1266940412160469,0.13124418243872155,0.25466513009175157,0.6140906874695268
"Hattiesburg MSA, MS, USA",0.1514088744477106,0.18154197127598848,0.1774770570850835,0.640980971638928
"Homosassa Springs MSA, FL, USA",0.10804489467369323,0.19484840214693205,0.22379040118523078,0.5813611966678373
"Concord MSA, NH, USA",0.08238280989407529,0.07815073105935534,0.1412667407562996,0.780582528184345
"Traverse City MSA, MI, USA",0.09352670215016973,0.085674157303371,0.18733794295592043,0.7269878997407085
"Hanford-Corcoran MSA, CA, USA",0.12830938409647444,0.11126799962702012,0.33922553316194015,0.5495064672110399
"Alexandria MSA, LA, USA",0.16055220439828613,0.1316494822384773,0.2971188904093253,0.5712316273521973
"Bangor MSA, ME, USA",0.10770234986945183,0.10760133275967211,0.2378855947890305,0.6545130724512973
"Albany MSA, GA, USA",0.18464968699082393,0.2073423711328647,0.18468059339993992,0.6079770354671955
"Dothan MSA, AL, USA",0.18144700875402198,0.17439592108179916,0.20446685878962498,0.6211372201285758
"Florence-Muscle Shoals MSA, AL, USA",0.1896380927222284,0.12520146441951585,0.1593356744121515,0.7154628611683326
"Jefferson City MSA, MO, USA",0.14576054764395976,0.11206679052271769,0.10768595609991034,0.780247253377372
"Ottawa-Peru MSA, IL, USA",0.12168834790597069,0.0601118620890638,0.19828059674725565,0.7416075411636806
"Wichita Falls MSA, TX, USA",0.13912293624130917,0.21319002926632544,0.14988898980724727,0.6369209809264273
"Valdosta MSA, GA, USA",0.20272802218391725,0.23439288646323525,0.14664153648694006,0.6189655770498246
"Texarkana MSA, TX-AR, USA",0.20101498835855588,0.17549695929777845,0.19717290565068715,0.6273301350515345
"Rapid City MSA, SD, USA",0.09953050045929307,0.1618586828670861,0.11477318200007258,0.7233681351328413
"Logan MSA, UT-ID, USA",0.0525026173345509,0.09470160452499166,0.08546692831582582,0.8198314671591825
"Flagstaff MSA, AZ, USA",0.15578893743754585,0.12820617922836494,0.18811292719167771,0.6836808935799573
"Rocky Mount MSA, NC, USA",0.20175902425267775,0.15689510932235987,0.21116060325140687,0.6319442874262333
"Lebanon MSA, PA, USA",0.12768910478834156,0.0985290101983877,0.1883674268957246,0.7131035629058876
"Pottsville MSA, PA, USA",0.15997817514100862,0.07204506976503845,0.21573516358519768,0.7122197666497638
"Dalton MSA, GA, USA",0.14938941896351157,0.23038125263596293,0.12915567635071507,0.6404630710133221
"Winchester MSA, VA-WV, USA",0.13890771107196137,0.13888286464734023,0.14718426950046973,0.71393286585219
"Morgantown MSA, WV, USA",0.09295156947591869,0.07040563437708872,0.16859858366336122,0.7609957819595501
"La Crosse-Onalaska MSA, WI-MN, USA",0.10452804685739962,0.05804785056006165,0.13409888213330964,0.8078532673066287
"Wheeling MSA, WV-OH, USA",0.17516378142956468,0.08369718225848762,0.24368334406985911,0.6726194736716532
"Tupelo MSA, MS, USA",0.1841358131989107,0.15595845801795416,0.15057208237986258,0.6934694596021832
"Napa MSA, CA, USA",0.06109558255311739,0.08309434721743593,0.15301359277031154,0.7638920600122525
"Wausau MSA, WI, USA",0.10569568465615971,0.07557824251998185,0.1381651852026501,0.786256572277368
"Bismarck MSA, ND, USA",0.09177285114531934,0.07625566374240829,0.10943073363539967,0.8143136026221921
"Eureka-Arcata-Fortuna MSA, CA, USA",0.10279364961194123,0.09723030309683459,0.33561305479015957,0.5671566421130059
"Springfield MSA, OH, USA",0.10363906828241806,0.09199303742384671,0.2665423349496459,0.6414646276265074
"Harrisonburg MSA, VA, USA",0.13741690998322706,0.13394856881530035,0.11081274405187648,0.7552386871328233
"Sherman-Denison MSA, TX, USA",0.1250269496873837,0.21773191216903376,0.1261220544110077,0.6561460334199585
"Battle Creek MSA, MI, USA",0.12991334097787482,0.06905395596419038,0.2574038228889419,0.6735422211468677
"Jonesboro MSA, AR, USA",0.1296183416245553,0.11348812626875364,0.2591320224381692,0.6273798512930772
"Johnstown MSA, PA, USA",0.17212344384798164,0.05476525873967663,0.25327222318416204,0.6919625180761614
"Dunn MSA, NC, USA",0.12989886078838062,0.1712200145901447,0.18414878573930138,0.6446311996705539
"Hammond MSA, LA, USA",0.16021905352345464,0.12420112052179558,0.2986823714923971,0.5771165079858072
"Jackson MSA, TN, USA",0.14738813403992523,0.15141591698974938,0.21659703140487604,0.6319870516053745
"The Villages MSA, FL, USA",0.10032388795755287,0.14373939779474196,0.19229749787955946,0.6639631043256986
"London MSA, KY, USA",0.19585384474959813,0.10014867080023813,0.41024646004294,0.4896048691568219
"Mount Vernon-Anacortes MSA, WA, USA",0.07142796143565822,0.10306276052929328,0.20203466577857881,0.6949025736921279
"Pittsfield MSA, MA, USA",0.10912201710941014,0.031939640106545805,0.28476901011221106,0.6832913497812432
"Albany MSA, OR, USA",0.09358011117219471,0.08917024468470373,0.2553670270549889,0.6554627282603074
"Jamestown-Dunkirk-Fredonia MSA, NY, USA",0.14663803461191172,0.06105565021730769,0.3111531331105038,0.6277912166721885
"Glens Falls MSA, NY, USA",0.1286046424419696,0.06271203605245865,0.25464580485087873,0.6826421590966626
"Lawton MSA, OK, USA",0.1045753050564599,0.204967349623757,0.1807242447093552,0.6143084056668877
"Cleveland MSA, TN, USA",0.14157317429203065,0.16301993206434645,0.17509453310260825,0.6618855348330452
"Sierra Vista-Douglas MSA, AZ, USA",0.1325575255386992,0.11729922550374414,0.29376225214512985,0.588938522351126
"Staunton-Waynesboro MSA, VA, USA",0.15764318578454742,0.11810215739559639,0.14796738949586824,0.7339304531085353
"San Germán MSA, PR, USA",0.4812074648434875,0.07940746273620133,0.5579370415529926,0.362655495710806
"Mansfield MSA, OH, USA",0.15230784769215197,0.09481886690314446,0.2307790931236386,0.674402039973217
"Augusta-Waterville MSA, ME, USA",0.11061191992720619,0.10173148985657096,0.2156480165396045,0.6826204936038246
"Altoona MSA, PA, USA",0.15867864844045643,0.06675924238122863,0.26671661165333577,0.6665241459654357
"New Bern MSA, NC, USA",0.1793261424288368,0.1465529560077802,0.19969944472250242,0.6537475992697174
"Wenatchee MSA, WA, USA",0.11181623167679632,0.1606677898606211,0.21764435595037435,0.6216878541890046
"Farmington MSA, NM, USA",0.2491941238711586,0.17021840894323026,0.3627418477900501,0.4670397432667197
"Owensboro MSA, KY, USA",0.12336777682295492,0.06150232161991376,0.24040442893645056,0.6980932494436357
"San Angelo MSA, TX, USA",0.1354773471675714,0.17699487581471668,0.10267241504449141,0.720332709140792
"St. Joseph MSA, MO-KS, USA",0.17011568123393186,0.15419902675720523,0.14297466501206058,0.7028263082307341
"Holland MSA, MI, USA",0.11374321880650974,0.06930025059895928,0.16832814694462084,0.7623716024564199
"Carbondale-Marion MSA, IL, USA",0.13180336826493372,0.08896782733191096,0.2291255841594858,0.6819065885086033
"Morristown MSA, TN, USA",0.15706913544230938,0.16510249346979766,0.22848197153285763,0.6064155349973447
"Bozeman MSA, MT, USA",0.05164086420285514,0.09136639713827886,0.10215995329830695,0.8064736495634143
"Lawrence MSA, KS, USA",0.0494528918573258,0.08805407449884697,0.08077012237527605,0.831175803125877
"Sheboygan MSA, WI, USA",0.08976226128694804,0.06046844119254885,0.13164571156245208,0.807885847244999
"Missoula MSA, MT, USA",0.06944191597386594,0.08741847654023932,0.17800291268283427,0.7345786107769264
"Goldsboro MSA, NC, USA",0.13397917067641799,0.19783073261881282,0.18979526737615762,0.6123740000050296
"Weirton-Steubenville MSA, WV-OH, USA",0.1566350375300951,0.08612338545207324,0.25025492861998644,0.6636216859279404
"Wooster MSA, OH, USA",0.15737876444363647,0.13933533690491734,0.15244566400975623,0.7082189990853263
"Watertown-Fort Drum MSA, NY, USA",0.0901421102218185,0.0718523348239309,0.30110575567282416,0.6270419095032449
"Lumberton MSA, NC, USA",0.307970928718545,0.21476193121840156,0.26648702705705857,0.5187510417245399
"Anniston-Oxford-Jacksonville MSA, AL, USA",0.16478157805621418,0.16353577437444838,0.20285641809483745,0.6336078075307141
"Beckley MSA, WV, USA",0.19210646827208044,0.08802073323301658,0.3298724965816367,0.5821067701853467
"Twin Falls MSA, ID, USA",0.1087909638106561,0.17629110119318758,0.144002185991438,0.6797067128153744
"Williamsport MSA, PA, USA",0.12587904360056232,0.06777664449584098,0.21689100860496252,0.7153323468991964
"Cookeville MSA, TN, USA",0.18759820302299313,0.11555085709697649,0.1878521056082644,0.6965970372947592
"California-Lexington Park MSA, MD, USA",0.08845312655333523,0.05619842191813888,0.16403904470226155,0.7797625333795996
"Brunswick MSA, GA, USA",0.14915829841657996,0.20718438357187957,0.18667492006065078,0.6061406963674697
"Michigan City-La Porte MSA, IN, USA",0.138131126317736,0.09481077481648258,0.19794523805748945,0.707243987126028
"Muncie MSA, IN, USA",0.1261348186483057,0.0933790347127561,0.23041700303058416,0.6762039622566597
"Roseburg MSA, OR, USA",0.13507653899218167,0.09420129562332093,0.3138726497076921,0.591926054668987
"Lewiston-Auburn MSA, ME, USA",0.11586191828708765,0.10691741761351256,0.20646322174335763,0.6866193606431298
"Longview MSA, WA, USA",0.1000327286328781,0.07858629753999992,0.272453770531658,0.6489599319283419
"Richmond-Berea MSA, KY, USA",0.13042331847164246,0.06783663317916969,0.27363802763766404,0.6585253391831662
"Ogdensburg-Massena MSA, NY, USA",0.13351445759751585,0.0515041943881979,0.2696413074920448,0.6788544981197574
"Kankakee MSA, IL, USA",0.14420264710256278,0.0774232120170392,0.21324265749944005,0.7093341304835207
"Tullahoma-Manchester MSA, TN, USA",0.20664974005561557,0.1413647615637308,0.18719932742756556,0.6714359110087037
"Show Low MSA, AZ, USA",0.2990674652008657,0.18176074855718435,0.386333367482841,0.4319058839599747
"Whitewater-Elkhorn MSA, WI, USA",0.09222238088438285,0.08429406481440617,0.1388606681684997,0.7768452670170941
"Ithaca MSA, NY, USA",0.0577537363892839,0.04348866582463595,0.15770790400850884,0.7988034301668553
"Sumter MSA, SC, USA",0.1769594743680897,0.17927296578865606,0.23937584147478072,0.5813511927365632
"Grand Forks MSA, ND-MN, USA",0.10783111625216817,0.07698513668662908,0.1443044651999875,0.7787103981133834
"Kalispell MSA, MT, USA",0.09897008337420277,0.12830864398502365,0.17831678333061937,0.693374572684357
"Fond du Lac MSA, WI, USA",0.11805176626889052,0.06066228497751519,0.1373470863863644,0.8019906286361204
"Decatur MSA, IL, USA",0.1517890162721885,0.06414416788838177,0.23028645790435956,0.7055693742072586
"Gettysburg MSA, PA, USA",0.11225819384584503,0.07882241215574515,0.13941120607787255,0.7817663817663822
"Bay City MSA, MI, USA",0.12132345087758473,0.082133165044815,0.2488585035834112,0.6690083313717738
"Mankato-North Mankato MSA, MN, USA",0.08792520895257017,0.04233823872926897,0.17149906563887068,0.7861626956318603
"Gadsden MSA, AL, USA",0.1522630520515028,0.1752140024194908,0.1838047256634461,0.6409812719170631
"Danville MSA, VA, USA",0.23880424479226867,0.12147063141240014,0.2509990702529895,0.6275302983346103
"Truckee-Grass Valley MSA, CA, USA",0.09164077598649588,0.08283234290268374,0.24480673608343823,0.672360921013878
"Lima MSA, OH, USA",0.12480637309139224,0.08780265555844806,0.2211989065347564,0.6909984379067955
"Salem MSA, OH, USA",0.1371481131847112,0.0840910588390327,0.24234038347499492,0.6735685576859723
"Sebring MSA, FL, USA",0.16131159469722886,0.21303420972490075,0.25303014922342987,0.5339356410516694
"Cheyenne MSA, WY, USA",0.07817932520444652,0.11334868660282915,0.1181797717788438,0.768471541618327
"Hot Springs MSA, AR, USA",0.16311327619033542,0.1398968216017437,0.28513207835937615,0.5749711000388802
"Bluefield MSA, WV-VA, USA",0.1769956861990128,0.10027611902661139,0.3300868205459464,0.5696370604274421
"Pinehurst-Southern Pines MSA, NC, USA",0.11297257768249076,0.13779083157119854,0.1461548795472471,0.7160542888815543
"Shelby MSA, NC, USA",0.2154916132551477,0.1583108885003699,0.210461654774843,0.6312274567247871
"Adrian MSA, MI, USA",0.12012827475625228,0.07910536385828403,0.2086989509797459,0.7121956851619701
"Dubuque MSA, IA, USA",0.09599332220367289,0.04974146333404928,0.16214296334230907,0.7881155733236416
"Moses Lake MSA, WA, USA",0.09505228180349382,0.18669524127391196,0.23159484954415285,0.5817099091819352
"Paducah MSA, KY-IL, USA",0.12604719083852098,0.07609739657932411,0.29955345858960286,0.6243491448310731
"Rome MSA, GA, USA",0.1335229649460389,0.21578885787353563,0.16103097263777238,0.6231801694886919
"Ames MSA, IA, USA",0.06082648113008652,0.06804247473953615,0.08477797944862843,0.8471795458118355
"Sevierville MSA, TN, USA",0.1442549119228941,0.2085997529720048,0.2057718911629331,0.5856283558650621
"Victoria MSA, TX, USA",0.17538628354567615,0.21269622218388848,0.1230464033120582,0.6642573745040533
"Albertville MSA, AL, USA",0.1261886622083012,0.18493655061394398,0.16957512030551591,0.6454883290805401
"Meridian MSA, MS, USA",0.20054820768022938,0.1598642431028146,0.1971449064921895,0.6429908504049959
"Ashtabula MSA, OH, USA",0.1382674593470559,0.10660591477721909,0.28051667232068644,0.6128774129020945
"Cape Girardeau MSA, MO-IL, USA",0.13877539828347338,0.11209049015500638,0.1401256807708427,0.747783829074151
"Manhattan MSA, KS, USA",0.059314363296939406,0.07663721199107958,0.08185647039391998,0.8415063176150005
"Brainerd MSA, MN, USA",0.12296722541906475,0.09029083268826714,0.2693243392679417,0.6403848280437912
"Fairbanks MSA, AK, USA",0.08394243299903673,0.13751839516691167,0.14553481527379739,0.716946789559291
"Ocean City MSA, NJ, USA",0.08711056146746221,0.08115557964634114,0.18203051696825331,0.7368139033854055
"Corvallis MSA, OR, USA",0.04375167246454378,0.06819857266096763,0.157289624343189,0.7745118029958433
"Cumberland MSA, MD-WV, USA",0.15175792662725598,0.06163409083564863,0.2647101870262552,0.6736557221380962
"Corning MSA, NY, USA",0.13825522400416818,0.06465839160418527,0.2879458815725493,0.6473957268232654
"Greenwood MSA, SC, USA",0.19570412208765556,0.13948312105848892,0.19325548940981085,0.6672613895317002
"New Philadelphia-Dover MSA, OH, USA",0.16656488144234105,0.10277787825080438,0.2022642601367228,0.6949578616124729
"Talladega-Sylacauga MSA, AL, USA",0.17923150384809894,0.13230792670849978,0.21789991239621495,0.6497921608952854
"Hermiston-Pendleton MSA, OR, USA",0.13223140495867786,0.09348270380743334,0.2422223904322155,0.6642949057603511
"Sunbury MSA, PA, USA",0.18509958022692752,0.054277046714026694,0.23967376566818335,0.7060491876177899
"Ukiah MSA, CA, USA",0.1298944970131121,0.13295282211568876,0.35281187376346596,0.5142353041208454
"Clarksburg MSA, WV, USA",0.16862408915559357,0.0963988106163506,0.2653904041701836,0.6382107852134659
"Huntsville MSA, TX, USA",0.15745642132236393,0.1941125205771283,0.11997675994964606,0.6859107194732257
"Parkersburg-Vienna MSA, WV, USA",0.1487665118460345,0.09381526660815094,0.2870337587271711,0.6191509746646779
"Beaver Dam MSA, WI, USA",0.11053809753194854,0.05348845717630717,0.15323967365455682,0.793271869169136
"Mayagüez MSA, PR, USA",0.24560020274265743,0.06360742607959664,0.519733573754807,0.41665900016559637
"Grants Pass MSA, OR, USA",0.10664490428239444,0.12016521190665119,0.3766099005066234,0.5032248875867255
"Cullman MSA, AL, USA",0.158717629557667,0.15791366933066858,0.15934544319243996,0.6827408874768914
"Pine Bluff MSA, AR, USA",0.2576494102017293,0.08374235016086819,0.29118616287406723,0.6250714869650645
"Branson MSA, MO, USA",0.09926987877122165,0.20819383090091287,0.14320716177098655,0.6485990073281007
"Pocatello MSA, ID, USA",0.0982471461543258,0.11533020202591795,0.191311565087809,0.6933582328862731
"Oak Harbor MSA, WA, USA",0.05165184608157908,0.08098868487482523,0.19405224910594254,0.7249590660192321
"Grand Island MSA, NE, USA",0.1127862884877897,0.15345431391276598,0.10406717605858004,0.742478510028654
"Zanesville MSA, OH, USA",0.13550191345304724,0.08140118624844289,0.2729115147909194,0.6456872989606378
"Lufkin MSA, TX, USA",0.1076690956951618,0.25860996657078483,0.1744538599082636,0.5669361735209516
"New Castle MSA, PA, USA",0.14653904553948016,0.07398873672498014,0.2507912315311052,0.6752200317439147
"Watertown-Fort Atkinson MSA, WI, USA",0.09919966923599446,0.06615168018969303,0.13680486087955235,0.7970434589307546
"Great Falls MSA, MT, USA",0.1515178101421306,0.11031127548100254,0.24426539867036506,0.6454233258486324
"Orangeburg MSA, SC, USA",0.2264954607635869,0.162907855427332,0.22281451975084401,0.6142776248218241
"Elmira MSA, NY, USA",0.12509131285977218,0.0601885710897198,0.2745349963432232,0.665276432567057
"Meadville MSA, PA, USA",0.16331075996990221,0.09368746235598172,0.2585245487575054,0.6477879888865129
"Kokomo MSA, IN, USA",0.1201765011247629,0.0888281170870049,0.1996758837232861,0.711495999189709
"Russellville MSA, AR, USA",0.17056248986869843,0.11172202274087363,0.2824842908438062,0.6057936864153202
"Laurel MSA, MS, USA",0.3570676840097341,0.1582969218410177,0.23435938632756628,0.6073436918314159
"Midland MSA, MI, USA",0.10888823701965376,0.05119519243650822,0.20556544372356542,0.7432393638399263
"Indiana MSA, PA, USA",0.18948575214868554,0.07583904137043726,0.20898334052223777,0.7151776181073249
"Helena MSA, MT, USA",0.1143146034955938,0.07429985514244372,0.1788789634637057,0.7468211813938505
"Bloomsburg-Berwick MSA, PA, USA",0.14116152218598968,0.05370957173754863,0.17270126028650756,0.7735891679759438
"Opelousas MSA, LA, USA",0.27141384431815513,0.12090557008218888,0.3071932873752312,0.5719011425425798
"Key West MSA, FL, USA",0.09131557474803077,0.25195491800523717,0.0910396729215063,0.6570054090732566
"Columbus MSA, IN, USA",0.09989784230566848,0.08987613675145119,0.1525304639351173,0.7575933993134314
"Athens MSA, TX, USA",0.18431573224166056,0.26383572652103016,0.1917440311290624,0.5444202423499075
"Centralia MSA, WA, USA",0.12279409409729981,0.10723661092622812,0.2944252671613711,0.5983381219124008
"Stillwater MSA, OK, USA",0.10135589960573116,0.14573268921094978,0.09859464207290293,0.7556726687161472
"Hinesville MSA, GA, USA",0.08600107546155213,0.19982168427309352,0.18874449517737,0.6114338205495365
"Manitowoc MSA, WI, USA",0.12840902566458065,0.059546583092514746,0.16577801294313918,0.7746754039643461
"Statesboro MSA, GA, USA",0.12473631427879808,0.1680432082947309,0.10967652914391582,0.7222802625613534
"DuBois MSA, PA, USA",0.18201634877384235,0.07000083984210974,0.27305366591080904,0.6569454942470813
"Warsaw MSA, IN, USA",0.12369405391461359,0.13556817945356536,0.12707826123145383,0.7373535593149808
"Casper MSA, WY, USA",0.09533002390145214,0.16022260060633628,0.10197682628016123,0.7378005731135026
"Plattsburgh MSA, NY, USA",0.11686586985391796,0.04233842980942747,0.2340412874055559,0.7236202827850166
"Glenwood Springs MSA, CO, USA",0.07025493790861002,0.19006793255852075,0.12229906695040112,0.6876330004910782
"Wilson MSA, NC, USA",0.1895559724828014,0.18285797925727695,0.19178655068584832,0.6253554700568748
"Seneca MSA, SC, USA",0.1664172888258157,0.1592788675555313,0.2063669979124524,0.6343541345320164
"Minot MSA, ND, USA",0.08766077557173559,0.09223624672541111,0.10238151940938336,0.8053822338652055
"Port Angeles MSA, WA, USA",0.08767530056101011,0.1106851157217676,0.29425721968273677,0.5950576645954957
"Chillicothe MSA, OH, USA",0.13128501103378035,0.07774413825108839,0.2618947647565799,0.6603610969923317
"Olean MSA, NY, USA",0.19315099096798852,0.07350869446371831,0.31792089825269587,0.6085704072835859
"Searcy MSA, AR, USA",0.14962061610545865,0.1315521363967151,0.27289739058114154,0.5955504730221434
"Keene MSA, NH, USA",0.10089379666836715,0.0854205985875068,0.15448249547795104,0.7600969059345422
"Auburn MSA, NY, USA",0.1334792837537577,0.05149016014312515,0.2550290177597413,0.6934808220971336
"Jefferson MSA, GA, USA",0.08668898092047315,0.1593925717252411,0.14403112203212773,0.6965763062426311
"Quincy MSA, IL-MO, USA",0.15631144317735,0.07351011357980007,0.19070998687723384,0.735779899542966
"Aberdeen MSA, WA, USA",0.11102015757699792,0.1140329849458246,0.3047511746092629,0.5812158404449126
"Frankfort MSA, KY, USA",0.10929415522197361,0.07785001800122829,0.22444355026578308,0.6977064317329886
"Sandusky MSA, OH, USA",0.11708495295222329,0.08235260873604122,0.19461190148529672,0.723035489778662
"Findlay MSA, OH, USA",0.09597612629957647,0.06480958791089506,0.16557384167788491,0.7696165704112199
"Hobbs MSA, NM, USA",0.15492012913504516,0.17539516282612935,0.2578080365644627,0.566796800609408
"Wisconsin Rapids-Marshfield MSA, WI, USA",0.1171752123309212,0.06531011196019186,0.20825928558734638,0.7264306024524618
"Danville MSA, IL, USA",0.17147947692204146,0.0827671696583948,0.2940475339102246,0.6231852964313807
"Somerset MSA, PA, USA",0.20050594309872846,0.07214088286234789,0.21310916530131263,0.7147499518363395
"Portsmouth MSA, OH, USA",0.16499715828360353,0.09051781221030315,0.37560146558954693,0.5338807222001499
"Palatka MSA, FL, USA",0.18393089737437515,0.27091885064730076,0.28979135799470623,0.4392897913579931
"Kapaa MSA, HI, USA",0.08256824244335001,0.06728803013908424,0.1890235007928308,0.7436884690680851
"Gallup MSA, NM, USA",0.4337233376667134,0.276635470932645,0.48197409063666885,0.2413904384306861
"Shawnee MSA, OK, USA",0.13275145786484754,0.18742935192162832,0.15535512434061802,0.6572155237377537
"Fort Payne MSA, AL, USA",0.17835240810905806,0.2276010239531896,0.1537529712927409,0.6186460047540695
"Mount Airy MSA, NC, USA",0.1654371919029473,0.17642757580604604,0.16799579553504107,0.655576628658913
"Greenfield Town MSA, MA, USA",0.1059690828786699,0.031910728269381336,0.2802575480727398,0.6878317236578789
"Stevens Point MSA, WI, USA",0.08822010261354625,0.0629282678463005,0.13017174082747818,0.8068999913262214
"Greeneville MSA, TN, USA",0.2084607543323142,0.1336686377126801,0.24900881306780864,0.6173225492195114
"Lake City MSA, FL, USA",0.1418687810945277,0.2000207248516879,0.20103106137146695,0.5989482137768452
"LaGrange MSA, GA, USA",0.174928616751269,0.14939947039909218,0.14119538490637423,0.7094051446945335
"Klamath Falls MSA, OR, USA",0.1355121846790592,0.1257974230313414,0.32877783100935226,0.5454247459593062
"Marshall MSA, TX, USA",0.21482122260669012,0.19802448248407692,0.1733429538216564,0.6286325636942668
"Guayama MSA, PR, USA",0.2826377997934437,0.07232674893257628,0.6541078215173833,0.2735654295500405
"Clearlake MSA, CA, USA",0.14300376325692832,0.09892156862745084,0.4236029411764707,0.4774754901960785
"Owosso MSA, MI, USA",0.13301328328039302,0.0643968960925662,0.23678773130079464,0.6988153726066391
"Alamogordo MSA, NM, USA",0.1357778719796522,0.14012358577867964,0.3818621451386609,0.4780142690826595
"Morehead City MSA, NC, USA",0.07471761203740186,0.15963936232806122,0.14283231934379884,0.6975283183281399
"Faribault-Northfield MSA, MN, USA",0.08466938209550226,0.0790424000606078,0.1742215712517991,0.7467360286875931
"Farmington MSA, MO, USA",0.15461804517699362,0.15986945236810338,0.20710302469611683,0.6330275229357798
"Ionia MSA, MI, USA",0.13844263014660751,0.0865941586215327,0.19396309421972388,0.7194427471587435
"Marion MSA, IN, USA",0.13593672763222925,0.10339890899217576,0.2400464048577002,0.656554686150124
"Richmond MSA, IN, USA",0.13850281328017222,0.1393349192189514,0.25317177123599977,0.6074933095450489
"Walla Walla MSA, WA, USA",0.08897979020695793,0.12291490709459492,0.2076119087837832,0.6694731841216219
"Muskogee MSA, OK, USA",0.19650363386368153,0.22378386819707963,0.19835506623981644,0.5778610655631039
"Rexburg MSA, ID, USA",0.05161455992809916,0.1010763418632834,0.1571031434884874,0.7418205146482291
"Roanoke Rapids MSA, NC, USA",0.31148436930700246,0.1748755266181543,0.25755138516532644,0.5675730882165193
"North Wilkesboro MSA, NC, USA",0.1601202683574633,0.1842178425138386,0.2085710030884988,0.6072111543976627
"Marquette MSA, MI, USA",0.11063686397843477,0.061541763036791805,0.2099239371468074,0.7285342998164007
"Rio Grande City MSA, TX, USA",0.34442711973762036,0.46299357706170857,0.16818883980595625,0.3688175831323352
"Red Bluff MSA, CA, USA",0.1393425929697362,0.08898570385056867,0.34315976207868115,0.5678545340707501
"Baraboo MSA, WI, USA",0.10893854748603385,0.07752580426429585,0.14472990281021605,0.7777442929254881
"Shelton MSA, WA, USA",0.09043963598355222,0.09528673904773542,0.28782451153980826,0.6168887494124562
"Marinette MSA, WI-MI, USA",0.16739161618600495,0.06871050169004779,0.21758038730170978,0.7137091110082423
"Marion MSA, OH, USA",0.12382994515690095,0.07957639115757428,0.3031416748339315,0.6172819340084943
"Roswell MSA, NM, USA",0.2091292376527281,0.1349258565716887,0.3744116605091352,0.4906624829191761
"Somerset MSA, KY, USA",0.17758859631756094,0.08315419190932208,0.3762702755520809,0.540575532538597
"Coos Bay MSA, OR, USA",0.12951098562999983,0.11043027587323881,0.33982076337526274,0.5497489607514985
"Nacogdoches MSA, TX, USA",0.13338020596385283,0.23326994243421056,0.12967722039473661,0.6370528371710529
"Forest City MSA, NC, USA",0.20331726133076253,0.18418171169565276,0.22594280766978142,0.5898754806345657
"Martinsville MSA, VA, USA",0.22546996790463147,0.13819826491747736,0.2766081252644953,0.5851936098180274
"Mount Pleasant MSA, MI, USA",0.09763241396143481,0.08496060294621455,0.2127440904419326,0.7022953066118528
"Lewiston MSA, ID-WA, USA",0.1286780179835471,0.11910023677979496,0.20615627466456196,0.674743488555643
"Elizabeth City MSA, NC, USA",0.12071910843569511,0.13530967292971482,0.1905358385525405,0.6741544885177446
"Laconia MSA, NH, USA",0.09240968772505252,0.09537932971727638,0.17537718497380972,0.7292434853089139
"Georgetown MSA, SC, USA",0.17221615739531437,0.16870799093360633,0.21478470931487445,0.6165072997515192
"Sanford MSA, NC, USA",0.1303927340005046,0.20354440028311646,0.14768334512985254,0.648772254587031
"Enid MSA, OK, USA",0.15128795811518062,0.23215047949688367,0.11624598047864292,0.6516035400244734
"Mount Vernon MSA, OH, USA",0.12807752750130974,0.09674324396354103,0.1980704653270082,0.7051862907094507
"Albemarle MSA, NC, USA",0.11306224347310981,0.15981595567014234,0.1517407245522292,0.6884433197776284
"Athens MSA, OH, USA",0.11598904715504976,0.07458233723545381,0.22403712493619632,0.7013805378283499
"Carlsbad-Artesia MSA, NM, USA",0.15097468070804393,0.12946440461288405,0.24651769781873145,0.6240178975683845
"Hutchinson MSA, KS, USA",0.12704312032929765,0.13544005228906833,0.1262326295149055,0.7383273181960263
"Hudson MSA, NY, USA",0.14058091945802037,0.05872519413287324,0.23128774805867133,0.7099870578084555
"Crossville MSA, TN, USA",0.12581533009086512,0.14518845105783687,0.2353265362358774,0.6194850127062858
"Oxford MSA, NC, USA",0.13410940753359873,0.13361825659220994,0.1693411821627286,0.6970405612450615
"Sturgis MSA, MI, USA",0.1479509928179135,0.11603883285107791,0.24019037832283163,0.6437707888260904
"Rutland MSA, VT, USA",0.1297303784302747,0.06640314108346163,0.26937974213402677,0.6642171167825116
"Fergus Falls MSA, MN, USA",0.14155729124728297,0.0736150291098976,0.19752715923413894,0.7288578116559633
"Salina MSA, KS, USA",0.12948696934928647,0.1265289256198337,0.12683195592286414,0.7466391184573021
"Sayre MSA, PA, USA",0.14299831185407905,0.0938684942280145,0.2099542173412359,0.6961772884307496
"Barre MSA, VT, USA",0.08963115577429652,0.042791955110737294,0.24729027421242383,0.7099177706768388
"Marietta MSA, OH, USA",0.15702885205647654,0.09513395297977005,0.25907599781301266,0.6457900492072174
"Fernley MSA, NV, USA",0.08848804941366033,0.12383507891168252,0.24668917164372875,0.6294757494445886
"Fremont MSA, OH, USA",0.1366558809934019,0.07835636043375337,0.21236307590686407,0.7092805636593824
"Columbus MSA, MS, USA",0.1595787586825007,0.18213838674933722,0.16688498821063655,0.6509766250400262
"Dublin MSA, GA, USA",0.26829386881898226,0.18090828435177994,0.21836530997005668,0.6007264056781635
"Carson City MSA, NV, USA",0.09788279936182129,0.15169624532174333,0.15109259929977084,0.6972111553784858
"Norwalk MSA, OH, USA",0.12774819649604952,0.08275304996936089,0.21018327669767764,0.7070636733329615
"Oneonta MSA, NY, USA",0.13281826270123157,0.062214716174116294,0.22816380121525304,0.7096214826106306
"Batavia MSA, NY, USA",0.11450880994235708,0.046005361930295,0.23176943699731878,0.7222252010723862
"Palestine MSA, TX, USA",0.19257146325180605,0.22910341295679856,0.16249039762958642,0.608406189413615
"Eagle Pass MSA, TX, USA",0.3046353872244203,0.39595410628019295,0.10410628019323682,0.4999396135265703
"Fort Madison-Keokuk MSA, IA-IL-MO, USA",0.15894957983193225,0.08044901777361987,0.22810453695041846,0.6914464452759616
"Calhoun MSA, GA, USA",0.17752707299566176,0.2308838391783933,0.12348915923891726,0.6456270015826894
"Charleston-Mattoon MSA, IL, USA",0.12424677187948396,0.08563062231250203,0.24750046165615805,0.66686891603134
"Cedar City MSA, UT, USA",0.09055029318899405,0.14671442762108275,0.13118208362180522,0.7221034887571119
"Ontario MSA, OR-ID, USA",0.12899501443190808,0.15905674872240233,0.24907311533451323,0.5918701359430845
"Kearney MSA, NE, USA",0.09058614564831276,0.08896313494535346,0.1013081148422895,0.8097287502123571
"Gaffney MSA, SC, USA",0.2314406337460271,0.1735193205467121,0.21390404409696856,0.6125766353563195
"Fairmont MSA, WV, USA",0.12329237907036673,0.08722574078262847,0.2434969463922189,0.6692773128251526
"Picayune MSA, MS, USA",0.1593940874664058,0.1789358815548866,0.23352798914646333,0.58753612929865
"Waycross MSA, GA, USA",0.21452145214521456,0.24808438331570087,0.2008592222115358,0.5510563944727633
"Jasper MSA, IN, USA",0.16012678005446151,0.06658302715297079,0.13032828509125677,0.8030886877557725
"Oxford MSA, MS, USA",0.09261992619926188,0.1362051991591943,0.09294095734773714,0.7708538434930686
"Edwards MSA, CO, USA",0.03946491722618003,0.1325703646917097,0.09287044135363046,0.77455919395466
"Sterling MSA, IL, USA",0.1421488315943781,0.07884726575575944,0.18371321627461185,0.7374395179696287
"Durango MSA, CO, USA",0.11901553938740676,0.12602670838688032,0.16703916857573886,0.7069341230373809
"Sonora MSA, CA, USA",0.11846946284032381,0.09145089060237735,0.2382235092090642,0.6703256001885585
"Elko MSA, NV, USA",0.08685899107934617,0.11210868983559771,0.11656806492850105,0.7713232452359011
"Kinston MSA, NC, USA",0.17832828216277927,0.17149830347044473,0.2635573546044407,0.5649443419251146
"Tiffin MSA, OH, USA",0.13621809532522125,0.07324487052083954,0.19284503419652835,0.733910095282632
"Danville MSA, KY, USA",0.1797211061214839,0.08842843863384245,0.30123841794356687,0.6103331434225908
"Glasgow MSA, KY, USA",0.14303075628680936,0.08796404389446638,0.34470581368199943,0.5673301424235342
"St. Marys MSA, GA, USA",0.07273362619808296,0.16657743512867207,0.1430916943284432,0.6903308705428848
"Point Pleasant MSA, WV-OH, USA",0.21429575155745004,0.10917663009984022,0.2845125107851592,0.6063108591150006
"Boone MSA, NC, USA",0.09536169190098537,0.12109744560075669,0.09763481551560997,0.7812677388836333
"Warrensburg MSA, MO, USA",0.08759799386473154,0.1274206839719816,0.1030078285949732,0.7695714874330453
"Fort Leonard Wood MSA, MO, USA",0.10744228040758387,0.18554623424098993,0.18821765009139046,0.6262361156676197
"Big Stone Gap MSA, VA, USA",0.1962886475784732,0.12362509399230075,0.3369130629686756,0.5394618430390238
"Vicksburg MSA, MS, USA",0.18008948545861267,0.18731851851851844,0.1935703703703705,0.6191111111111111
"Enterprise MSA, AL, USA",0.13609727512452444,0.16405268635825315,0.1788034310734668,0.65714388256828
"Gloversville MSA, NY, USA",0.15249631540162104,0.05582268089597761,0.341532778233846,0.6026445408701764
"Athens MSA, TN, USA",0.15333364834853272,0.15843228942349144,0.23961730142127666,0.6019504091552319
"Payson MSA, AZ, USA",0.2349143728144893,0.13281166255761592,0.3251866938221313,0.5420016436202528
"McComb MSA, MS, USA",0.28681270854490004,0.16727883956919554,0.26785158438647855,0.564869576044326
"Corsicana MSA, TX, USA",0.18185433473468937,0.2853693034808705,0.11439610860040718,0.6002345879187224
"Kerrville MSA, TX, USA",0.08794982144492253,0.26371802734586414,0.1282153035823804,0.6080666690717554
"Scottsboro MSA, AL, USA",0.18090353126849476,0.15997568758547243,0.230572861267285,0.6094514511472425
"Milledgeville MSA, GA, USA",0.20624966785353638,0.17986943388872692,0.1543083568807043,0.6658222092305688
"Bartlesville MSA, OK, USA",0.15229123736630323,0.1870179735857796,0.1484558604481811,0.6645261659660393
"Ashland MSA, OH, USA",0.13832740733524898,0.09025650842266468,0.18485196528841188,0.7248915262889234
"Platteville MSA, WI, USA",0.13951959544879888,0.07750150074247247,0.1397112255536943,0.7827872737038332
"Greenville MSA, OH, USA",0.14409872275040908,0.09057691663035067,0.19667460024806332,0.712748483121586
"Rochelle MSA, IL, USA",0.1399547445958305,0.07438940205778927,0.16748298872489423,0.7581276092173165
"Starkville MSA, MS, USA",0.11598686402360649,0.10585159639559466,0.11566915118478129,0.778479252419624
"Pahrump MSA, NV, USA",0.1947597029564243,0.1403489913647926,0.30800100326059704,0.5516500053746104
"Mason City MSA, IA, USA",0.13913693749174952,0.06100717538743769,0.2126404770485885,0.7263523475639738
"Oil City MSA, PA, USA",0.13915918075062586,0.06594159750496456,0.26126874925303767,0.6727896532419977
"Jacksonville MSA, TX, USA",0.18050705433818587,0.28840092269550677,0.14197339214892077,0.5696256851555725
"Newport MSA, OR, USA",0.08989272620286959,0.14852448383958486,0.2850862969769032,0.5663892191835119
"Shelbyville MSA, TN, USA",0.14203529937444154,0.1717511949443428,0.20193757418278652,0.6263112308728707
"Paris MSA, TX, USA",0.21304565980933274,0.24663615873232664,0.15360972611160426,0.5997541151560691
"Galesburg MSA, IL, USA",0.16816524908869937,0.08273406655386338,0.22856739988719674,0.6886985335589398
"Winona MSA, MN, USA",0.07375783414044751,0.06233436497522347,0.13947619122242239,0.7981894438023541
"Amsterdam MSA, NY, USA",0.16618183741471426,0.06083586206437632,0.31120622966201583,0.6279579082736078
"Gardnerville Ranchos MSA, NV, USA",0.07268901535077239,0.10995842852327624,0.14351522414890824,0.7465263473278155
"Morgan City MSA, LA, USA",0.18190142741718257,0.07585524636201174,0.4077738064845554,0.5163709471534329
"Ozark MSA, AL, USA",0.1362609142270157,0.16233837993148403,0.24971451725789182,0.5879471028106242
"Cañon City MSA, CO, USA",0.14791547687035986,0.1131112427653465,0.29941211320238775,0.5874766440322657
"New Castle MSA, IN, USA",0.14157900444637211,0.09154929577464845,0.25093778752919593,0.6575129166961556
"Fort Polk South MSA, LA, USA",0.13696734470358699,0.13766812018355487,0.3421294250484735,0.5202024547679717
"Norfolk MSA, NE, USA",0.12385850740001972,0.10207331002734245,0.106711432626077,0.7912152573465805
"Cadillac MSA, MI, USA",0.1573725261314796,0.0968818082788673,0.2941176470588228,0.6090005446623098
"Clovis MSA, NM, USA",0.1338255400601586,0.14035651196402799,0.347358278464751,0.512285209571221
"Ruston MSA, LA, USA",0.12761386365872024,0.10478930637899313,0.24462197968115093,0.650588713939856
"Sidney MSA, OH, USA",0.11291985457702507,0.07244127812654268,0.14907949495662035,0.778479226916837
"Natchez MSA, MS-LA, USA",0.22500851015545187,0.19274772048779953,0.32549115413557694,0.4817611253766235
"Ardmore MSA, OK, USA",0.21397971910417038,0.22985732270247644,0.17352077213596254,0.596621905161561
"Blackfoot MSA, ID, USA",0.1136828644501276,0.14562785220079508,0.17161048137788887,0.6827616664213161
"Pullman MSA, WA, USA",0.06585230427540205,0.05215664018161177,0.1412883087400679,0.8065550510783203
"Nogales MSA, AZ, USA",0.15960555149744318,0.18205466540999007,0.31381715362865215,0.5041281809613577
"Del Rio MSA, TX, USA",0.2642759816672862,0.3018476314504329,0.09323620380921345,0.6049161647403537
"Red Wing MSA, MN, USA",0.09872318692543415,0.07832686198376285,0.16325450052947385,0.7584186374867633
"Malone MSA, NY, USA",0.15349388502774655,0.08007577062166357,0.28761839159634933,0.6323058377819871
"Kendallville MSA, IN, USA",0.15975595977855586,0.12470842182223302,0.1645023152177699,0.7107892629599971
"Sandpoint MSA, ID, USA",0.1386601498167132,0.15074842337208416,0.19143682091026482,0.657814755717651
"Tahlequah MSA, OK, USA",0.19381219261123186,0.2876239162723228,0.14441642775724428,0.567959655970433
"Gillette MSA, WY, USA",0.0630017452006981,0.14215668983032845,0.08561148541394747,0.772231824755724
"Mount Sterling MSA, KY, USA",0.16507882499716442,0.0783713085977833,0.3887932814758723,0.5328354099263444
"Cortland MSA, NY, USA",0.11971522453450184,0.043451573302319475,0.21218582412612239,0.7443626025715582
"Bardstown MSA, KY, USA",0.10108462258437477,0.07005793509929334,0.2133887009812129,0.7165533639194938
"Clinton MSA, IA, USA",0.14877244411872448,0.07919221060223573,0.24183195095564483,0.6789758384421195
"Seymour MSA, IN, USA",0.17856518445130756,0.12075538927489773,0.16618564047746306,0.7130589702476392
"Wapakoneta MSA, OH, USA",0.11821746502755429,0.056631401691254475,0.10872350550938976,0.8346450927993557
"Burley MSA, ID, USA",0.12208772614864093,0.214804231987025,0.1517491698200627,0.6334465981929123
"Bemidji MSA, MN, USA",0.11706066647678705,0.09959534832853345,0.25358171411906194,0.6468229375524046
"Bellefontaine MSA, OH, USA",0.09795012679628104,0.06680472738958174,0.18338272574713488,0.7498125468632834
"Lewistown MSA, PA, USA",0.18056971192532598,0.12183064304707687,0.22141492827984044,0.6567544286730826
"Plymouth MSA, IN, USA",0.2036762525941295,0.1333308497559891,0.14998323585292236,0.7166859143910886
"Durant MSA, OK, USA",0.18611471434211282,0.26675427069645197,0.14629872974156782,0.5869469995619803
"Cornelia MSA, GA, USA",0.16319513324075913,0.20721306459632102,0.1512984281179488,0.6414885072857301
"Moultrie MSA, GA, USA",0.24742585856094737,0.2998479623243212,0.18504097600771327,0.5151110616679656
"Thomasville MSA, GA, USA",0.1393051579951727,0.17728389628488622,0.1802178457476068,0.6424982579675069
"Hillsdale MSA, MI, USA",0.16609172651699375,0.0903102728385283,0.23900367144194004,0.6706860557195317
"Paragould MSA, AR, USA",0.13786043337314535,0.11015851908877751,0.3048955453686534,0.5849459355425691
"Bogalusa MSA, LA, USA",0.2698220763517005,0.1303764942464526,0.40628607604364514,0.46333742970990227
"Menomonie MSA, WI, USA",0.1087573074029057,0.07356344640613627,0.1658070488659656,0.7606295047278981
"Madisonville MSA, KY, USA",0.1579665829420115,0.07729521315291717,0.3048159464571509,0.6178888403899321
"Burlington MSA, IA-IL, USA",0.1617691762083298,0.05959896026736007,0.23018937987374702,0.7102116598588929
"Shawano MSA, WI, USA",0.1640438191625423,0.10980196499846528,0.18337427080135296,0.7068237642001819
"Grand Rapids MSA, MN, USA",0.13734211971444307,0.07051083591331225,0.26784055727554146,0.6616486068111462
"Bedford MSA, IN, USA",0.1844255728248684,0.09930432901993316,0.1894892405291426,0.7112064304509244
"Greenville MSA, MS, USA",0.27514963167587486,0.2057877813504821,0.29228649164340487,0.5019257270061129
"Coldwater MSA, MI, USA",0.14899248120300757,0.1127637495676236,0.22598870056497197,0.6612475498674044
"Washington MSA, NC, USA",0.20286344797890124,0.19298249392483874,0.19112491403645235,0.6158925920387089
"Rolla MSA, MO, USA",0.10666741246224425,0.1247263971983075,0.1536553334306143,0.7216182693710782
"Freeport MSA, IL, USA",0.14065340466420878,0.08661171231003624,0.24713833652381312,0.6662499511661507
"Harrison MSA, AR, USA",0.14371624255248,0.10473270741521334,0.2576738838858016,0.6375934086989852
"Marion MSA, NC, USA",0.15853139802151808,0.17049989836629634,0.20365970372110148,0.6258403979126022
"Ottumwa MSA, IA, USA",0.19345686160972847,0.12001907976810722,0.23244294415498729,0.6475379760769056
"Ellensburg MSA, WA, USA",0.06765395269550371,0.060899534723418275,0.15330001723246536,0.7858004480441164
"Lawrenceburg MSA, TN, USA",0.19013529090578152,0.17635942923254938,0.226108754338604,0.5975318164288467
"Huntingdon MSA, PA, USA",0.15325891711573028,0.06560025852318636,0.23796251413798689,0.6964372273388267
"McAlester MSA, OK, USA",0.1674848059841056,0.2585516435841811,0.17228433172033972,0.5691640246954792
"Willmar MSA, MN, USA",0.116677815749694,0.07658150104733787,0.19656230172425984,0.7268561972284023
"Ponca City MSA, OK, USA",0.18609600378340094,0.18196221333227727,0.15225571355012432,0.6657820731175984
"Auburn MSA, IN, USA",0.14906131178707258,0.08763848174515486,0.14874176723645668,0.7636197510183885
"Muscatine MSA, IA, USA",0.11486446231754496,0.05670063888043773,0.18303163979312512,0.7602677213264372
"Cullowhee MSA, NC, USA",0.1751967339210702,0.2128462553129118,0.12644731056719916,0.660706434119889
"Douglas MSA, GA, USA",0.19720101781170501,0.24796365273627835,0.17350906635012922,0.5785272809135925
"Sedalia MSA, MO, USA",0.15131262042389224,0.17985750793773636,0.18729187640362588,0.6328506156586378
"Rockingham MSA, NC, USA",0.21452246501350342,0.15724654466836538,0.26708362288626253,0.575669832445372
"Cedartown MSA, GA, USA",0.157219320306958,0.20726388513643806,0.1504496507005289,0.6422864641630331
"Duncan MSA, OK, USA",0.1596224373233929,0.21938879595250682,0.1840140356603701,0.5965971683871232
"Lewisburg MSA, PA, USA",0.19056195965417863,0.1141278542754777,0.16549402166875285,0.7203781240557695
"Montrose MSA, CO, USA",0.16442992874109263,0.18897262647262603,0.27802321552321596,0.533004158004158
"Henderson MSA, NC, USA",0.18832098611716377,0.15545427150821156,0.2558008136206119,0.5887449148711765
"Stephenville MSA, TX, USA",0.10029478761892074,0.1757386689615602,0.0883175559380376,0.7359437751004022
"Celina MSA, OH, USA",0.09024681278653543,0.06187103988073066,0.11657762869093485,0.8215513314283345
"Garden City MSA, KS, USA",0.15207308503162342,0.16802956439691855,0.09073753734863961,0.7412328982544418
"Summit Park MSA, UT, USA",0.043636363636363626,0.07642301005367004,0.04913447728475311,0.8744425126615768
"Aberdeen MSA, SD, USA",0.13087229351574498,0.10115013747434604,0.10297022034620454,0.7958796421794494
"Rock Springs MSA, WY, USA",0.0775967544593984,0.168320193141951,0.09721226753178182,0.7344675393262672
"Poplar Bluff MSA, MO, USA",0.1913792027945855,0.19962418039341107,0.2670318247241325,0.5333439948824564
"Bucyrus MSA, OH, USA",0.12669181273574467,0.09387560189422596,0.2290978550678498,0.6770265430379242
"Wilmington MSA, OH, USA",0.11318588349045201,0.08314204567560216,0.23405828113449748,0.6827996731899004
"Alma MSA, MI, USA",0.15189447472912,0.06650610554780938,0.23247559893522632,0.7010182955169644
"Gainesville MSA, TX, USA",0.18074009685831316,0.22353639408198694,0.08275043452456647,0.6937131713934466
"Mountain Home MSA, AR, USA",0.16113618263870458,0.10455940377027621,0.30534853134590084,0.5900920648838229
"El Campo MSA, TX, USA",0.19211526916149702,0.24228471876555507,0.1272606603617057,0.6304546208727392
"Tifton MSA, GA, USA",0.2732386995486366,0.24124645412591558,0.1651213006477831,0.5936322452263013
"Alexander City MSA, AL, USA",0.17319902319902317,0.1343242714648938,0.22671621357324515,0.6389595149618611
"Astoria MSA, OR, USA",0.09759060858813065,0.1287825562635451,0.267758290724384,0.6034591530120709
"McMinnville MSA, TN, USA",0.19689677010766304,0.18335368335368327,0.23728123728123734,0.5793650793650793
"Williston MSA, ND, USA",0.08249378516289499,0.13972777541471743,0.061037856231391116,0.7992343683538914
"Blytheville MSA, AR, USA",0.16093800192740154,0.10574356990910858,0.33459678978920926,0.5596596403016821
"Bradford MSA, PA, USA",0.15707403651115628,0.05744758211125949,0.25920090494081555,0.683351512947925
"Port Clinton MSA, OH, USA",0.13257110987172346,0.060590277777777805,0.1513888888888891,0.788020833333333
"Española MSA, NM, USA",0.33491311216429726,0.14304880093912414,0.3501173905752141,0.5068338084856616
"Kill Devil Hills MSA, NC, USA",0.0695297876495672,0.1659301472512836,0.07530912662302679,0.7587607261256897
"Marshalltown MSA, IA, USA",0.1654464635900119,0.08717665078284567,0.21132573179033384,0.7014976174268205
"Austin MSA, MN, USA",0.12221082328802285,0.06559496616816755,0.2259621600655088,0.7084428737663238
"West Plains MSA, MO, USA",0.18239722061378208,0.21800299337182036,0.2103485140047038,0.5716484926234758
"Selinsgrove MSA, PA, USA",0.177137688721909,0.11183532032506932,0.15981188894847537,0.7283527907264553
"Big Rapids MSA, MI, USA",0.16905063291139255,0.08273966238191087,0.2650998915905219,0.6521604460275672
"Okeechobee MSA, FL, USA",0.2260375828038397,0.24198304460007253,0.19544784371544444,0.5625691116844831
"Clewiston MSA, FL, USA",0.1770576530803789,0.29864605103080805,0.22304159152539052,0.47831235744380146
"Moscow MSA, ID, USA",0.07258372596459949,0.08204260328906217,0.08535373974467472,0.832603656966263
"Houghton MSA, MI, USA",0.1347774279958918,0.10417894449142023,0.20421836401959112,0.6916026914889887
"Riverton MSA, WY, USA",0.1477570738440308,0.2540449386992384,0.15710314023973396,0.5888519210610277
"El Dorado MSA, AR, USA",0.24271516462713713,0.10410185033568016,0.29306533486163444,0.6028328148026854
"Alexandria MSA, MN, USA",0.1172636523781562,0.0445481156238565,0.14773143066227595,0.8077204537138676
"Pittsburg MSA, KS, USA",0.15581485301701808,0.162463413656229,0.17048233831843104,0.6670542480253399
"Alice MSA, TX, USA",0.3153876119984413,0.25695022109364773,0.16693664900836186,0.5761131298979904
"Hannibal MSA, MO, USA",0.13539576726425498,0.12425464749210767,0.16415292879691315,0.7115924237109792
"Urbana MSA, OH, USA",0.10866761253708282,0.07001594209143,0.16855530182256953,0.7614287560860005
"Warren MSA, PA, USA",0.1551437525627495,0.06098197745660262,0.21289040084958677,0.7261276216938106
"Safford MSA, AZ, USA",0.17128789841927952,0.11472312387965729,0.31456809263117125,0.5707087834891714
"Selma MSA, AL, USA",0.25158150851581595,0.156007710430499,0.2553009209680877,0.5886913686014134
"Cambridge MSA, OH, USA",0.17773921665840392,0.1442794684212812,0.24804121033721638,0.6076793212415025
"Greenwood MSA, MS, USA",0.3716814159292038,0.20754231840582896,0.28317977287336565,0.5092779087208055
"Defiance MSA, OH, USA",0.1331343283582088,0.08087560623934996,0.14466727836763285,0.7744571153930171
"Brownwood MSA, TX, USA",0.1425158692239441,0.24135755171947534,0.15153017532789498,0.6071122729526298
"Ada MSA, OK, USA",0.2271295535469737,0.21919630976670001,0.12729530737159592,0.653508382861704
"Sikeston MSA, MO, USA",0.14862011535768788,0.18066622960409331,0.21218758599760323,0.6071461843983036
"Batesville MSA, AR, USA",0.23590494111087934,0.12661741469872267,0.2924798223512832,0.5809027629499941
"Crawfordsville MSA, IN, USA",0.10304798962386516,0.10627640576680206,0.16424931399451154,0.7294742802386864
"Scottsbluff MSA, NE, USA",0.15058611361587035,0.1358743767764787,0.13540841526489913,0.7287172079586222
"Logansport MSA, IN, USA",0.17505164256680253,0.11871415232759781,0.18714152327597688,0.6941443243964253
"Jacksonville MSA, IL, USA",0.17455386649041715,0.06811172790554249,0.22270684641818664,0.7091814256762708
"Newton MSA, IA, USA",0.13305497564370197,0.04500224114746779,0.19677274764679567,0.7582250112057365
"Centralia MSA, IL, USA",0.1487511442395704,0.10270439969502583,0.2917881329326812,0.605507467372293
"Newberry MSA, SC, USA",0.20624958710444635,0.13413589238282955,0.1565846971125012,0.7092794105046692
"Easton MSA, MD, USA",0.10214756015014471,0.06420109382670762,0.22212348538287796,0.7136754207904145
"Natchitoches MSA, LA, USA",0.29800217944061,0.11691358561063546,0.34061780423165483,0.5424686101577096
"Lock Haven MSA, PA, USA",0.17093023255813974,0.1025149101222002,0.22542436501647367,0.6720607248613262
"Owatonna MSA, MN, USA",0.11414392059553338,0.0555004955401387,0.17573655284259831,0.768762951617263
"Bennington MSA, VT, USA",0.11237570591378179,0.07006383924021412,0.2881008556461039,0.6418353051136819
"Union City MSA, TN-KY, USA",0.19594366956404577,0.120432892424383,0.2934973637961332,0.5860697437794838
"Berlin MSA, NH-VT, USA",0.13784349620580238,0.10703197826934496,0.29907708093000446,0.5938909408006506
"Fremont MSA, NE, USA",0.13245440262312994,0.11735393617993899,0.14985827923562187,0.732787784584439
"Murray MSA, KY, USA",0.1173979719015176,0.08037817772295253,0.24576264958433994,0.6738591726927076
"Mount Vernon MSA, IL, USA",0.14581051478641846,0.09450107546993372,0.2715795380155239,0.6339193865145424
"Laramie MSA, WY, USA",0.04551698301698292,0.09728867623604515,0.07477467452987661,0.8279366492340782
"Fort Dodge MSA, IA, USA",0.14751899865891993,0.08881795136606885,0.23509529621631658,0.6760867524176146
"Escanaba MSA, MI, USA",0.1560369544440906,0.08487743894271597,0.29722730722864693,0.6178952538286372
"Dyersburg MSA, TN, USA",0.1355481274302474,0.11469597589079936,0.2596614075518526,0.6256426165573481
"Sulphur Springs MSA, TX, USA",0.11770696930016045,0.27282094515479366,0.11076764554353392,0.6164114093016724
"Hutchinson MSA, MN, USA",0.11666894758450774,0.06783816918675935,0.16982245833900908,0.7623393724742316
"Sault Ste. Marie MSA, MI, USA",0.14532502039649084,0.08727206529731639,0.2828805147643282,0.6298474199383555
"Atmore MSA, AL, USA",0.3071129057307039,0.18201350521792492,0.18631062001227755,0.6316758747697975
"Junction City MSA, KS, USA",0.0876461389530118,0.14161236550992634,0.12471586604030944,0.7336717684497641
"Huntington MSA, IN, USA",0.13638799571275395,0.08573049893055144,0.1494172595922998,0.7648522414771488
"Mayfield MSA, KY, USA",0.16427465878711137,0.09855165166537211,0.29510668433316545,0.6063416640014625
"Coshocton MSA, OH, USA",0.2179513673624023,0.11903249228535108,0.2758667634779454,0.6051007442367036
"DeRidder MSA, LA, USA",0.13080105059352043,0.08838814908812148,0.2953941813566271,0.6162176695552514
"Vincennes MSA, IN, USA",0.14373635100258025,0.10039966621283333,0.191971540252097,0.7076287935350697
"Bay City MSA, TX, USA",0.26348092941692197,0.24287272361884557,0.1390691692531339,0.6180581071280206
"Lebanon MSA, MO, USA",0.15431154381084808,0.17759695965698707,0.18110504774897668,0.6412979925940363
"Newport MSA, TN, USA",0.23648790013250562,0.17936824528039333,0.2901340507444684,0.5304977039751382
"Big Spring MSA, TX, USA",0.14106558031791658,0.23135140482785965,0.125247328848437,0.6434012663237033
"Peru MSA, IN, USA",0.1632947976878615,0.12172458650808439,0.2229139565136593,0.6553614569782563
"Pontiac MSA, IL, USA",0.15258817822742715,0.06484072056152737,0.18858292838560994,0.7465763510528627
"Decatur MSA, IN, USA",0.22184216955778147,0.17110129443188807,0.14762687487158396,0.681271830696528
"Brenham MSA, TX, USA",0.1776211707176758,0.18377807930046763,0.09502990100005043,0.7211920196994819
"North Platte MSA, NE, USA",0.11136363636363629,0.11466207957991927,0.12118057127336927,0.7641573491467114
"Bonham MSA, TX, USA",0.18821170809943966,0.23851828761429741,0.12094763092269349,0.640534081463009
"Vidalia MSA, GA, USA",0.2017252295030075,0.22952877558903043,0.2120027037466203,0.5584685206643492
"Vernal MSA, UT, USA",0.10510376770285898,0.2038811102923113,0.1614836649471876,0.634635224760501
"Butte-Silver Bow MSA, MT, USA",0.13767633750332686,0.09267529119285502,0.2708438837990881,0.6364808250080569
"Jackson MSA, WY-ID, USA",0.0507647487254189,0.13505070820317505,0.04625786298087213,0.8186914288159528
"Brookhaven MSA, MS, USA",0.2064252065796589,0.2033257747543462,0.13846371882086148,0.6582105064247923
"Heber MSA, UT, USA",0.04877361150267838,0.09045380212591972,0.056878577269010626,0.8526676206050696
"Valley MSA, AL, USA",0.21047016688257417,0.15045654840321623,0.18911552264570922,0.6604279289510744
"Corinth MSA, MS, USA",0.23583089755471573,0.174739782814401,0.22894606407425797,0.5963141531113411
"Effingham MSA, IL, USA",0.11181225184344874,0.07269681742043545,0.18387173965063433,0.7434314429289303
"Coamo MSA, PR, USA",0.28172056676164303,0.061819968989260836,0.5988961459633075,0.3392838850474316
"Arkansas City-Winfield MSA, KS, USA",0.16440039947760593,0.1226460647030413,0.13684210526315743,0.7405118300338013
"Taos MSA, NM, USA",0.16503115264797524,0.13348612172141638,0.3784568372803686,0.48805704099821506
"Angola MSA, IN, USA",0.1343684077293052,0.09039161301894517,0.15526684950205852,0.7543415374789963
"Brookings MSA, SD, USA",0.09415854303634828,0.06750288095027097,0.05411754277103083,0.8783795762786982
"Lewisburg MSA, TN, USA",0.11959427582953291,0.10611570247933882,0.17685950413223134,0.7170247933884298
"Columbus MSA, NE, USA",0.13407485344957132,0.13464058876902896,0.09597741707833471,0.7693819941526363
"Dodge City MSA, KS, USA",0.14406706421225474,0.1940611438880484,0.07240723584767647,0.7335316202642752
"Laurinburg MSA, NC, USA",0.23792369412150027,0.18669887596134868,0.2746992703608754,0.5386018536777759
"Americus MSA, GA, USA",0.21263581488933606,0.18047756238097545,0.1599199179647444,0.6596025196542802
"Dixon MSA, IL, USA",0.1456174119040566,0.05527246256239619,0.20502287853577408,0.7397046589018296
"Taylorville MSA, IL, USA",0.159873221788162,0.06251605280731531,0.2206811527199875,0.7168027944726971
"Arcadia MSA, FL, USA",0.24379454411403276,0.26316888540850986,0.3135473766640565,0.4232837379274335
"Seneca Falls MSA, NY, USA",0.12776593398515043,0.09002791169753875,0.24349149961938626,0.6664805886830749
"Dickinson MSA, ND, USA",0.1210851177322257,0.10761722680619838,0.10117729925538332,0.7912054739384183
"Canton MSA, IL, USA",0.15216295976390917,0.07356862745098086,0.23806535947712446,0.6883660130718946
"Pella MSA, IA, USA",0.11932633486896757,0.04852737695196679,0.158727021150425,0.7927456018976081
"Washington MSA, IN, USA",0.2072971344978926,0.23545986177565134,0.15640616693248202,0.6081339712918665
"Frankfort MSA, IN, USA",0.17470772270706383,0.14109090909090918,0.1565714285714289,0.7023376623376618
"Madison MSA, IN, USA",0.1687323501725758,0.09756338167110601,0.19660649107230965,0.7058301272565843
"Malvern MSA, AR, USA",0.25204285079944816,0.10522372268512342,0.30179151491925554,0.592984762395621
"Troy MSA, AL, USA",0.2132429614181437,0.11459706476843304,0.15809825116442558,0.7273046840671414
"Brevard MSA, NC, USA",0.11422093105647295,0.2319581958195819,0.13751375137513772,0.6305280528052805
"Martin MSA, TN, USA",0.23378490880193764,0.1602536997885834,0.22100070472163416,0.6187455954897825
"Dayton MSA, TN, USA",0.1409532768893071,0.16852577630388987,0.24856798311727454,0.5829062405788357
"Susanville MSA, CA, USA",0.13916947250280604,0.08208626760563432,0.26423122065727667,0.653682511737089
"Jackson MSA, OH, USA",0.18380389936089356,0.09456181138178513,0.31092691802284533,0.5945112705953696
"Logan MSA, WV, USA",0.12850213073432856,0.10970882224342728,0.46262417294769237,0.42766700480888026
"Cambridge MSA, MD, USA",0.1520231654347326,0.06597390288183641,0.32895906808614345,0.6050670290320201
"Plainview MSA, TX, USA",0.18807588075880752,0.3356523659654348,0.11048534040086139,0.5538622936337038
"Jennings MSA, LA, USA",0.2409479341027222,0.11373685012959314,0.2868323423286073,0.5994308075417994
"Juneau MSA, AK, USA",0.067344595710286,0.10724461802822793,0.1670272803709804,0.7257281016007917
"Paris MSA, TN, USA",0.2051193745251411,0.17271893566508123,0.25926547261761934,0.5680155917172994
"Emporia MSA, KS, USA",0.1120696178584941,0.12707756232686926,0.11119905025722203,0.7617233874159087
"Coffeyville MSA, KS, USA",0.16548112248886107,0.16821839987375686,0.18941665351638348,0.6423649466098595
"Kingsville MSA, TX, USA",0.16662358921340556,0.22638992636858424,0.14923700778999033,0.6243730658414255
"Mount Pleasant MSA, TX, USA",0.1888492584944621,0.2556619967883053,0.12730494490281857,0.6170330583088761
"Hastings MSA, NE, USA",0.1175169799399776,0.08483167049031667,0.14490743210798732,0.7702608974016961
"Breckenridge MSA, CO, USA",0.05048989319445675,0.15927382476678267,0.10202121821840132,0.738704957014816
"Beeville MSA, TX, USA",0.2610333058726607,0.24271137026239048,0.13637026239067093,0.6209183673469385
"St. Marys MSA, PA, USA",0.15408548781391201,0.04276811739873351,0.23027439943712907,0.7269574831641376
"Cleveland MSA, MS, USA",0.2546368521407528,0.21194195864300472,0.3041104201425759,0.48394762121441925
"Wabash MSA, IN, USA",0.13016430052639966,0.10665014011640413,0.16754688510454857,0.7258029747790473
"Central City MSA, KY, USA",0.19247555865921784,0.06678401877633762,0.3475222702299037,0.5856937109937587
"Sheridan MSA, WY, USA",0.13220026147812108,0.18066461818595644,0.09883919426425342,0.7204961875497901
"Albert Lea MSA, MN, USA",0.14940828402366915,0.0832589285714286,0.21914062500000014,0.6976004464285713
"Iron Mountain MSA, MI-WI, USA",0.12383073496659239,0.07233173209651618,0.20446137706366294,0.7232068908398209
"Hailey MSA, ID, USA",0.07794711715020193,0.20245573957738464,0.09857224443175329,0.6989720159908621
"Miami MSA, OK, USA",0.21478512960436494,0.2505549547498448,0.18794467528032363,0.5615003699698315
"McPherson MSA, KS, USA",0.11371100164203636,0.08704791677895792,0.11356653910418772,0.7993855441168543
"Jesup MSA, GA, USA",0.1824886200157445,0.25145429858709745,0.20375132066645216,0.5447943807464504
"Bainbridge MSA, GA, USA",0.285588752196837,0.23833303608584527,0.19969086261221097,0.5619761013019439
"Kirksville MSA, MO, USA",0.18170115853054722,0.1223342175066319,0.12175066312997448,0.7559151193633936
"Fort Morgan MSA, CO, USA",0.09234977832279953,0.13864938371621988,0.22041548521497634,0.6409351310688037
"Ludington MSA, MI, USA",0.15797280593325116,0.08597648408373926,0.2559793518784057,0.6580441640378552
"Washington Court House MSA, OH, USA",0.1328567692441806,0.0918164804627682,0.2868485226563825,0.6213349968808494
"Hays MSA, KS, USA",0.09294898730985812,0.08569889577161316,0.07761917586856988,0.836681928359817
"Van Wert MSA, OH, USA",0.15164892235782976,0.05700354095315479,0.16950136413769085,0.7734950949091544
"Alpena MSA, MI, USA",0.1484182312030662,0.07954213700286317,0.3566510544629733,0.5638068085341635
"Mountain Home MSA, ID, USA",0.10495105421686757,0.23709522282782927,0.1985411991022768,0.5643635780698939
"Weatherford MSA, OK, USA",0.09740856460209578,0.14352668725187362,0.10625275694750809,0.7502205558006183
"Merrill MSA, WI, USA",0.1598506843633343,0.059402023399084285,0.18702311648674635,0.7535748601141692
"Mineral Wells MSA, TX, USA",0.11904073967061528,0.23895973365161133,0.13901626986619783,0.6220239964821909
"Hope MSA, AR, USA",0.22658894321173376,0.10939445387662688,0.3337294850028286,0.5568760611205446
"Watertown MSA, SD, USA",0.13516676418958415,0.09193279313632055,0.09419685414680663,0.8138703527168727
"Kennett MSA, MO, USA",0.15724903734216863,0.2514027811661377,0.2449377897048062,0.5036594291290561
"Silver City MSA, NM, USA",0.17085427135678372,0.07464353768315912,0.45653459491425286,0.468821867402588
"Lincoln MSA, IL, USA",0.14114332454785022,0.04473994904616928,0.19753930280246026,0.7577207481513705
"Elkins MSA, WV, USA",0.22086438152011914,0.12052730696798497,0.30728185812931524,0.5721908349026997
"Crescent City MSA, CA, USA",0.08760885531423776,0.060879294458338895,0.40851651967882063,0.5306041858628405
"Thomaston MSA, GA, USA",0.20117715167888864,0.15653346408433463,0.22389065947536135,0.619575876440304
"North Vernon MSA, IN, USA",0.14113732015268685,0.12532130005140854,0.20157651225224202,0.6731021876963493
"Eufaula MSA, AL-GA, USA",0.2909109029300387,0.1748523886205046,0.24973161567364457,0.5754159957058509
"Camden MSA, AR, USA",0.19661650437690545,0.09284285800860581,0.3397369856372337,0.5674201563541605
"Macomb MSA, IL, USA",0.17373521828043037,0.0841565035042214,0.19778157938303537,0.7180619171127431
"Las Vegas MSA, NM, USA",0.2736878875207414,0.07940826390069687,0.4421016833871798,0.47849005271212336
"Grants MSA, NM, USA",0.32051928409377334,0.16996923076923032,0.46972307692307746,0.36030769230769233
"Toccoa MSA, GA, USA",0.1789379296602571,0.24540297949261372,0.17590226266907633,0.5786947578383099
"Fredericksburg MSA, TX, USA",0.11709058456046392,0.2394487510766573,0.0727103072064312,0.6878409417169115
"Boone MSA, IA, USA",0.1190298507462691,0.0543615676359039,0.16428872433929442,0.7813497080248017
"The Dalles MSA, OR, USA",0.12083131947800842,0.11331642358909345,0.27019657577679124,0.6164870006341153
"Bennettsville MSA, SC, USA",0.34980173614832344,0.19123863199692545,0.3158063276546692,0.4929550403484054
"Greensburg MSA, IN, USA",0.14406446540880538,0.0684514566122116,0.1549785700975205,0.776569973290268
"La Grande MSA, OR, USA",0.14350797266514811,0.0960281870595772,0.2639333760409997,0.6400384368994231
"Campbellsville MSA, KY, USA",0.13427326273247459,0.043456250579896126,0.3093446789500179,0.647199070470086
"Lexington MSA, NE, USA",0.14134756225151757,0.12491091674765091,0.11422092646582406,0.7608681567865251
"Ottawa MSA, KS, USA",0.17887801956478272,0.10231552948440856,0.12349490583513426,0.7741895646804572
"Indianola MSA, MS, USA",0.2835377183203273,0.16962166689934363,0.2988971101493787,0.5314812229512776
"New Ulm MSA, MN, USA",0.13552399517311808,0.05531439094975014,0.14298868718758304,0.8016969218626668
"Spearfish MSA, SD, USA",0.11162120802952558,0.15353744578937156,0.0900381901741213,0.756424364036507
"Coco MSA, PR, USA",0.2893902348212201,0.12418020793305563,0.5627667441427293,0.313053047924215
"Bastrop MSA, LA, USA",0.3273809523809524,0.12583949528525926,0.37758632385862545,0.49657418085611527
"Fallon MSA, NV, USA",0.11135035373731142,0.12684317718940916,0.18647657841140516,0.6866802443991856
"Great Bend MSA, KS, USA",0.15433132945698208,0.1780399868895431,0.1297279580465428,0.692232055063914
"Deming MSA, NM, USA",0.26008621642533375,0.14359749514143794,0.4607356222558121,0.3956668826027499
"Wauchula MSA, FL, USA",0.2649402390438245,0.1999564365062081,0.2956509112030792,0.5043926522907127
"Marshall MSA, MN, USA",0.0928012996243271,0.07623169107856208,0.1990679094540616,0.7247003994673763
"Summerville MSA, GA, USA",0.22984002611818474,0.1753613666228646,0.3076872536136667,0.5169513797634687
"Mexico MSA, MO, USA",0.18401240035429656,0.16417698107838954,0.1876511594821435,0.6481718594394669
"Steamboat Springs MSA, CO, USA",0.06687140875767793,0.09620902264819017,0.1329589158171052,0.7708320615347046
"Altus MSA, OK, USA",0.11984282907662058,0.21204460966542746,0.1352416356877324,0.6527137546468402
"Prineville MSA, OR, USA",0.12129434227715807,0.09810646659521252,0.26780993211861365,0.6340836012861738
"Moberly MSA, MO, USA",0.15413279132791335,0.13995016611295738,0.1751107419712066,0.684939091915836
"Uvalde MSA, TX, USA",0.2263334935127342,0.2554371002132197,0.14406538734896965,0.6004975124378107
"Middlesborough MSA, KY, USA",0.27396393546346104,0.0760904374559662,0.5476205725997569,0.3762889899442768
"Hood River MSA, OR, USA",0.10056989607777406,0.13399286627633103,0.220607039504677,0.6454000942189919
"Brookings MSA, OR, USA",0.14024842417500932,0.11304210443162979,0.32909392527055886,0.5578639702978113
"Mitchell MSA, SD, USA",0.13474585116376112,0.10175359373823993,0.12531045382704992,0.7729359524347101
"Connersville MSA, IN, USA",0.1665805518239121,0.11187150837988842,0.28547486033519476,0.6026536312849168
"Marshall MSA, MO, USA",0.16519400691509825,0.0854199456288455,0.1837172699957082,0.7308627843754463
"Yankton MSA, SD, USA",0.11898105001553311,0.0995358432181532,0.09069476165917657,0.8097693951226703
"Forrest City MSA, AR, USA",0.2717898355020873,0.1254317111459973,0.3830455259026682,0.4915227629513346
"Wahpeton MSA, ND-MN, USA",0.14174154899443744,0.06714509023731682,0.1616455876083562,0.771209322154327
"Magnolia MSA, AR, USA",0.24253347064881553,0.09717953971180787,0.2835484531858226,0.6192720071023695
"Elk City MSA, OK, USA",0.13810547616036445,0.23091889979658672,0.10427169010347569,0.6648094100999377
"Worthington MSA, MN, USA",0.11175387851696107,0.14358322744599744,0.200444726810673,0.6559720457433296
"Pierre MSA, SD, USA",0.10990662230331626,0.09435299677089051,0.08663463810348901,0.8190123651256206
"Oskaloosa MSA, IA, USA",0.1321910813570862,0.0751458222861903,0.19354594348912948,0.7313082342246802
"Liberal MSA, KS, USA",0.12760380742171307,0.2156892964475608,0.08014178931956513,0.704168914232874
"Beatrice MSA, NE, USA",0.13680494263018547,0.09358165307064788,0.199630598737879,0.706787748191473
"Grenada MSA, MS, USA",0.21485761065519082,0.18481685922297011,0.21442741145217883,0.6007557293248511
"Jamestown MSA, ND, USA",0.1797331569081485,0.11442628154261288,0.1408506586256163,0.7447230598317708
"Levelland MSA, TX, USA",0.18475110270951545,0.2629749943340625,0.12427287149656217,0.6127521341693754
"Sterling MSA, CO, USA",0.10961150353178574,0.11562043795620455,0.25985401459854024,0.6245255474452552
"Arkadelphia MSA, AR, USA",0.20196127110228396,0.12502714833852194,0.23325852457829582,0.6417143270831822
"Clarksdale MSA, MS, USA",0.28876039031441963,0.19792785878741367,0.3276285495011511,0.4744435917114352
"Guymon MSA, OK, USA",0.10711175616835956,0.25082381791708225,0.08291823128209075,0.666257950800827
"Dumas MSA, TX, USA",0.1314376904105614,0.2535098915124439,0.05344607530312701,0.6930440331844291
"Maryville MSA, MO, USA",0.129935391241924,0.11052371889758272,0.09931627546345259,0.7901600056389647
"Pampa MSA, TX, USA",0.1763735566552465,0.29103589045756123,0.11073311787719024,0.5982309916652486
"Storm Lake MSA, IA, USA",0.12323474553690368,0.09039682539682571,0.16984126984126977,0.7397619047619045
"Carroll MSA, IA, USA",0.14986873644561105,0.04905814905814914,0.2032760032760035,0.7476658476658474
"Borger MSA, TX, USA",0.13210289202150813,0.25763135946622134,0.10650542118432049,0.6358632193494582
"Othello MSA, WA, USA",0.13494641117245884,0.28889297535858793,0.17791467451268783,0.5331923501287242
"Vineyard Haven MSA, MA, USA",0.0696568039554681,0.08177402450719147,0.28288915137207227,0.6353368241207362
"Woodward MSA, OK, USA",0.1532947686116709,0.2107084162269693,0.1218752703053367,0.6674163134676939
"Evanston MSA, WY, USA",0.0729641693811074,0.1555203468979321,0.10698799199466318,0.7374916611074048
"Price MSA, UT, USA",0.12986343725843857,0.11250107842291432,0.18384953843499277,0.7036493831420929
"Ruidoso MSA, NM, USA",0.13733807176430132,0.20546810273405133,0.32283899475282946,0.47169290251311913
"Santa Isabel MSA, PR, USA",0.22873337653426318,0.10027105931606566,0.5534509466752966,0.3462779940086378
"Parsons MSA, KS, USA",0.15845742649866437,0.14029950640006714,0.2037982096544805,0.6559022839454524
"Raymondville MSA, TX, USA",0.2472077438570364,0.41229640999403105,0.20584974844376222,0.38185384156220675
"Cordele MSA, GA, USA",0.2995686838321789,0.2691065662002154,0.1921834892771382,0.5387099445226464
"Port Lavaca MSA, TX, USA",0.176174496644295,0.1570958295766024,0.12551216405783774,0.7173920063655599
"Fairmont MSA, MN, USA",0.13296715871381143,0.0776682083951478,0.23684440178025964,0.6854873898245926
"Los Alamos MSA, NM, USA",0.03848549009839331,0.036654746423927166,0.10988296488946687,0.8534622886866059
"Portales MSA, NM, USA",0.1667875271936188,0.20705782312925095,0.3387755102040827,0.45416666666666633
"Huron MSA, SD, USA",0.17132729421032022,0.05709978328465075,0.12070102704230712,0.8221991896730422
"West Point MSA, MS, USA",0.20162905594872485,0.1537351136773728,0.219776254059907,0.6264886322627202
"Andrews MSA, TX, USA",0.07296822608973336,0.28059808398245145,0.07431283015489293,0.6450890858626557
"Hereford MSA, TX, USA",0.21223614775725583,0.336107303700802,0.09114940278049766,0.5727432935187003
"Adjuntas MSA, PR, USA",0.3072536089823558,0.07191163045994477,0.7137960745167414,0.2142922950233136
"Brownsville MSA, TN, USA",0.29671255970778254,0.15873725630477564,0.28134501878018253,0.5599177249150419
"Spirit Lake MSA, IA, USA",0.10066699604743064,0.0715974000393933,0.151171951940122,0.7772306480204847
"Winnemucca MSA, NV, USA",0.12022339800117544,0.1464961739830854,0.10904148207813164,0.744462343938783
"Fitzgerald MSA, GA, USA",0.2892501464557709,0.2877078384798104,0.1843824228028507,0.5279097387173389
"Maysville MSA, KY, USA",0.17690790471855541,0.07887134052388296,0.34399075500770454,0.5771379044684124
"Snyder MSA, TX, USA",0.18416206261510182,0.24464186563020573,0.13059411438089963,0.6247640199888946
"Helena-West Helena MSA, AR, USA",0.28186856690419676,0.10656167979002644,0.41511811023622075,0.4783202099737528
"Spencer MSA, IA, USA",0.10606697491943373,0.08187008510179944,0.21340084024561032,0.7047290746525903
"Atchison MSA, KS, USA",0.168198842356146,0.1076907849153715,0.15886370385034113,0.7334455112342874
"Fairfield MSA, IA, USA",0.11916866028708159,0.0833333333333332,0.24474569146700256,0.6719209751996641
"Vermillion MSA, SD, USA",0.07459601653513638,0.08863315162527743,0.10367454068241469,0.8076923076923078
"Jayuya MSA, PR, USA",0.3868904876099121,0.06854709952102185,0.693347525279404,0.23810537519957423
"Pecos MSA, TX, USA",0.3093366093366084,0.2757182576459683,0.09464782205746047,0.6296339202965713
"Sweetwater MSA, TX, USA",0.21809661139149292,0.2561311161622199,0.15241057542768263,0.5914583084100974
"Zapata MSA, TX, USA",0.39521640091116234,0.4220466113045812,0.19099919635681767,0.3869541923386012
"Ketchikan MSA, AK, USA",0.09978022608260124,0.12012593292130347,0.19428715562791846,0.6855869114507781
"Craig MSA, CO, USA",0.11228275727396964,0.15848683397206076,0.25466683149956737,0.5868463345283719
"Vernon MSA, TX, USA",0.20322721325774085,0.19209773849753048,0.23693787366779298,0.5709643878346766
"Lamesa MSA, TX, USA",0.17513051732320847,0.24510796221322573,0.19534412955465646,0.5595479082321178
