longname,Mean high temp,Mean high heat index,Mean high dewpt,High temperature Above 90°F %,High temperature Between 40 and 90°F %,High temperature Below 40°F %,Humid days (dewpt > 70°F) %,Non-humid days (50°F < dewpt < 70°F) %,Dry days (dewpt < 50°F) %,Mean sunny hours,Rainfall,Snowfall [rain-equivalent],High windspeed (>10mph) days %,Mean high temperature in summer,Mean high temperature in winter,Mean high temperature in fall,Mean high temperature in spring
"Creek OTSA, USA",72.05061475053387,73.50326093714068,54.339716930024515,0.17293757339645294,0.7786061211164046,0.04845630548714125,0.21796143860768566,0.4041456178854318,0.3778929435068851,6.193053769693549,1.0171018259468534,0.028655825762793904,0.2143656101082923,90.73555997458418,53.82194561039202,65.39398116999777,77.28347807196891
"Cherokee OTSA, USA",71.24800214519651,72.65768498051898,54.25408323665339,0.15680011942966893,0.7893867564728739,0.05381312409745865,0.21932096770546558,0.4017923730452418,0.37888665924929565,6.068835659352669,1.0657868543251119,0.02942943122131747,0.18199636842467481,90.04320395269488,52.89879273380388,64.5737602729095,76.5034107116673
"Lumbee SDTSA, USA",73.01218079637307,74.86483730446336,57.304879782111236,0.11121211814291392,0.8719690943433487,0.016818787513736486,0.2598471573592155,0.4449013337077987,0.2952515089329857,5.392154076477076,1.1816226283908908,0.011152179447614756,0.1386859122900074,87.56966909275079,57.67736433811569,67.56454572327752,78.45226278220532
"Chickasaw OTSA, USA",73.78233204025783,75.12134263500701,54.82827421199884,0.1969709719020491,0.7697757035465452,0.03325332455140591,0.19421172591672198,0.44717459334579124,0.3586136807374874,6.5896694186039335,0.8727814244115556,0.018373100388131933,0.2542822500189394,91.71161935665862,56.570883191892726,67.229996877973,78.68785108547496
"Choctaw OTSA, USA",73.52445953237631,75.51476007080717,56.7595647114776,0.1797647146149815,0.7907347378629903,0.029500547522029963,0.2592608013443871,0.42219735720590645,0.3185418414497079,6.059590050927777,1.0946608885330344,0.016016426239179368,0.1279341571848744,91.14523607711119,56.53267223963127,67.36739927076209,78.14711652063127
"Kiowa-Comanche-Apache-Fort Sill Apache OTSA, USA",74.70910914019291,75.48518865469167,52.92177761869842,0.23036534438074258,0.7369109052045217,0.032723750414739204,0.125041938992222,0.47789646860274476,0.3970615924050335,7.0093207002125455,0.7221933889691962,0.01954187425551279,0.3818970687908283,92.80174492001855,57.27131750892488,67.74497439336687,80.06768451474761
"Cheyenne and Arapaho OTSA, USA",72.7442363273759,73.20211144169966,51.57019010648068,0.20000995060760346,0.7511126750361848,0.04887737435621441,0.10698232943861188,0.465623613705401,0.42739405685598947,6.867012556917041,0.6985419353540733,0.03074954752305781,0.4320692262765283,91.60286796371732,54.53714125618939,65.61668195145194,78.2324854810004
"United Houma Nation SDTSA, USA",77.96510657909964,82.67786615019769,65.85883790595994,0.10729297347223377,0.8916093134934868,0.0010977130342807063,0.4659945410204673,0.4114002005232671,0.12260525845626563,5.481093426434326,1.4150097185578763,0.00026471840648885906,0.16954551843867166,88.37783816854537,66.44707980202497,74.46068381582509,82.01536190687683
"Citizen Potawatomi Nation-Absentee Shawnee OTSA, USA",72.76197415525537,73.85101173597874,53.7547502997434,0.18616879353958035,0.7703421825487095,0.043489023911709876,0.17697227997879103,0.4386434228520647,0.38438429716914413,6.548336880417483,0.8415509887513682,0.026022617559112306,0.2788830686728489,91.24780274236322,54.92921492971141,66.02302243345726,77.88810035743607
"Cher-O-Creek SDTSA, USA",77.40646318205995,80.58804676554293,61.791540212147154,0.16193155040577212,0.8361004976229272,0.0019679519713002237,0.3432359545844191,0.46739120542794926,0.1893728399876313,5.558463142242049,1.173085890020434,0.0011769946000720064,0.0858695273994858,89.66869822216916,64.31439527223624,73.00181748853119,81.98452771983811
"Knik ANVSA, USA",40.98310523167876,37.99342416348719,30.71695976810412,3.110488038168303e-06,0.5269486819802383,0.4730482075317242,0.0,0.15432754750079195,0.8456724524992076,3.3459649659321373,0.6282450522345496,0.3375179013279328,0.001366472154880592,61.28258660820995,21.498905122121823,30.43577735589139,49.55992350807309
"Coharie SDTSA, USA",72.30469396175464,74.04898000122293,57.04581535808804,0.0974951470075991,0.8825781789320699,0.01992667406033058,0.25446566730094367,0.4438829174101512,0.30165141528890616,5.351758724905024,1.190097878811621,0.013291907020114364,0.11292793767273153,87.03138661775115,56.786989204861705,66.86914547166724,77.7389623473952
"Sac and Fox OTSA, USA",72.69446653608928,73.95018837749697,54.012685493165606,0.18596340544462744,0.769488689179856,0.04454790537551859,0.19490003649334722,0.42427639236583975,0.3808235711408125,6.451550857822966,0.8784120729540844,0.026205683968972004,0.24339885932745406,91.32858919312035,54.70874392823829,65.95739057144817,77.8181488944747
"Echota Cherokee SDTSA, USA",71.19765535025847,72.64708599942888,56.43567065884444,0.08400261783854462,0.886925379666012,0.0290720024954444,0.23123177292127,0.4561726137471185,0.3125956133316113,5.204669905326422,1.3439569734413506,0.010723124565506163,0.07649485166962762,86.92420169714522,54.92553765729902,65.3882385756603,76.71529920714056
"Samish TDSA, USA",53.39067673510599,52.16876599802715,47.03474567349388,7.423489178927174e-06,0.9737387488945541,0.026253827616266857,1.8703865860029421e-06,0.3847147099065616,0.6152834197068531,4.699766012451812,1.197201741178168,0.026995435744797514,0.29842191337373764,62.263258794204006,45.91781342559872,50.92766768000578,54.03841618074856
"Kenaitze ANVSA, USA",43.91409154888916,41.40885276206169,35.22566421508924,0.0,0.5706651244544146,0.42933487554558547,0.0,0.19500719038950312,0.8049928096104979,3.7500628523227464,0.6437230712912642,0.27423721620928543,0.19858753446216906,60.735499725796856,28.256440821414426,37.177004920220874,48.60494585712256
"Four Winds Cherokee SDTSA, USA",77.88557031161211,81.74052612040543,62.96899394387522,0.21676079294915448,0.7783297794020377,0.0049094276488086805,0.3824670287903099,0.43823141947387645,0.17930155173581364,5.405122356697759,1.2897499761015059,0.0023240177942097486,0.07000398357350629,91.29030457259087,63.92660589044021,73.12234344623398,82.4887125849517
"Natchitoches SDTSA, USA",77.55103235420727,81.02496144024524,61.766290020594724,0.23304259135708144,0.7603225357947243,0.006634872848193821,0.35133183621785674,0.4456494649151651,0.203018698866978,5.622031891307274,1.2244836431265478,0.002356563173197482,0.06798920520811026,92.0818094841713,62.74917264397476,72.38117956861728,82.22514206020253
"Kickapoo OTSA, USA",72.76320902618774,73.93624748860988,53.861603889327974,0.18790384276901526,0.7679131823917411,0.04418297483924498,0.1856448125006143,0.43114843346148224,0.38320675403790283,6.510524727970924,0.8553037280092772,0.0265247355587766,0.25949028512714817,91.35554326461468,54.82918849613672,66.00232744424268,77.90427805126299
"Kaw/Ponca joint-use OTSA, USA",70.90799805815745,71.83381697297321,52.41119223179942,0.169159952746416,0.7663414736316067,0.06449857362197735,0.17470774255251403,0.4042161300225603,0.42107612742492506,6.4728073341892856,0.8628893834487618,0.031316864665044956,0.2955656482401322,90.26397914989452,51.91301966715531,63.91677420506256,76.52901989484707
"Chickaloon ANVSA, USA",37.93731560154529,34.65502971060567,27.95657970599989,0.0,0.47696299618170585,0.5230370038182942,0.0,0.08546201827376333,0.9145379817262369,3.0884712456185133,0.5618821195616791,0.4978110436169742,5.031572147540353e-05,58.01883613750344,19.33661754960966,27.757425225582736,45.5145221602919
"MaChis Lower Creek SDTSA, USA",76.92570358602134,80.11892007077968,61.833446719419,0.15089004783620183,0.8463831457449743,0.0027268064188244105,0.3460912891697131,0.46292729757535644,0.19098141325493032,5.4641875568763885,1.2065579963361555,0.0018818869160374836,0.06494731707346733,89.3382703624854,63.60508728707321,72.40584528073907,81.68372956884397
"Seminole OTSA, USA",73.04325219718322,74.45180296055933,54.66754776629091,0.18154860501673611,0.7803271116440755,0.03812428333918888,0.21065827800523698,0.4233688182698034,0.3659729037249596,6.402234031766456,0.9134603701962222,0.022411271952936844,0.23795837641152098,91.20388267930487,55.584071575214544,66.54280162389571,77.90480033169499
"Ninilchik ANVSA, USA",42.45050793028934,39.98113932682036,35.20436872864852,0.0,0.5463491573808282,0.4536508426191717,0.0,0.13624910851433283,0.8637508914856679,3.4303045667796694,0.9086752922800597,0.4111978525925854,0.2245705396092522,57.920040670552446,28.62736844100311,36.91817882011611,45.5569401180975
"Pawnee OTSA, USA",71.63462967357813,72.84082343913144,53.52401443527896,0.17413731106311173,0.770006954214415,0.055855734722473835,0.19645828811096935,0.40730456233418477,0.39623714955484685,6.347180990995593,0.9196328659919832,0.02954054168585997,0.22804791776640543,90.68853447128946,53.025078757487385,64.81278914980595,77.0233971467742
"Caddo-Wichita-Delaware OTSA, USA",72.72580815673685,73.21408637389898,51.88918960668531,0.19812914845660376,0.7543767635683402,0.047494087975055665,0.10720591314622921,0.4729535701355409,0.41984051671823,6.864802241712593,0.7003031557711805,0.029414632240411537,0.3872220410716761,91.51410636338574,54.623706969449174,65.55616569871628,78.22558269428195
"Bayou Lafourche SDTSA, USA",76.22027110275589,80.52885100971571,66.571666540711,0.03918100872834238,0.9598338287505772,0.0009851625210800486,0.4765607679816706,0.42012090678662883,0.10331832523170077,5.742963876307343,1.4230917836769148,8.857001243833125e-05,0.31973136186753975,86.57408879653683,65.06419325426224,73.10562857359395,79.60404894010856
"Cherokee Tribe of Northeast Alabama SDTSA, USA",71.48550771111664,73.02389015761165,56.93889603483226,0.07810237493871137,0.8977963605126998,0.02410126454858876,0.24248174326180016,0.4570889148285946,0.30042934190960574,5.166640739495758,1.349502538309108,0.009704795145758291,0.06423211247125717,86.64568856329268,55.77463057395967,65.82176877045427,76.88695822955141
"Ketchikan ANVSA, USA",48.136958167337816,46.462164674761,42.36325261478259,0.0,0.8106425371271095,0.18935746287289043,0.0,0.2575284774514973,0.7424715225485029,2.659889679690522,2.911995526483214,0.3637665818493273,0.3609704257891735,59.13819719078574,38.387175621256894,45.07070580779298,49.42622229317707
"Nanticoke Indian Tribe SDTSA, USA",63.72466158947843,63.95280633212879,52.84355948551968,0.015386794267437354,0.9139726977368552,0.07064050799570712,0.17511974058186316,0.41609810128841096,0.4087821581297255,5.320261959758612,1.1221049497224136,0.03883157058682521,0.42833228118999545,80.92945722676762,46.22579294938869,60.383659733872754,66.54680197296082
"Kiowa-Comanche-Apache-Ft Sill Apache/Caddo-Wichita-Delaware joint-use OTSA, USA",73.31314210929568,73.97769441708584,52.57871750989492,0.20572089915562833,0.7527622789988926,0.041516821845479064,0.12066999121575506,0.4739302315680204,0.4053997772162246,6.865072331229244,0.7235215575437832,0.02474342208960047,0.34580433834263247,91.85989068098607,55.458442761022326,66.21667750810974,78.74322481361041
"Grand Caillou/Dulac SDTSA, USA",77.76204523208187,82.42696163631007,66.1997306507543,0.09209909778536975,0.9069215186915282,0.0009793835231018113,0.4719946174522239,0.4148341418072614,0.11317124074051478,5.5490619138201565,1.3992897840983267,0.0001766530087745729,0.23624579124259812,88.08796817099386,66.29842288938337,74.45133408963174,81.65938309520715
"Occaneechi-Saponi SDTSA, USA",70.142766123965,71.09379756562947,54.392522257128626,0.0869524170376355,0.8787293355792221,0.034318247383141966,0.1975900403466656,0.447727364075191,0.35468259557814374,5.318156295187326,1.0884116701109054,0.027649236608041788,0.06451472295534706,86.21705376065177,53.63721249187337,64.17065677184061,75.68799543735634
"Haliwa-Saponi SDTSA, USA",70.65766278219331,72.10108628549577,55.74853638591695,0.07993699578928867,0.8911554889670965,0.02890751524361478,0.2366630206262698,0.42954637173281146,0.3337906076409188,5.279169938756581,1.1601648240915425,0.01916506405464109,0.09274877558617292,86.14208459085386,54.51280018798314,65.23404252229342,75.92271274502835
"Meherrin SDTSA, USA",70.88904775288766,72.5671628065834,56.513200232019656,0.07520417266321815,0.8994113564135234,0.025384470923257935,0.2562553598660594,0.42248306036072364,0.32126157977321707,5.236204609379416,1.2014954094288912,0.015400162018876052,0.09711485164665824,85.98044524473825,55.04130074738864,65.9522972753941,75.7925519793113
"Iowa OTSA, USA",72.5356500161206,73.66058426762507,53.52371940848824,0.19046948491984947,0.7609097153485681,0.04862079973158209,0.18066806592285306,0.42744616007143493,0.39188577400571145,6.518087301281345,0.8381985951313851,0.029311793244121667,0.2515183444867163,91.42263682901714,54.24590937259553,65.6447131070722,77.84994001229542
"Georgia Tribe of Eastern Cherokee SDTSA, USA",68.6584888027642,69.12433117482131,54.116422994198395,0.024758180129483373,0.9446613402438255,0.030580479626691102,0.15993634597151646,0.48725538908261207,0.35280826494587153,5.101925032978521,1.3902209461139798,0.014200026842624077,0.0626431407193442,83.40232244396066,53.51832705056693,63.13498807915275,73.7889932619001
"Bethel ANVSA, USA",38.936236960162994,35.91870092824976,30.14242977524094,0.0,0.5020656342647074,0.4979343657352925,0.0,0.13376603073239524,0.8662339692676048,2.7619633288171745,0.4425312714941386,0.2008209530532814,0.4551736327622956,60.20593846355498,17.838656804990894,30.111826607542426,46.437583369287594
"Wassamasaw SDTSA, USA",75.15370718451845,78.33582272371423,61.51496890029352,0.10141251393879903,0.8943684069586573,0.004219079102543813,0.3460421595670414,0.4440085583009476,0.2099492821320109,5.375648778330492,1.2552172965023307,0.0020056733017515837,0.08436691440166288,87.71423735471564,62.0589182542985,70.6130713435571,79.56035135440226
"United Cherokee Ani-Yun-Wiya Nation SDTSA, USA",71.25357958895242,72.78009473229557,56.997908084150154,0.07315318910859737,0.9026781332306529,0.024168677660749767,0.24368334894499086,0.45570971560411133,0.3006069354508979,5.165784704330762,1.3497270734066962,0.009902357499569074,0.06131416260293661,86.41044705112098,55.55125673824457,65.62903667688106,76.61109813818496
"Kaw OTSA, USA",70.51840085917051,71.35980119646528,52.117623854371274,0.16231654037914717,0.7698403703681669,0.0678430892526856,0.16955456328440338,0.40385733836653487,0.42658809834906186,6.436076326078095,0.8724957923215544,0.03267169185787867,0.30598650114077525,89.95014724234572,51.44156392935648,63.51427360750434,76.15583112195554
"Douglas ANVSA, USA",41.84735372416655,39.40368409917429,35.15817814043281,0.0,0.5297580498914524,0.47024195010854775,0.0,0.14162621558604913,0.8583737844139512,2.3819070027436826,1.5928510999559184,1.2883502003221685,0.01726103623765974,56.793220908866424,28.110993696793965,36.03237023826285,45.67936029843043
"Southeastern Mvskoke Nation SDTSA, USA",76.33046082452415,79.18753393514547,60.97175634429009,0.15033567624996957,0.8454854551360047,0.004178868614026117,0.32252352301293963,0.4715430657959595,0.205933411191101,5.418824771946225,1.1646860475369227,0.0021498224610819283,0.057361617823246794,89.2308423780114,62.62308533800311,71.48714290360871,81.28464864233304
"Ottawa OTSA, USA",69.88778359343856,71.04045466477037,53.348367533178745,0.13531341471527508,0.7975105692020747,0.0671760160826506,0.20470017808632232,0.40095837118966754,0.3943414507240099,5.881741768068582,1.0790441124068562,0.03726750366451265,0.16697491847275484,88.93315272637129,51.157368957438166,63.08044393186183,75.38671667384287
"Nanticoke Lenni Lenape SDTSA, USA",63.509922508464484,63.55725254757079,51.07990110369479,0.022678156105580622,0.8851864042463033,0.09213543964811571,0.15373288566857168,0.4014363256356273,0.4448307886958011,5.20506588155451,1.0611369431755677,0.05553245165640993,0.2682780868911244,81.711106742992,44.76982632980088,59.11113670063727,67.55374573501255
"Peoria OTSA, USA",69.82990958621114,70.96498741147873,53.28923228458111,0.13444538887057142,0.7977281819966012,0.06782642913282745,0.20340669960279795,0.4012253842293871,0.3953679161678145,5.874826217509868,1.0802651202105344,0.0376174601577927,0.16626986347629089,88.88392089738632,51.081735400764146,63.01756093995445,75.34273083248377
"Apache Choctaw SDTSA, USA",76.07072728034805,79.67696229336056,62.51671524109429,0.17581125461624791,0.8183598329147612,0.005828912468990785,0.36642598982122526,0.4427891002185949,0.19078490996018008,5.673686719812601,1.2220393559006593,0.002369025695614612,0.08433852333258393,90.45170669774826,61.47006957463972,71.0195733971613,80.58613792841632
"Barrow ANVSA, USA",18.82843996230633,14.263445016327088,14.207154483821009,0.0,0.16377891327613875,0.8362210867238613,0.0,0.010122904470736424,0.9898770955292641,1.1409186189618954,0.10184562342262646,0.1619746425155198,0.6537346340906907,42.3033438448111,-4.989322062115748,14.922238139165326,21.989185834529213
"Quapaw OTSA, USA",69.73122728199446,70.83577249098214,53.18089558091705,0.13312030144287704,0.7978258530150285,0.06905384554209486,0.2011394084331381,0.40148676815027784,0.3973738234165838,5.862325826305509,1.0820695981987893,0.0381750056610905,0.16480599752458477,88.80450670859427,50.9455189824529,62.90670093966029,75.27370812669703
"Pointe-au-Chien SDTSA, USA",77.76643235493736,82.49651988071771,66.27216655659977,0.09279462833375249,0.906191325743465,0.0010140459227827553,0.4746694822482347,0.4125233280943638,0.11280718965740126,5.525855693814703,1.414533983278423,0.00017515841529046157,0.21980203204705692,88.13285760295406,66.31010122965452,74.38910668056134,81.68053448982674
"Sitka ANVSA, USA",46.48563937134598,44.67645698334138,40.939451021998536,0.0,0.719105169920461,0.2808948300795389,0.0,0.22340487940233608,0.7765951205976639,2.172071252927447,2.2058523802632792,0.23867173405844358,0.28569702307907235,57.8168449116673,36.43306391395073,43.35535403417738,47.80023581464651
"Unalaska ANVSA, USA",41.44592317253509,39.29079735638564,37.239877768785234,0.0,0.5332526256716758,0.4667473743283241,0.0,0.05082140244934103,0.9491785975506589,1.470427622838454,0.9743277927514115,0.36059354113845943,0.6460022482521329,50.881317467497176,33.98512422452408,40.896509932577565,39.654945155330815
"Edisto Natchez Kusso SDTSA, USA",75.65724045935156,78.75741198717891,61.04871659670146,0.12112205782361,0.8748378585986248,0.0040400835777652435,0.33676489866901355,0.4452530654244814,0.2179820359065053,5.362635797620836,1.2260603306305462,0.0019575999702049194,0.07553581830416356,88.28979922903915,62.479974342071955,70.9972204522844,80.18676810431617
"Seneca-Cayuga OTSA, USA",69.83888233306298,71.03414389740756,53.72565260769997,0.129421209532992,0.805878689212155,0.06470010125485279,0.2094482745339687,0.4051937496021832,0.3853579758638478,5.863709074627322,1.0766804985924088,0.03680214658709424,0.1449922759172525,88.72485321105384,51.38549445614205,63.170669587282504,75.09310736194973
"Miami/Peoria joint-use OTSA, USA",69.90554181500652,71.05163436262157,53.29012810384471,0.1360963042824552,0.796578101512704,0.06732559420484059,0.20394783522015666,0.4003082074701463,0.39574395730969697,5.888714644930846,1.0823207937305264,0.03730000370614651,0.17281296599555165,88.96642351701638,51.14027101015675,63.078792605639734,75.44239730732984
"Tonkawa OTSA, USA",71.60527773968148,72.42786139445458,51.940220631916844,0.18938212020302844,0.7484555660666595,0.06216231373031175,0.15828110448013744,0.4136256218312681,0.4280932736885946,6.544270201416175,0.8239602523901752,0.03211744355504543,0.3267283906791544,91.17115670075171,52.47023534223819,64.52532386811303,77.23395174237429
"Nome ANVSA, USA",31.58282831518537,28.110986514181285,25.33471591750399,0.0,0.38731972343988597,0.6126802765601141,6.271196564139888e-07,0.06504656379388499,0.9349528090864582,3.5057726052295974,0.3765776694614082,0.30599293744689177,0.45937649997829094,53.28352465991589,10.603270453297844,26.088027130680487,35.30913173322907
"Chickahominy TDSA, USA",69.17229607565228,70.42498214233994,54.70321433034376,0.0826328635801943,0.8724026318413999,0.04496450457840553,0.22359823710606036,0.4148692710623139,0.3615324918316255,5.228022396315706,1.0976417290189153,0.034436717705144615,0.07784817156233034,85.76061635848477,51.90565200676252,63.642907972512305,74.510385181195
"Mechoopda TDSA, USA",76.96242889799566,75.2193713722862,46.9606889784101,0.28853893791220775,0.711340290877641,0.000120771210151165,0.0007276847315194891,0.38523154080640676,0.6140407744620735,7.723457832322479,0.8986988230495858,0.01078007993801805,0.06381603259799032,95.89956317760293,60.7001478102349,70.72641576923887,79.5992517525879
"Kotzebue ANVSA, USA",26.130367853573105,22.289497524649047,21.267410292385577,0.0,0.282209747846882,0.7177902521531182,0.0,0.03260669498544673,0.967393305014553,3.763538612219865,0.24106425161357733,0.1881209611462544,0.5712287567492256,47.893868041400104,5.183757364013072,21.466410169808324,28.958996784045283
"Pee Dee SDTSA, USA",73.59585027875555,75.52195398840277,57.43472027840711,0.12432318481637138,0.8617605180107935,0.013916297172834406,0.2609801932241361,0.4457777829867753,0.2932420237890886,5.437633806589626,1.1523352309982147,0.009005364803820342,0.10762189509238049,88.09700849086676,58.32902072088873,68.0282476649406,79.14415873590292
"Cayuga Nation TDSA, USA",57.0555176650887,56.013530544588214,45.66551140257279,0.009685551464300474,0.7469897538070299,0.2433246947286697,0.058045644457106,0.39770306441801473,0.5442512911248799,3.8765404495498905,0.9159763618374385,0.1950380335831693,0.160477352079772,77.86956241866054,34.98352941178638,51.52974053894859,62.79028545089594
"Petersburg ANVSA, USA",46.83619278956107,44.80429833242352,39.30640699799349,0.0,0.6642093906498988,0.33579060935010085,0.0,0.23107803798944734,0.7689219620105529,2.0947218396068736,2.299094714092333,0.6103946326854415,0.01608203104363622,61.32176098347636,33.66938242512906,40.70686481391579,50.883429122027245
"Dillingham ANVSA, USA",41.80862683503188,39.075171797928995,32.917453574532544,0.0,0.5443613093774485,0.45563869062255147,0.0,0.14964782354401737,0.8503521764559826,3.145101924652413,0.7125508422930115,0.26358760370692313,0.3806803325619782,61.094464003687605,23.657550048870224,34.396819453803786,47.08379676168601
"Sappony SDTSA, USA",69.9414209297536,70.95090368092794,54.429808990756506,0.0887257640802997,0.8742037991848626,0.037070436734838,0.20478030587595356,0.43780698071794183,0.35741271340610475,5.323570946598718,1.0747453459318606,0.026556559486130615,0.06977170737279796,86.26059163350946,53.22348813774785,63.99896681822194,75.42149313707918
"Adai Caddo SDTSA, USA",77.4907782197228,80.99076061562872,61.90184613172768,0.22834363956327744,0.7652005536910232,0.006455806745699296,0.35355148932706076,0.4466902997552055,0.19975821091773388,5.613481848002754,1.2238423154698395,0.002472466676959695,0.07186399936078948,91.9482783623471,62.754065419952944,72.33694517772976,82.1622108744422
"Ponca OTSA, USA",71.30152774124308,72.24935190695064,52.47990736939426,0.17804461106829853,0.759789996081338,0.062165392850363585,0.1736434575581095,0.4073048649381532,0.4190516775037374,6.494145080845555,0.8489468214177119,0.03105876128828907,0.2920190460427865,90.66840443365527,52.32052354264805,64.29445919301209,76.91320265106386
"Creek/Seminole joint-use OTSA, USA",73.07537652680469,74.52990740911316,54.73647333601901,0.18268510346430433,0.7791253753095965,0.038189521226099324,0.21542627356258312,0.4196555293054113,0.3649181971320054,6.360764315514718,0.9225366291659345,0.02310210065976052,0.2322803308038423,91.24264785833468,55.60111191057806,66.60049246480997,77.91924912707064
"Wyandotte OTSA, USA",69.74811716167002,70.90195074054375,53.50648561301397,0.1307215681294259,0.8022917950808421,0.06698663678973196,0.20587532234041753,0.4044966230004606,0.38962805465912187,5.8519407218080906,1.0712589413230722,0.0378111089291651,0.1473210971783571,88.73008317250407,51.14919405078495,63.01860345454642,75.10547531003903
"Rappahannock TDSA, USA",68.2687527184445,69.27386841077109,53.6378010523463,0.07581849564488825,0.8698964106329479,0.05428509372216398,0.20866530386760704,0.40637510554175527,0.38495959059063756,5.142042007103123,1.0493051608882034,0.0454846537395415,0.08843616736602836,85.39107376583888,50.45910742476394,62.68920916584583,73.64289367816092
"Akutan ANVSA, USA",41.59864596496909,39.53209237084493,37.84393839267986,0.0,0.5868347441573493,0.41316525584265085,0.0,0.02653134021105205,0.9734686597889481,1.9118153898708468,0.8968073418503422,0.2271437666005076,0.8713953691104581,48.5518329312262,36.04315867861179,42.284344882376935,39.28314257305559
"Waccamaw Siouan SDTSA, USA",73.18052807741408,75.68485969953484,59.74486335805432,0.07336817666189208,0.9151662411123113,0.011465582225796678,0.31217126078065316,0.4392769201589602,0.24855181906038656,5.28358885782357,1.3374362328692355,0.005033331910124525,0.0946296725430159,86.51917715293361,59.18260457245791,68.65881878922751,77.65741091837437
"Hooper Bay ANVSA, USA",33.87855894569627,30.864497409288894,29.15104285393684,0.0,0.39688787887325105,0.6031121211267488,0.0,0.06813342462247175,0.9318665753775283,1.8782446800457155,0.41349015697831576,0.2615485751815531,0.7110776592822432,52.18797358342776,16.59904020646055,31.22681651389731,34.689757736813156
"Upper South Carolina Pee Dee SDTSA, USA",73.90384898517789,75.99916739613329,57.94506468505567,0.1219782674085456,0.8656292637525915,0.012392468838863099,0.2754698182172563,0.44130660077369255,0.2832235810090511,5.424111993004467,1.1843352494671988,0.00760190235127937,0.12337772176687828,88.02590879315058,58.976871370273464,68.5411767390048,79.30602271196254
"Skagway ANVSA, USA",36.51975708291559,33.47124212273655,29.35850982100561,0.0,0.4159797496670524,0.5840202503329476,0.0,0.05285650274440884,0.9471434972555913,1.9791647787078557,0.8164874247578687,1.291771042162744,0.0,55.03873763455401,20.117061949467743,29.11023714661472,40.85876046241275
"Wrangell ANVSA, USA",46.86364387777083,44.84464821323209,39.33260083893131,0.0,0.6458140721869019,0.3541859278130981,0.0,0.2410122438204731,0.7589877561795267,2.0147749604862604,1.965024053055933,1.1469281234895055,0.00018522155661046205,62.145974744941405,33.04506419505053,40.35107158522516,51.10902853758347
"Craig ANVSA, USA",48.63252448013298,47.010334847508986,42.799319351851906,0.0,0.8345720911711876,0.16542790882881261,0.0,0.2454470029332753,0.7545529970667246,2.263935846852466,2.326810706173308,0.13249878599161488,0.3230191863326106,58.63111680086353,39.73561230620644,45.65365612831475,50.02975836732006
"Salamatof ANVSA, USA",42.604362788356966,40.12368431100304,35.25178582839854,0.0,0.5432530307142691,0.45674696928573094,0.0,0.18386585771297945,0.8161341422870204,3.824681338499724,0.6667144796900962,0.28318472669734523,0.30895210606535595,58.463728546859464,28.321795075338784,37.31635912768884,45.527058436632245
"Beaver Creek SDTSA, USA",75.34580170709994,77.43869220975968,58.111206504079846,0.1448539967504884,0.8486731211967504,0.0064728820527610335,0.26584276962606124,0.45794051741295067,0.27621671296098815,5.531633451791198,1.1087874861408509,0.0049218301377668555,0.1494735929785018,89.1032367983301,60.934300709278546,70.01591781329911,80.58497684622618
"Chevak ANVSA, USA",35.281016617579255,32.23544856899205,29.25907044762283,0.0,0.4278236537015873,0.5721763462984127,2.2291250447035015e-05,0.08931450058433944,0.9106632081652135,2.1237208269069887,0.38437094985525627,0.25090011237870147,0.5852955912671415,55.10209872141479,16.317237150937785,30.55106534939085,38.2120978610282
"Hoonah ANVSA, USA",45.25953574048832,43.21627846369835,39.03288856624928,0.0,0.6446680688991085,0.35533193110089156,0.0,0.18906106512947063,0.8109389348705296,2.5591435189354694,1.728143355536119,0.5675863025738459,0.2631035654968577,57.61572076561532,34.34584867393891,41.49539312515603,46.98391996671701
"Savoonga ANVSA, USA",30.302358261728067,26.91206617179791,25.545389021223,0.0,0.3468956513106571,0.653104348689343,0.0,0.019420913597617964,0.980579086402382,1.5748503984239062,0.24923540389574958,0.3113245887839855,0.6905899234566771,49.35308092264799,10.741866850744355,29.89327409869033,30.42218238142812
"Point Hope ANVSA, USA",25.026524734580857,21.042337171385558,20.014701764400147,0.0,0.29324010786538973,0.7067598921346102,0.0,0.012089289297931079,0.9879107107020689,2.571990992321061,0.20646899455350654,0.20653862770921752,0.7547390434522069,47.255768546461375,2.4022218700947935,22.875647915618362,26.58946792743244
"Emmonak ANVSA, USA",36.12131098758111,33.01276723068851,28.979635569263227,0.0,0.44460623590213655,0.5553937640978633,0.0,0.11723927019027303,0.8827607298097271,2.4253352651230515,0.3494134602407346,0.2074832282021202,0.43092847929020006,57.411890712485445,15.710759302424638,29.201142330688377,41.08703086142215
"Togiak ANVSA, USA",38.952783582086624,36.1983748354434,32.23298878134878,0.0,0.4769724469168497,0.5230275530831503,0.0,0.11016527018513828,0.8898347298148616,2.746722104057355,0.7724334325171783,0.35414826158448476,0.5034599834695389,57.081249523276895,22.394374298996134,33.49936392833111,41.95209136805332
"Kwethluk ANVSA, USA",39.20178940942172,36.17225432717472,30.086452622310595,0.0,0.5092274833555499,0.4907725166444501,0.0,0.13331041210639846,0.8666895878936014,2.7761493330149163,0.44780400486217337,0.1941912404709552,0.4058852655389742,60.509777859382226,18.12170270797853,30.086348942062564,46.93135727894981
"Otoe-Missouria OTSA, USA",71.65189181063846,72.66811338818611,52.782183272482015,0.18349846649231258,0.7574424489877133,0.05905908451997413,0.17734996738346603,0.4100698785311273,0.41258015408540666,6.504583394159467,0.842463732206098,0.030484967395974106,0.27446686153766103,90.9187475310587,52.78900351518168,64.66116144013948,77.23550748648955
"Selawik ANVSA, USA",30.84120597684552,26.89952626493128,21.47520411564325,0.0,0.4112113704690374,0.5887886295309626,7.260682117118873e-05,0.12303427369250253,0.8768931194863263,3.949948179179092,0.25102197237791835,0.18450233430108856,0.2065155373589501,59.86168789926386,3.197831300018964,18.06874522484392,40.66597498610314
"Unalakleet ANVSA, USA",34.63050181585975,31.17698035647633,26.13441356725724,0.0,0.4443859944892877,0.5556140055107125,0.0,0.13091685347698095,0.869083146523019,3.2070169570178,0.38296090252246084,0.20233235028731092,0.19310241287803978,57.71760527242545,12.279338086434093,24.229134377251874,43.03081472616363
"Ramapough SDTSA, USA",60.79565533707622,60.070236182394794,46.99975856857535,0.02692198217840711,0.8092268746463461,0.16385114317524704,0.08419703064011212,0.40791857786835983,0.507884391491528,4.670629631366161,1.0749915645197978,0.11756677077182258,0.1123128880184113,80.82248036640331,40.15497231613937,55.1690801496382,66.0228804876815
"Kwinhagak ANVSA, USA",37.94976445875415,35.07788028701061,31.21065011949238,0.0,0.4798930859990218,0.5201069140009782,0.0,0.10969547263594998,0.8903045273640499,2.427732094366659,0.5696341212923495,0.23835013561285603,0.5504207086099762,56.56253227966988,20.373120325864782,32.194729241649895,41.741485487324766
"Isle de Jean Charles SDTSA, USA",78.03937860766683,82.7376330882531,65.74945165997181,0.1097425972910352,0.8891635188542749,0.0010938838546899823,0.4639323332033785,0.41107268976611977,0.12499497703050161,5.459124320904851,1.420469020484604,0.00028220171163034665,0.1582266782506738,88.4066929488067,66.55355204778816,74.50273377262076,82.13508982363136
"King Cove ANVSA, USA",41.828765327668734,39.67234384934979,37.33293105990374,0.0,0.5500337767115473,0.44996622328845276,0.0,0.07849298000064918,0.9215070199993509,1.8208641065447866,1.0786669344785842,0.24642063117281798,0.6592030443025839,52.277984799140604,33.11817134923384,41.10496410151903,40.39644721552542
"Alakanuk ANVSA, USA",36.110978995228514,33.01614576772442,29.086954779096825,0.0,0.4443546115617816,0.5556453884382184,1.0941596073166543e-05,0.11748099204136611,0.882508066362561,2.374318804261156,0.3498429127038584,0.20841944886518868,0.4680040240342256,57.228335997737325,15.843623211097906,29.373542129219828,40.93866241574629
"Eastern Shawnee OTSA, USA",69.66420177354452,70.7877281957129,53.38165461880996,0.12973795222959972,0.8021284908826887,0.06813355688771172,0.2034446346530677,0.4044867724586667,0.3920685928882655,5.842743362805797,1.0730131890065424,0.03835920249405936,0.14801052604936907,88.66929031947502,51.01688504761847,62.91592783873952,75.06464673323471
"Kipnuk ANVSA, USA",36.218087735078996,33.402652044896605,31.152188504097285,0.0,0.4386433836571223,0.5613566163428778,0.0,0.08587009245890954,0.9141299075410902,2.2630152920896163,0.49404582018321297,0.27051347510416585,0.7613673480728891,53.83732053681302,19.53351755773897,33.09525181266873,37.60595741745661
"Noorvik ANVSA, USA",29.81460856935879,25.814468406178165,20.910303049400746,0.0,0.4007032370289776,0.5992967629710223,0.0,0.11738205307547522,0.8826179469245246,4.149916724043647,0.2539453831709842,0.19945294672502134,0.23864310288814122,58.733075399421296,2.533733851090694,17.58069128482151,38.86633854067831
"Akiachak ANVSA, USA",39.008209787261045,35.968963673761095,29.971640388954064,0.0,0.5053136730103438,0.49468632698965614,0.0,0.1354077846232416,0.8645922153767585,2.806207764618473,0.4432546808637802,0.1940365097218867,0.41913183200891363,60.56045084735246,17.634174370250662,29.79879373806176,46.8672179008355
"Toksook Bay ANVSA, USA",35.06228453446178,32.13907747108072,30.094977777750017,0.0,0.4188056529853421,0.5811943470146578,0.0,0.07239316982541812,0.9276068301745819,1.9664103852779033,0.43386436031248665,0.2848159695559925,0.6967938278583223,53.274209443793424,18.008015565888773,31.70560006743851,36.434827131741244
"Yakutat ANVSA, USA",45.46512379155204,43.381216394641264,38.873937576658165,0.0,0.6987219680101453,0.30127803198985476,0.0,0.1856406474539597,0.8143593525460402,2.6334819078465435,2.659739568329925,0.34592107952043066,0.32517260257637576,56.93253228056629,35.6145035668732,42.755993997758914,46.03382671101399
"Kotlik ANVSA, USA",34.67628371016444,31.510964722564633,28.29831365430571,0.0,0.42311209585176407,0.5768879041482359,0.0,0.10692386950833824,0.8930761304916616,2.5684087113552403,0.37686638364455005,0.19947400328784254,0.5035890250153612,56.27924046338785,14.771660302700692,28.312703774908922,38.28687478478204
"Lenape Indian Tribe of Delaware SDTSA, USA",65.03615219179085,65.27927170404354,51.213803716222785,0.03377987065360393,0.8829966958632389,0.08322343348315704,0.1583953303101218,0.4027111827647785,0.43889348692509966,5.215702585515886,1.0515183160322121,0.05313110520255889,0.23000800836986227,83.16423020245061,46.16819126266574,60.0755846777754,69.82544576515706
"Gambell ANVSA, USA",28.979666337897537,25.588941806824153,25.11523306828393,0.0,0.2933870389868414,0.7066129610131586,0.0,0.003114644170626086,0.996885355829374,1.5193136823491906,0.28046755609428775,0.32348070849198746,0.8164889308133854,45.77464431830992,11.036894570183462,30.22640105867531,28.217134888201123
"Stebbins ANVSA, USA",32.71514578553656,29.46187017275229,27.24423241612609,0.0,0.38402293048758823,0.6159770695124116,0.0,0.09437594369624222,0.9056240563037576,2.7197309216054957,0.3760380651149659,0.18518013753627297,0.5400290389148067,53.89975643093324,13.757232349980846,27.020162507713042,35.179254164802174
"Wainwright ANVSA, USA",20.218929741657714,15.77483833576441,15.448671956423528,0.0,0.21110177032695354,0.7888982296730465,0.0,0.012157365214525843,0.987842634785474,1.5787274462739787,0.14483863925228005,0.18556468359239953,0.6742948427015588,44.00284596916188,-4.09127240144051,16.274375116285484,23.579876819033736
"Kasigluk ANVSA, USA",38.18832936401717,35.184984140477866,30.083870149213627,0.0,0.4836392331853851,0.516360766814615,0.0,0.12866229480133143,0.8713377051986686,2.7085643121131553,0.423724096640413,0.2166222820768105,0.5230737046807784,59.562714769002795,17.05139239370738,29.991152002808246,45.01650857190676
"Mountain Village ANVSA, USA",36.78641686885187,33.67763129510691,29.043248194214744,0.0,0.4556892618981893,0.5443107381018106,0.0,0.1246158121393463,0.8753841878606536,2.679085911473429,0.37706771155635793,0.23372040586433987,0.4538595200960904,58.59395965035948,15.656074421344961,28.71581451100913,43.04262903620412
"Pilot Station ANVSA, USA",37.40576212328485,34.28834879197132,29.09844103634734,0.0,0.4660292859647049,0.5339707140352952,0.0,0.13142130669058943,0.8685786933094106,2.9324736455427303,0.40793409528468993,0.2344194681703628,0.4209541532112279,59.54023971525635,15.85773139850737,28.556793833064628,44.485682149181784
"Scammon Bay ANVSA, USA",35.12678059064354,32.055207284601046,29.02763654242784,0.0,0.4265284835288271,0.5734715164711729,5.5423134681791925e-05,0.08981446955338711,0.9101301073119312,2.0120137385026804,0.37603171188673,0.24790460169115833,0.5580149616269895,55.33663429538256,15.878524052449542,30.18788158826143,38.141246307589356
"Nunapitchuk ANVSA, USA",38.20251636384737,35.19698148592731,30.069574367327192,0.0,0.48436680225021145,0.5156331977497884,0.0,0.12967436180131597,0.8703256381986839,2.7217942139948907,0.4237055000518172,0.21582499585867276,0.5203485510550598,59.60958776860121,17.025271900221057,29.935165215854433,45.105899518714395
"Shishmaref ANVSA, USA",27.242749711179968,23.533702009402006,22.520357263003426,0.0,0.31017218639669614,0.6898278136033039,0.0,0.021050201568141334,0.9789497984318586,2.385589377438107,0.2431743718321639,0.19013488733314454,0.6182772060027568,48.74530952547232,5.783819160826645,25.47076547297577,28.03625953026725
"Noatak ANVSA, USA",27.510290457772946,23.300055137827368,18.813068246879254,0.0,0.37260443469345733,0.6273955653065427,0.0,0.07865616904275664,0.9213438309572435,4.280520191265894,0.22751527153969173,0.22824831488169367,0.2794407013601781,56.65983997940114,0.40478003493600734,16.07685116953214,35.37966205117075
"Buckland ANVSA, USA",31.38367857368993,27.554413227064458,22.42030896387078,0.0,0.41289085280502524,0.5871091471949748,0.0,0.1092206041516075,0.8907793958483923,3.422599692793726,0.2542780042898105,0.16766519395572788,0.09671669805429021,58.728375301285006,5.004514074364359,19.6072044481856,40.715001094004556
"Kake ANVSA, USA",46.596867491625964,44.719298403401055,40.6294128128085,0.0,0.7761178183567916,0.22388218164320822,0.0,0.19088641920139707,0.809113580798603,2.853184006910088,2.200374432503599,0.19343126679429906,0.42979183361163853,56.489843926227564,37.62207678045171,43.796723035334985,48.00475679575626
"Sand Point ANVSA, USA",42.71218101641418,40.61465689801662,37.98500038782812,0.0,0.6050870403748747,0.3949129596251253,0.0,0.09078227279256602,0.909217727207434,2.376411653748121,1.160108237329172,0.19805461944218916,0.7804820797739815,52.84424537510381,34.522416505407385,42.13312312233141,40.95648122590335
"New Stuyahok ANVSA, USA",42.4454388851852,39.69827275642973,32.85979978898743,0.0,0.5592834564134266,0.4407165435865734,0.0,0.15167154291255475,0.8483284570874453,3.12921893040902,0.6603050568275692,0.24851867214407203,0.4987781951820504,61.79720142096818,23.853663075107214,34.29408057072747,48.79848282734312
"Nuiqsut ANVSA, USA",21.04885247390247,16.461234781245047,14.501187055601239,0.0,0.2901766819469076,0.7098233180530924,0.0,0.0568150976184749,0.9431849023815253,2.025695294792028,0.11781848977929579,0.13218781733528862,0.4800084430037869,52.967899917476274,-8.502152369717814,11.966362383496136,26.208788404167905
"Aniak ANVSA, USA",37.987774833060925,34.81464825312412,28.738555067392323,0.0,0.49103990476647963,0.5089600952335204,0.0,0.1369827872629731,0.8630172127370269,2.8827871392157487,0.44853431741895183,0.19681410298016974,0.2071111514009641,60.82065771527742,15.661826697303855,27.34227091964092,46.86118832877711
"Napaskiak ANVSA, USA",39.1280699608627,36.1212411281657,30.27018159687724,2.4092771161117723e-06,0.5063618997670217,0.4936356909558622,0.0,0.1335760343612967,0.8664239656387034,2.7443887930184134,0.4486981437848055,0.20107955186798498,0.4426210906317861,60.202722891101594,18.26056570366337,30.360044040585134,46.54908197598217
"Chefornak ANVSA, USA",36.267918192016644,33.40948949360168,30.864501109044134,0.0,0.4416492417147658,0.5583507582852343,0.0,0.08728847724540247,0.9127115227545977,2.2272967133587755,0.4739496521632996,0.2641547592754899,0.7301997024923316,54.463002695269715,18.953361114545512,32.62322333713177,38.18966372726125
"Algaaciq ANVSA, USA",36.95369831023876,33.8335914160165,28.99417828613636,0.0,0.45791389378991715,0.5420861062100828,0.0,0.12918013024710073,0.8708198697528994,2.8609827573837223,0.40695186671755845,0.24724070303890802,0.4214715484755316,58.93305089871369,15.703618195813299,28.362786996509353,43.653797838042394
"Marshall ANVSA, USA",37.45474858995281,34.305941691411846,28.861099443457555,0.0,0.47094613647501427,0.5290538635249857,0.0,0.13292067655102494,0.8670793234489751,3.029896057324017,0.42363602813518064,0.22822299232300447,0.3608186907466677,59.967331801749104,15.483734829561868,27.951807229822364,45.19958278601666
"Manokotak ANVSA, USA",41.31004853474645,38.56759025722783,32.75494420800186,0.0,0.528747111390569,0.47125288860943104,0.0,0.14434316501728023,0.8556568349827197,3.091312697255086,0.7448471587493424,0.3053155415807668,0.3310596857575207,60.556895162117286,23.369108540333034,34.14807325423598,46.17306357151379
"Kongiganak ANVSA, USA",37.05294983325308,34.21095453058512,31.183560427161474,0.0,0.45815228118630297,0.541847718813697,0.0,0.10299921068339832,0.8970007893166018,2.339154762707028,0.5398032878379475,0.25646448673148503,0.689991322972845,55.80486529419666,19.26721844300906,32.279382041540266,39.958055991633806
"Galena ANVSA, USA",35.794611585026665,32.129083052007324,24.198877335377283,2.8336405545798547e-05,0.4752173604755961,0.5247543031188581,0.0,0.16635976399651234,0.8336402360034878,3.6918234196413175,0.30667631696719283,0.16499082347843055,0.02880850772962798,63.70700487821306,7.238795061364895,20.855842819051762,49.74476897034911
"Naknek ANVSA, USA",44.165220877366586,41.545546266329296,34.28575889397162,0.0,0.6231562324020958,0.3768437675979043,0.0,0.16025376763012805,0.8397462323698718,2.9877650491228325,0.6393470190697115,0.18364888738683027,0.38667250315118207,61.362272291085446,27.92041375252894,36.73625293457404,49.71579753142121
"Tuntutuliak ANVSA, USA",38.34092460171515,35.41670944772736,30.773380405549805,0.0,0.4845012319024103,0.5154987680975897,0.0,0.12385612714454433,0.8761438728554558,2.624215103463079,0.4573158422072981,0.2249018399602231,0.5559954751797513,58.768375892622416,18.315550884743203,31.29174710403271,43.93418965922085
"Klawock ANVSA, USA",48.72695434983603,47.09494273371249,42.73053832490622,0.0,0.8290722521428788,0.17092774785712103,0.0,0.2476573196660429,0.7523426803339571,2.257224822125598,2.274252231772668,0.18140999372331182,0.2896165063545667,58.98214430821372,39.55110920486157,45.49720267669315,50.37600859115029
"Akiak ANVSA, USA",39.15032464095324,36.10390075420914,29.949391971983694,0.0,0.5082550101383605,0.49174498986163945,0.0,0.13561910763915078,0.8643808923608493,2.8224601097129205,0.4390538282121314,0.19325609890654455,0.38785197680627714,60.70691787494745,17.830998970892164,29.826800769594122,47.05929586946594
"St. Michael ANVSA, USA",33.09865079148921,29.82222697696396,27.182223813552948,0.0,0.39907677474710557,0.6009232252528944,0.0,0.09606369850017145,0.9039363014998286,2.708296298534885,0.3627636446539323,0.1890441365393532,0.4705259278186849,54.619001127972325,13.652897182913856,26.519393798965968,36.55496321855346
"Santee SDTSA, USA",75.4358723888055,78.15372119759715,59.963044230611516,0.13342729408017323,0.8611766494471931,0.005396056472633548,0.31320579968563783,0.4458046658132871,0.24098953450107513,5.449311424122425,1.1441570447308727,0.0028965784027104842,0.11880611310205116,88.59505446365922,61.686936676567,70.43738246604357,80.31604045757256
"Copper Center ANVSA, USA",38.27110277222352,34.662202414710976,24.99814671605176,0.0,0.5025897123838522,0.4974102876161478,0.0,0.04557609319630212,0.954423906803698,3.6805413737806387,0.27474838080910174,0.23382197274653013,0.07141697226733977,62.84932315244724,13.838407841435327,25.77501554410443,49.218732786022024
"Kiana ANVSA, USA",29.55416424807908,25.48212066607601,20.23841838232602,0.0,0.4021677276463129,0.597832272353687,0.0,0.12087701862431843,0.8791229813756817,4.158126413651616,0.30254437548466306,0.24735885675355426,0.10943255648283093,58.84638814148392,1.8287023348415563,16.127102833912172,39.81786840617524
"Kivalina ANVSA, USA",26.804846172070725,22.854662705224662,20.748633775234723,0.0,0.3332292160638935,0.6667707839361064,0.0,0.02621087192460323,0.9737891280753967,3.746370190864467,0.25265710317333573,0.20718935093398394,0.6061943139993439,49.89430508693376,4.461559135148018,21.389306515061783,30.371121984631905
"Tuluksak ANVSA, USA",39.210437040960535,36.14619453026338,29.820169159154485,0.0,0.5083877888228128,0.4916122111771872,0.0,0.1409204983170614,0.8590795016829387,2.9007347401025902,0.4411395403546688,0.17862274341366993,0.3793205694338844,61.1405865941916,17.528236425578058,29.584758522605174,47.38482051195036
"Seldovia ANVSA, USA",42.35793576646388,40.018421585006486,36.21351407635271,0.0,0.5618133667578062,0.43818663324219387,0.0,0.11051200434748959,0.8894879956525107,3.3757485962851397,1.2894418579182338,0.31572127920024035,0.45220202436037615,55.33101856912304,31.222980976526312,38.6840160275985,43.57772147731668
"Brevig Mission ANVSA, USA",29.423713974664086,25.72503708122548,23.151304865038092,0.0,0.3742610728588953,0.6257389271411047,0.0,0.053614104979129364,0.9463858950208707,2.549468315625643,0.25701987967751727,0.23411837938597393,0.447781741854795,52.598805216921036,6.462432053654732,23.708814155029664,33.797987258896654
"Fort Yukon ANVSA, USA",33.368338236561115,29.171474260975003,19.04683129886134,0.0008151220233171789,0.4556012119056596,0.5435836660710232,0.0,0.12325700284628414,0.8767429971537154,4.509754136496682,0.16023522162368448,0.09261098869377746,0.08023115139006588,67.69955639554588,-1.4302185667650527,14.599516451947602,50.58609147069206
"Anaktuvuk Pass ANVSA, USA",21.424763134784996,16.70669135005755,13.743889313953481,0.0,0.29944212953737714,0.7005578704626227,0.0,0.03200487636365672,0.967995123636343,2.930058385690328,0.28924691544221126,0.2478444046795091,0.007210587902762409,49.75798055192981,-3.7029955943726525,7.566554907639073,30.532954856806352
"Russian Mission ANVSA, USA",37.65094922747167,34.49263432452467,28.808251928699637,0.0,0.47842469013026223,0.5215753098697378,0.0,0.1374890892132176,0.8625109107867824,3.1000638626340997,0.4425739998697365,0.23311019913352382,0.331511699787356,60.24508597193019,15.490571735621115,27.703514479620818,45.9310025017901
"St. Paul ANVSA, USA",38.56921801852894,36.190390758817664,34.80440358695673,0.0,0.4421787353277596,0.5578212646722405,0.0,0.01686965256514549,0.9831303474348545,1.5616542613131197,0.618965818956146,0.25328156506566923,0.8661087810023023,47.77060554762482,30.90701808477487,39.823617087108985,35.47121842656055
"Tununak ANVSA, USA",34.691923226677915,31.770214125851446,30.005551230601263,0.0,0.40966979594558656,0.5903302040544134,0.0,0.0683573918171825,0.9316426081828175,1.9428171615930245,0.43479548368046295,0.2795726257255894,0.7310857168838383,52.57732260304216,18.03333122127379,31.789789332300398,35.57025738637094
"Chilkoot ANVSA, USA",39.24572475547062,36.445015720652435,31.78258842570773,0.0,0.44946343742519734,0.5505365625748025,0.0,0.09708452923010497,0.902915470769895,2.053151239026261,1.04224295230623,1.6784058657213454,0.0,57.97768141478735,23.04446986672149,31.834376020615316,43.164924339599196
"Eek ANVSA, USA",39.183353555721816,36.2527030100975,30.87361170405201,0.0,0.5053820015551121,0.49461799844488785,0.0,0.12745487088374488,0.872545129116255,2.5727584991813712,0.49806355610851094,0.21991548639658604,0.47819148399729683,59.47779633247987,19.27108268416573,31.462515512840195,45.45588870187897
"False Pass ANVSA, USA",42.416342275081995,40.22649883606822,37.288219369488864,0.0,0.5593392665737504,0.4406607334262495,0.0,0.07982515041507583,0.9201748495849243,1.5065888098216589,0.8353487768907422,0.39337153534641967,0.5308310578227282,53.77989350969292,33.04634854695687,41.01022572420068,41.36235234584733
"Atmautluak ANVSA, USA",38.357123436284006,35.35035998262141,30.102585391032918,0.0,0.4886881779770202,0.5113118220229798,0.0,0.13191401952451315,0.8680859804754869,2.741799550393234,0.4311088172526352,0.20983276511418242,0.5082585997145489,59.75584275409007,17.163388256840374,29.94456782368416,45.423981204585424
"Saxman ANVSA, USA",48.0609342750106,46.393317980443506,42.40963305702822,0.0,0.8178483277913479,0.18215167220865205,0.0,0.2590873654939577,0.7409126345060423,2.7437285214439906,3.0080927724096873,0.3408321138222656,0.4059523579768234,58.82886817182651,38.543833517566945,45.17813468624334,49.18453988865381
"Hydaburg ANVSA, USA",49.89710338086499,48.346939112651725,43.49472848820889,0.0,0.8575543135711637,0.14244568642883623,0.0,0.26578920861182215,0.7342107913881778,2.2571369852836987,2.335787553607759,0.2408965534600212,0.23052418649856105,60.52915777132261,40.51374527313055,46.24334571582793,51.77785489109584
"Kwigillingok ANVSA, USA",37.258440118450636,34.44840391148651,31.436550449561768,0.0,0.4584414331886399,0.5415585668113602,0.0,0.10297291558184493,0.897027084418155,2.4827710878242617,0.5105292522907939,0.25431323223940777,0.7062758770863639,55.64243932983799,19.780686401598413,32.873208406045684,39.863236884881125
"Elim ANVSA, USA",31.44252265833752,27.918303160713833,24.868077991686857,0.0,0.3791068510217904,0.6208931489782095,0.0,0.09200715954444395,0.9079928404555561,3.6781266184903854,0.3746080934540782,0.28644353484837703,0.4394325009008237,54.51248675851928,9.905128075876995,23.251788836130213,36.92382774277
"Napakiak ANVSA, USA",38.866414319541846,35.87056797780286,30.313941814238042,0.0,0.5004639767801792,0.4995360232198208,0.0,0.13404477779546553,0.8659552222045344,2.727576381520018,0.44256267478605804,0.2093593097501961,0.47030432897230484,59.945293265251976,18.00350826775466,30.343333766406374,46.04068601155459
"Nenana ANVSA, USA",38.795284461550686,35.15351577088212,24.381187331824705,0.0005678121354743522,0.5092166248661218,0.4902155629984037,0.0,0.15377778905308162,0.8462222109469185,4.0060263744527465,0.26430135438619023,0.11380785787697255,0.03787645105196231,67.84543609225919,9.240042490803072,21.966862949509228,54.390596121404094
"Angoon ANVSA, USA",48.06520072523656,46.17265864873327,40.46590371406429,0.0,0.6946994140591695,0.3053005859408304,7.831480289369109e-05,0.24559477728291346,0.7543269079141929,2.257826655510709,1.732292934368313,0.5852356544020442,0.06172162207368572,62.35616790046883,34.81123377466082,42.40994019861722,51.93995248215518
"Clifton Choctaw SDTSA, USA",77.762401149335,81.4623064159368,62.50346732528603,0.22373534137637194,0.770394679741185,0.005869978882442868,0.3692347143681204,0.44302823134629055,0.18773705428558904,5.5281636471629,1.2475242583175679,0.0026078381350541258,0.07317660595559274,91.59238614722753,63.421505486642104,72.83864576123716,82.47059622174639
"Point Lay ANVSA, USA",22.394999649944708,18.000523822141925,16.40407726242671,0.0,0.29370323710677937,0.7062967628932205,0.0,0.03075430344073785,0.9692456965592623,2.153539545880686,0.1725663337875551,0.1769921542936394,0.6483525111415139,49.773622025099066,-4.352158581401822,15.833017840717245,27.013553629128364
"Koyuk ANVSA, USA",33.28356444773874,29.71398726011167,24.9952537940968,0.0,0.4249162107889744,0.5750837892110255,0.0,0.12093193483127053,0.8790680651687296,3.548611677558274,0.34825834212032764,0.21726021813174404,0.24446716062747315,57.178194333070714,10.265703577902068,23.24491352332329,41.16507057182769
"Newtok ANVSA, USA",36.51977451996082,33.54651533506743,30.053346451081733,0.0,0.44799869267012676,0.5520013073298734,2.586239363391983e-05,0.10148500640263425,0.8984891312037318,2.2992187789775644,0.38602951867472235,0.24361428317181752,0.6194272840911085,56.5621847207864,17.15290652094772,30.996504587952053,40.384066269498256
"Nightmute ANVSA, USA",36.08941623145669,33.151915078969566,30.22420837389378,0.0,0.439155755593859,0.560844244406141,5.040324263337058e-06,0.08483364712046848,0.915161312555268,2.1164663152495433,0.43762269563047695,0.28392954419429334,0.6317479294618711,55.305283938574505,17.78773786010663,31.511758542871892,38.83843657216478
"Huslia ANVSA, USA",35.30813590277961,31.546489830891897,23.38614786050533,0.0002649352079044508,0.4636644140654149,0.5360706507266806,0.0,0.1704124351561006,0.8295875648438994,3.9694566386001267,0.31434778614612086,0.16819709553874027,0.05638815048644133,64.10415311409045,6.435118881086312,19.896720152441898,49.123289925391965
"McGrath ANVSA, USA",38.48344898612428,35.051942249360806,26.488502964270804,0.00011964400696749788,0.5068351445723949,0.49304521142063773,0.0,0.16352537560581396,0.8364746243941862,3.1927433098167497,0.38834901795475574,0.19338315408592482,0.03014969070580258,63.96872207651642,12.651175480632391,24.247109029272135,51.55744583892576
"Kaktovik ANVSA, USA",18.904595764209247,14.397440737890737,14.605451173079848,0.0,0.166788084515026,0.833211915484974,0.0,0.005558478377000427,0.9944415216229997,1.988210883206058,0.12093943523407119,0.17672744890733513,0.5754406360665655,41.81045704780212,-4.187638783435005,13.718178730029125,23.172386401043568
"Lower Kalskag ANVSA, USA",38.37741235539093,35.267292830794,29.30716124273237,0.0,0.494268381957584,0.5057316180424161,0.0,0.14853339285288483,0.8514666071471152,3.010683492552287,0.4382399174895719,0.18772252840623027,0.3613494558733294,61.13006996805447,15.934772244673198,28.242789387983215,46.95415498334634
"Atqasuk ANVSA, USA",20.93769798451904,16.38708324806846,14.75236911959097,0.0,0.2777291537237659,0.7222708462762342,0.0,0.052486970410562814,0.9475130295894373,1.8469681600904708,0.13143672853453142,0.13987699622533262,0.5452657569361571,51.59629052326467,-7.795659293907092,12.774852285574166,25.69719061590902
"Ambler ANVSA, USA",29.06492675967292,24.89863064255151,19.464624798039758,0.0,0.4059329712262262,0.5940670287737739,4.443065035896819e-05,0.1414557241560995,0.8584998451935415,4.165075298582415,0.37629364641354646,0.26893337578149257,0.040401338475806146,59.91967178085957,-0.4481832478420171,14.522384935663032,40.559486371405676
"Shungnak ANVSA, USA",30.21109882772251,26.15039463774446,20.497223534619028,0.0,0.4189631384849331,0.581036861515067,6.333083768267909e-05,0.15645847771011023,0.8434781914522071,4.0191057452739125,0.3792221025514263,0.23533685172580388,0.045879096601562176,60.01405536582429,1.2744846254454112,15.300016683083587,42.572626808124426
"Tazlina ANVSA, USA",38.330354497811264,34.716064341806764,24.90728006967413,0.0,0.5054985458296268,0.494501454170373,0.0,0.04855144847063708,0.951448551529363,3.691303429892183,0.26680611551955563,0.22368049253604494,0.07851448037732141,63.13188081707617,13.544713237697488,25.55666402449011,49.66334924070514
"Goodnews Bay ANVSA, USA",38.24443532796841,35.47539797536835,31.99281301284947,0.0,0.4744648138674627,0.5255351861325371,0.0,0.10804569545589031,0.8919543045441096,2.385066588658153,0.6504933733060536,0.29960293318342385,0.5156276833919864,55.90298949967041,21.78711543544046,33.20184558281373,41.2231375002228
"Miami OTSA, USA",69.88233669388153,70.99296561114485,53.10070211608377,0.13707204209570423,0.7944795734947859,0.06844838440950979,0.20104191452892717,0.399129787335381,0.39982829813569176,5.897861473648856,1.0935597273282953,0.03772212410190336,0.18614356300819912,88.98874384903905,51.02147094367049,63.00733760783753,75.51528622397515
"Teller ANVSA, USA",29.85736459134709,26.1516228200245,23.20791756496007,0.0,0.38310639541585134,0.6168936045841485,0.0,0.06251572079041663,0.9374842792095832,2.6979605230657553,0.25844194765760675,0.22933457967663545,0.3675171875842342,53.42693062011812,6.508335168118341,23.342736417692564,34.9820033498666
"Nanwalek ANVSA, USA",42.456017305553,40.26701146431549,37.34899257163109,0.0,0.607073691491503,0.39292630850849714,0.0,0.09510961332153726,0.9048903866784628,3.541450057945541,1.3333772434489677,0.2711869618624371,0.7205939961038845,52.8813265643627,33.6862603096814,40.488322358848116,42.30954203934585
"Tanana ANVSA, USA",35.25414570095915,31.47019569057783,23.129862730946506,0.00018120332797857592,0.4674235828090087,0.5323952138630127,0.0,0.15665481587214025,0.8433451841278599,3.899343803011013,0.28610359632408144,0.14636992134218202,0.028743293650666527,64.05154989627052,6.242610754258495,19.17341535514037,49.85103783085542
"Nulato ANVSA, USA",35.08374233404286,31.415730351775593,24.18463660881947,0.0,0.45872800585193446,0.5412719941480656,0.0,0.15581045086972345,0.8441895491302766,3.747126699561691,0.3042707554740923,0.2097164348849738,0.04109139939834873,62.25040305293093,7.826249475715643,20.91703768839409,47.76891472230051
"Modoc OTSA, USA",69.54016972449662,70.63578320951774,53.324086188280646,0.12685045503173834,0.804361906573682,0.0687876383945796,0.20152156459469323,0.40612212403525594,0.3923563113700507,5.826729171221095,1.0718723762390459,0.03922077763268675,0.14368116443842016,88.53458694174749,50.90595300243296,62.80760324775846,74.92416494340854
"Northway ANVSA, USA",35.540104442523514,31.64352647446037,21.862982738019728,0.0,0.49982808381255595,0.500171916187444,0.0,0.0936226930007088,0.9063773069992913,3.5611706403324064,0.2637529789307094,0.11224700753947076,0.0025565166482774543,64.98274573701892,5.044540484613382,17.972018770251108,52.37103122753213
"Nunam Iqua ANVSA, USA",35.74422393855227,32.64702060685571,29.007470850942195,0.0,0.4396085749245335,0.5603914250754666,0.0,0.10541041406561116,0.8945895859343889,2.331099802626946,0.3719790717293409,0.21347998247949473,0.5502329832968152,56.57006140796689,15.77902405851023,29.574849458288515,40.018321044341036
"Old Harbor ANVSA, USA",42.53306414078691,40.33542972837522,37.12507850623504,0.0,0.5340114750007023,0.4659885249992977,0.0,0.11397353461648939,0.8860264653835105,2.670540630425821,1.2601056108881954,0.6303542068669746,0.31657015087515294,55.61347503990715,31.95248384256158,39.29969665018436,42.677702403651104
"Kalskag ANVSA, USA",38.33287223309821,35.21764109004624,29.259703114984674,0.0,0.4935358967271459,0.5064641032728543,0.0,0.14860704682224496,0.851392953177755,3.0172961235731464,0.4373022981933034,0.18862843995396605,0.3541027892316961,61.12585987790095,15.85161760318438,28.1594947996913,46.943946359338696
"Shaktoolik ANVSA, USA",31.513747519520297,28.098627226077262,25.78882436680406,0.0,0.36455325459901566,0.6354467454009843,0.0,0.08718445165939552,0.9128155483406044,3.221786959765647,0.4057631859323812,0.20771612375285606,0.5393582978506516,52.72662307357008,12.28334191425125,24.755684129853535,35.243866864497676
"Aleknagik ANVSA, USA",40.77574806831911,37.967816279677194,32.131058321303286,0.0,0.514984681343009,0.4850153186569911,0.0,0.14568471018377524,0.8543152898162247,3.0578398887582634,0.7369593254680886,0.35041508887748524,0.2775855426115476,60.89246970531336,22.175368591849562,32.98121671935963,46.01216147038984
"Grayling ANVSA, USA",36.708944039792634,33.37689356533021,27.259675909421993,0.0,0.467673039118504,0.532326960881496,0.0,0.15071381261558703,0.8492861873844131,3.3787386473847283,0.41157440149720603,0.26698555887907865,0.19342747357139273,61.05372948556186,12.9276333504959,25.161448837713166,46.33625648376616
"Mekoryuk ANVSA, USA",34.822013043644795,31.93837429885169,30.292524056920197,0.0,0.4082079274947723,0.5917920725052277,0.0,0.05046739175808033,0.9495326082419197,1.7469000393710505,0.408025646167246,0.2908705725758339,0.7779174836589685,51.84284615369,18.913072999648623,33.03371355650024,34.767568485262885
"Venetie ANVSA, USA",33.135588140429974,28.906836056064414,18.930649092792347,6.673764403555935e-05,0.44198686528056896,0.5579463970753954,0.0,0.10311178953456518,0.8968882104654349,4.665902229591917,0.16322559488644325,0.11109506913551313,0.07669091038343624,65.5082686815977,1.4018334957313539,15.388771911961237,48.35772433013005
"Cantwell ANVSA, USA",29.64463633344194,25.619868078568903,20.567882363826122,0.0,0.3940797581721494,0.6059202418278505,0.0,0.033824040904760454,0.9661759590952396,2.766433350110805,0.3396754043759926,0.27937930928162535,0.0027241239765681408,54.68321017700821,5.750079731661576,16.40213594591908,40.31320627293729
"Eastern Chickahominy TDSA, USA",68.9238582821124,70.2333984673893,54.91896489874451,0.0752056156073488,0.8797582606436973,0.04503612374895379,0.23023537849172007,0.41071919927665845,0.3590454222316214,5.229140813879834,1.1025946388424817,0.03335848826317998,0.08427752618553808,85.406502775844,51.73700394736419,63.54609886890564,74.14363193576882
"Kobuk ANVSA, USA",29.797825226681173,25.71341212878437,20.232471892581735,0.0,0.4153344405039915,0.5846655594960084,0.0,0.14958103808876363,0.8504189619112366,4.009172393762338,0.41838843900237027,0.253307505662385,0.0207524290873773,59.48635206679119,1.0151561199462154,14.806038832698366,42.202482062744096
"Port Alsworth ANVSA, USA",37.87693778224016,34.78841046199924,29.48702845285796,0.0,0.47468291880409874,0.5253170811959013,0.0,0.09293011858493015,0.9070698814150697,2.3588348638363517,0.6166658738669472,0.5424313221432395,0.006942582504175937,57.44614067687795,19.609737550735005,29.53498046033745,43.87518183421591
"White Mountain ANVSA, USA",32.02084434010248,28.44590644735703,24.65362370494367,0.0,0.40259841248919553,0.5974015875108045,7.898118160248864e-05,0.10178416935066031,0.8981368494677371,3.737530224566977,0.35997703013714766,0.3010267248110855,0.293529537125541,55.61945428677122,9.402103637409422,23.48571884976972,38.35588356066242
"New Koliganek ANVSA, USA",41.69146444587519,38.90347402174104,32.426210676803265,0.0,0.5422390536453449,0.4577609463546552,0.0,0.15083167139642886,0.8491683286035713,3.126870125969236,0.6566525726865149,0.27093780275487045,0.5030546651825129,61.48736280012786,22.74448617072736,33.404259410913944,48.07191768482317
"Deering ANVSA, USA",28.37594421446283,24.590534885568605,22.24242154836879,0.0,0.34861686535670494,0.651383134643295,0.0,0.045217419166881295,0.9547825808331187,3.1150476242222433,0.23142360000688428,0.15724270616966068,0.3586898286502192,52.03137345861617,5.6268048373232,21.98577932209633,32.70797809007863
"Allakaket ANVSA, USA",31.648783361024414,27.60268793415946,20.543119087672007,0.0,0.4412090878438621,0.5587909121561379,5.898995282627203e-05,0.15742637773323725,0.8425146323139365,4.051602229842436,0.2982142044001396,0.18891031713081488,0.015511929230322956,62.561814842144976,0.5051727943007,14.850420707941193,46.87010382927066
"Holy Cross ANVSA, USA",38.23241475104809,35.03330678997852,28.53885674578674,8.028121341918753e-05,0.4907898977644694,0.5091298210221115,0.0,0.15710082878655882,0.8428991712134413,3.271048688630243,0.41173066468501385,0.18465107971994563,0.28989926956969714,62.18171759353374,14.439204419810135,27.080654380725708,47.89036814375192
"Golovin ANVSA, USA",31.25757966587587,27.78303508228603,25.201545349575674,0.0,0.37495399806104884,0.6250460019389511,3.2971827859853925e-05,0.09150114619685354,0.9084658819752865,3.7419036225597875,0.41220604147657597,0.27233802165252186,0.5001591010314819,53.70820658804571,10.186630633319105,24.43510553605277,35.592048555741385
"Port Lions ANVSA, USA",44.697627779979314,42.52864758350392,37.84056732729002,0.0,0.6083471328133214,0.3916528671866787,0.0,0.1370360369477924,0.8629639630522077,2.888612399894733,1.0280328062497088,0.4817668373094212,0.24988885016413315,58.79513785851416,33.084823869984874,40.288893889828685,45.951281519433806
"Manley Hot Springs ANVSA, USA",36.342843212571644,32.56370966437589,23.224480834015075,0.00024346990784705042,0.4784622942552549,0.521294235836898,0.0,0.16102334644756225,0.8389766535524378,4.073376311953762,0.274873901048285,0.1320897162503628,0.06906315909084275,65.75126266207383,6.669834507479331,19.642235674256316,51.56157461934323
"Newhalen ANVSA, USA",41.89131600544339,39.18590068673552,33.34762018077394,0.0,0.5573747601984445,0.4426252398015555,0.0,0.11997770538477684,0.8800222946152232,2.9206989005180004,0.7350351267215098,0.3255642453047898,0.36246494735608953,58.53735884581426,26.675497086197463,35.36719388259129,46.12271051069062
"Wales ANVSA, USA",27.222923893916903,23.61754574035561,23.15909999105894,0.0,0.29480077231243,0.7051992276875699,0.0,0.011796803576339648,0.9882031964236604,1.8904848756193695,0.2627265932576953,0.271418507081925,0.7882229923618824,46.39932945327638,7.191174856245433,27.57034498043295,26.94642778175998
"Port Graham ANVSA, USA",42.48562798912375,40.280495023930214,37.232703689304465,0.0,0.6014952837383516,0.39850471626164835,0.0,0.09861214252549547,0.9013878574745045,3.5086651923695085,1.346851856234064,0.27391056630217653,0.6839858869027173,53.26807267056185,33.413082615603464,40.26344359148241,42.517878721116574
"Tyonek ANVSA, USA",42.68685890889073,40.04859079015181,33.94969847903412,0.0,0.5472872690357267,0.45271273096427334,0.0,0.20964290447936154,0.7903570955206385,3.8297664424637308,0.6299805610719554,0.3174164002017036,0.14125889268984398,60.473757642729815,26.07226496073544,35.06130938039712,48.19104541695294
"Kaltag ANVSA, USA",34.50268706110079,30.88466279477816,24.56015925318625,0.0,0.44849724663884094,0.5515027533611591,0.0,0.144952266199778,0.8550477338002219,3.7098377882681075,0.36783818046186084,0.2729268165441064,0.0768335329370775,60.53206387928773,8.979418127631849,21.011754726115555,46.00044088698466
"Kokhanok ANVSA, USA",42.61590481088123,40.05723732691833,34.52089458747042,0.0,0.5504324985404928,0.44956750145950714,0.0,0.13568546688613578,0.8643145331138643,2.4999486076309045,0.7726263556833265,0.45030532582173693,0.4043312804474734,59.470913565666514,27.79793892331703,36.10646192376853,46.23408528854084
"Arctic Village ANVSA, USA",22.532808098561922,17.70338212292988,13.106154970394542,0.0,0.34411445018528874,0.6558855498147111,0.0,0.05228173435396744,0.9477182656460325,3.9761584085363264,0.22892772591099486,0.15011340931951053,0.006305138502072705,55.21335980247887,-7.811977406165454,5.870314732694896,35.03326348651738
"Minto ANVSA, USA",34.87799603801241,30.99883844701225,22.13480512792887,9.339273714268607e-05,0.46894306388664925,0.530963543376208,0.0,0.14052782534289865,0.8594721746571014,4.047159809938408,0.2599589601326107,0.12885065829363568,0.11740083531209888,64.93467490186379,4.512625388963759,17.962668094337058,50.32141689564266
"Tanacross ANVSA, USA",33.439139472597304,29.457047182609553,21.118422677753415,0.0,0.46701235033568633,0.5329876496643138,0.0,0.06536300135051273,0.9346369986494872,3.5242788022882854,0.2763807130901958,0.15859194199857496,0.0004684029682159775,61.567003082571176,5.093565547953302,17.058626956453068,48.353497801652445
"Ruby ANVSA, USA",35.89764245893732,32.22657710983758,24.179563458391335,5.406175473368093e-05,0.4734246264948365,0.5265213117504298,8.831581736288969e-05,0.16402362802054024,0.8358880561620967,3.7116007807912634,0.3290875599309371,0.19446912248898474,0.02557256006653615,63.48166576109722,8.163994678231187,20.637207907401088,49.685834672977286
"Tetlin ANVSA, USA",34.61242660051652,30.685224833250153,21.59572872896456,0.0,0.4856120257474942,0.5143879742525057,0.0,0.07666412127450331,0.9233358787254967,3.613077720946414,0.25974179281940907,0.12854729183130287,0.0021448460904327734,63.48349323877619,5.106066508879758,17.582988350649902,50.53282444411568
"Eyak ANVSA, USA",41.48489873188473,38.92402606224425,34.38457899804842,0.0,0.5370096076367874,0.4629903923632125,0.0,0.13978724712412643,0.8602127528758735,2.7047760418274827,1.412352136572215,1.322061841680011,0.30700548786989007,55.924147139145475,29.06221765301281,36.453093562164106,43.78898814290423
"Nondalton ANVSA, USA",40.79161287302479,37.889084656225805,31.532760783695213,0.0,0.5358793074705294,0.46412069252947064,0.0,0.1175171862254217,0.8824828137745784,2.787088468736132,0.6460328039998777,0.4047161749696647,0.11905663870427259,59.279093223297075,23.161901635399573,32.81861902584805,46.908985649107194
"King Salmon ANVSA, USA",44.018448509060775,41.396546006257616,34.2506963050825,0.0,0.6207467375612425,0.37925326243875757,0.0,0.1564882834075396,0.8435117165924604,2.903666547232836,0.6298295368385988,0.19907562893032438,0.3394821504784818,61.023832557296714,28.015322010181936,36.651048054940674,49.46927280567647
"Gulkana ANVSA, USA",38.537643334694266,34.89432632145848,24.661100574161956,0.0,0.5099458129000339,0.49005418709996607,0.0,0.05540117827747641,0.9445988217225237,3.7574489685097037,0.26993311310970175,0.19211621879792973,0.08258728953718293,63.432844759024626,13.66854977043643,25.074317365799768,50.522386470507406
"Pitkas Point ANVSA, USA",36.960382658207486,33.845636201760996,29.03306799359851,0.0,0.45845272936870585,0.5415472706312942,0.0,0.1279557987035577,0.8720442012964423,2.832175932263799,0.4003073319287667,0.24084372690714076,0.44246556291479777,58.92341518014375,15.701972029128639,28.49792475129792,43.56154773642409
"Ouzinkie ANVSA, USA",44.804565014768436,42.72488409911327,38.616390353934094,0.0,0.656584894689964,0.343415105310036,0.0,0.1328649310769296,0.8671350689230704,3.2768947691995916,1.2164071986113814,0.28410172341522155,0.5030738448228458,56.75092258782833,35.06398766158531,41.56756801021189,45.285507036685715
"Ekwok ANVSA, USA",42.495934680593834,39.75489591772214,32.91792646427199,0.0,0.5602959163755319,0.43970408362446795,0.0,0.15187904030826843,0.8481209596917315,3.1160995160076053,0.6590011256016926,0.2486807458864889,0.48110597358462315,61.815019385944865,23.940151061962112,34.407229091900916,48.78682032793766
"Iliamna ANVSA, USA",41.62949605425916,38.89444534713314,33.05355096123976,0.0,0.5515239999975127,0.44847600000248733,0.0,0.11772439053401275,0.8822756094659873,2.8637277119978046,0.7294914682581181,0.3383875788016739,0.3193907457579162,58.532867059335494,26.089000598749617,34.91566248618454,46.09947556785084
"Mentasta Lake ANVSA, USA",30.274185431216964,26.227482864895432,20.447078549998672,0.0,0.40571602435541404,0.5942839756445861,0.0,0.03232686081598272,0.9676731391840173,2.883171966706504,0.3528555421723211,0.28941196736957103,0.001279318861186174,55.117320274413856,6.346125179976782,16.33808939456084,41.84665240270151
"Gakona ANVSA, USA",38.1535636179677,34.471719308615874,24.367243400469025,0.0,0.5039069282587636,0.4960930717412363,0.0,0.05390736360749006,0.94609263639251,3.7848262847617486,0.2876309111267305,0.1867084027342399,0.06290864958323748,62.79378314402736,13.814899768408267,24.633109498341238,49.93377089356588
"Chuathbaluk ANVSA, USA",37.71949627257026,34.51975950160671,28.491615009702745,0.0,0.48795892681168507,0.512041073188315,0.0,0.1326456394336396,0.8673543605663604,2.769673072981053,0.4566737199442898,0.209908090294532,0.15764262966206843,60.48481591131899,15.575518988988414,26.934080199323855,46.61808059955554
"Twin Hills ANVSA, USA",39.28384200305533,36.50607526735621,32.11727435894655,0.0,0.4826494332392275,0.5173505667607725,0.0,0.11427806011385044,0.8857219398861497,2.8590473154210145,0.7651405326125609,0.3608567807779579,0.4424946769982211,57.75796687240804,22.424054548445746,33.30244453976812,42.73605215031567
"Andreafsky ANVSA, USA",36.97064889344746,33.852920399220864,29.014347544377834,0.0,0.4583279710430516,0.5416720289569483,0.0,0.1288926713500337,0.8711073286499664,2.8543620623144643,0.4047849252914211,0.2445044909865896,0.43017006384045986,58.946980838694564,15.711581768494957,28.42139353849288,43.64260225916065
"Port Heiden ANVSA, USA",41.35011853126327,39.01648441874148,36.0152476638363,0.0,0.5428796887540387,0.4571203112459614,0.0,0.08784646666502523,0.9121535333349747,1.7513422935524292,0.7282194319204239,0.355545545570138,0.550177813416287,54.094677102410714,30.058578806188347,39.464501195413085,41.22889781516315
"Shageluk ANVSA, USA",37.509721583195486,34.23738987653236,27.81670696796039,0.0,0.48423237528295454,0.5157676247170455,0.0,0.1602775981377536,0.8397224018622466,3.2600264533911303,0.41890015378713535,0.21055424039266618,0.2404056840134474,61.9775682667671,13.228540762357202,25.77644359186544,47.68379394680171
"Koyukuk ANVSA, USA",35.30829662171865,31.618590000773537,23.969312109678864,0.0,0.4645111111168303,0.5354888888831697,0.0,0.1556514636258804,0.8443485363741196,3.727402538958209,0.30163162235217406,0.18499987527833392,0.035979074231614054,62.97258308000523,7.299926118858683,20.76755969326485,48.58701101348654
"Chignik ANVSA, USA",41.65325711399332,39.454737303563164,36.97368008205569,0.0,0.5416070879685034,0.45839291203149646,0.0,0.08828308520562939,0.9117169147943706,2.2306772994262762,1.2375326663137114,0.34376778606410574,0.628192463662078,53.27310338940282,32.03790029153588,40.261521814285835,40.56087431571117
"Sleetmute ANVSA, USA",39.08581652746656,35.86910632539433,28.54520636085742,0.0,0.5077920885540439,0.49220791144595605,0.0,0.1496467328079328,0.8503532671920673,2.9852075235576674,0.4790529250677617,0.26108432591219394,0.12319190061989344,62.10392439307264,16.432694643128492,27.430302885322718,49.06403883413993
"Chilkat ANVSA, USA",36.87404899916745,33.85492936990863,29.602765636105193,0.0,0.4157769763721439,0.584223023627856,0.0,0.05214642692526767,0.9478535730747322,2.1635357866848035,0.7105248469284288,1.7051560947208226,0.0,55.74821136622879,20.611783129402188,28.872779196475662,41.28585916704639
"Circle ANVSA, USA",32.93112088314772,28.774690669648496,19.46885085267741,2.4989820144039993e-05,0.4669146787496921,0.5330603314301638,0.0,0.13477351872990784,0.8652264812700923,4.151097305308862,0.19779148824018955,0.10700387480196721,0.008422433134587086,66.64851084415311,-1.4969760967618788,13.82557962277803,50.73958282126254
"Crooked Creek ANVSA, USA",37.189752621669406,33.91990993687446,27.815392503165864,0.0,0.4807882792464006,0.5192117207535994,0.0,0.1351461664337873,0.8648538335662127,2.8101850217545508,0.42755123542255286,0.23396084183510785,0.10123198761652925,60.505667830371245,14.39084364911195,25.70422046621252,46.841715758457255
"Tatitlek ANVSA, USA",42.31311500252152,39.78196417160146,34.77618524026502,0.0,0.5510349099133834,0.4489650900866165,0.0,0.13536768021026735,0.8646323197897327,2.9456550058139923,1.6080372273860863,1.111946066383666,0.1988943005208656,56.09899668284425,30.50614286613331,38.29871121452644,43.69625613848248
"Nikolai ANVSA, USA",39.317697733248266,35.91512483416061,26.80289107584793,0.0001293019609388633,0.5159366395190343,0.4839340585200268,1.6061692850360886e-05,0.1706387046804107,0.8293452336267388,3.2143179590335937,0.4187649227121319,0.18098806175929677,0.057944272931252185,64.79862038367774,13.733565293728919,24.770949006275654,52.454283334682934
"Perryville ANVSA, USA",40.50297905161512,38.18090037603898,35.75869507941874,0.0,0.4780258028858478,0.5219741971141523,0.0,0.07512136187280839,0.9248786381271916,2.3344276919450104,1.000001119016745,0.9466390472554966,0.4211127907189226,53.41569707562366,30.597086302197116,38.198361234240735,39.25568703934945
"Hughes ANVSA, USA",32.18979387314146,28.259080327908514,21.661264820657536,0.0,0.4383855086457666,0.5616144913542335,6.580569105803187e-05,0.15723851112871906,0.8426956831802229,3.837241771614798,0.3131851075949023,0.1842243531355454,0.05488672587095416,61.4263018558408,2.8500625428807664,16.47698564466735,46.300505954816934
"Inalik ANVSA, USA",26.33084130941884,22.674950183983228,22.51935534056035,0.0,0.26391740114042395,0.7360825988595759,0.0,0.0016905741694254197,0.9983094258305746,1.813322127118106,0.24228784239673,0.2751704845339066,0.8344594584941988,43.94558292138389,6.766480946960235,28.081556084681498,25.8350551490431
"Chitina ANVSA, USA",35.23984303373746,31.629319266018577,24.86068398491926,0.0,0.4413447399701367,0.5586552600298634,0.0,0.03840927515264516,0.961590724847355,2.6951089616696984,0.43705936956866676,0.5701304838420821,0.0003981150286257632,58.22878522551462,13.786399121965191,23.79412593824148,43.87236104829485
"Chignik Lagoon ANVSA, USA",41.5737662517532,39.33267673011783,36.64707852836478,0.0,0.5304766359435245,0.46952336405647555,0.0,0.08778348724767063,0.9122165127523295,2.088881838601191,1.1310728704163413,0.4656014256776988,0.5400161809945094,53.88211483770829,31.409411780330085,39.69900551135547,40.78413261501698
"Anvik ANVSA, USA",37.47468003588237,34.21306089171735,27.94323180372901,0.0,0.4785981276676374,0.5214018723323626,2.481390595626368e-05,0.1598982976049331,0.8400768884891108,3.356531272865761,0.41211783669947355,0.23013346005830151,0.20451575128877597,61.617699641301975,13.691132531670767,26.148254476479572,47.096016505741616
"Oscarville ANVSA, USA",39.07225345629592,36.06340467230237,30.24427876125058,0.0,0.5051109009050787,0.49488909909492124,0.0,0.13387996383667397,0.8661200361633261,2.748047587029497,0.44573196653966646,0.2018209118181651,0.4465380435121397,60.189063155047684,18.153936371255497,30.300719323373674,46.50329912062997
"Pilot Point ANVSA, USA",43.54201058450588,41.14488455436411,36.04254347436384,0.0,0.6240268787976153,0.37597312120238485,0.0,0.13294429286692747,0.8670557071330725,2.2651360123471127,0.7201060123568507,0.19618477292860065,0.4981525272317977,57.98895529553413,30.0888307628725,39.48854169427022,45.89885582543058
"Levelock ANVSA, USA",43.89642612929053,41.23561466240298,33.866364644322246,0.0,0.6056005179656881,0.3943994820343119,0.0,0.16187882914535753,0.8381211708546425,3.052002163416785,0.6745807572759474,0.18895837828584613,0.4233940494653929,61.9000109901962,26.751323399476707,35.99924160280714,49.96114991530169
"Igiugig ANVSA, USA",42.33141871946406,39.70131458024313,33.9846993200926,0.0,0.5633953837091038,0.43660461629089614,0.0,0.12892363405874502,0.8710763659412549,2.9155264112975936,0.7569973082345446,0.2353370352175725,0.4297858819058424,59.093321270088275,27.041677308219988,35.96786906456124,46.358785089600566
"Clarks Point ANVSA, USA",41.687101912363865,39.01287525146034,33.41939890634921,0.0,0.548045345074101,0.45195465492589904,0.0,0.14492799399680723,0.8550720060031928,3.22331482380754,0.6715777223750586,0.2393762618531813,0.49291384131368965,59.937726138052845,24.587984504337182,35.31684955766342,45.9800371193583
"South Naknek ANVSA, USA",43.794105819976984,41.18546068847968,34.3420415353644,0.0,0.6152447741174358,0.38475522588256417,0.0,0.1594819454601901,0.84051805453981,3.003852977088487,0.6309263699885665,0.19202920737946988,0.4206793209246391,60.86111853290782,27.74176747110473,36.70493711288877,48.96011768555502
"St. George ANVSA, USA",39.57817912001284,37.28132439350927,35.68218457995024,0.0,0.47900925578312686,0.5209907442168731,0.0,0.02072800873563909,0.9792719912643607,1.6124045026076634,0.6646668444013262,0.2445001094701836,0.8720738523262477,48.20950371759341,32.624074335050324,40.41470271707575,36.771558274795034
"Chignik Lake ANVSA, USA",41.17196649063062,38.852869019900844,35.9672634605578,0.0,0.49861552968324624,0.5013844703167539,0.0,0.08548104340051099,0.9145189565994891,1.9656227368125234,1.0365933840831403,0.6399814109287784,0.36701871817279175,54.754118122878275,30.21780693175911,38.4966155817018,40.630455424813306
"Akhiok ANVSA, USA",43.286155333711854,41.23764339416758,38.498734749980194,0.0,0.6271648670177189,0.37283513298228127,0.0,0.12049661776300295,0.879503382236997,2.8671153251821044,1.3186892159284338,0.1794773711762122,0.7741267169156147,53.728345649767135,34.712981282687586,41.5319222716882,42.72518408987351
"Eklutna ANVSA, USA",40.32571085793881,37.31148435612429,30.43294622939309,0.0,0.5172006077838086,0.48279939221619156,0.0,0.12909134934061792,0.870908650659382,3.288199854411731,0.6511736517882948,0.4380633398110349,2.5428024847550496e-06,60.45964700412519,21.241098443780857,30.101062889316704,48.36394423233646
"Chenega ANVSA, USA",43.74805604129135,41.71397652458611,38.71021161081009,0.0,0.6041523632278132,0.39584763677218676,0.0,0.1699999066623344,0.8300000933376657,3.3121245992313963,2.149081935553692,1.0512365647879456,0.4405848970418343,55.624228026098706,34.40009316745788,40.89330609478823,43.545933122734176
"Rampart ANVSA, USA",30.707860325535574,26.65961236328378,20.33229699633723,0.0,0.42845324061940154,0.5715467593805984,0.0,0.12669875305813486,0.8733012469418653,3.6139873689955193,0.2850116516301937,0.16290770226705667,0.08526133573828712,61.09146685489377,0.47178791827128513,14.131240500845632,45.36208443525329
"Stony River ANVSA, USA",40.03938241997872,36.841655903909476,28.797411805175965,3.02914866279454e-05,0.5217203257044403,0.4782493828089318,0.0,0.1634319074248689,0.8365680925751311,3.0562134188184777,0.4976191063388993,0.23690115571604764,0.12431428869987815,63.08993420932529,17.115661259472233,27.969193893627686,50.65536142913965
"Chalkyitsik ANVSA, USA",33.59049087710641,29.427229075906926,19.4127711498496,0.0006996155544024441,0.45627814384717824,0.5430222405984194,0.0,0.12293405814571577,0.8770659418542842,4.5747211854307395,0.17262279101276762,0.09507083707052781,0.09372513210791875,67.1778238483842,-0.2217502145919905,15.234332890838939,50.20270650065741
"Takotna ANVSA, USA",36.95650291648443,33.47828856548846,25.967936967123524,0.0,0.48920906153318716,0.5107909384668129,0.0,0.15103096502954613,0.8489690349704538,3.093853487708468,0.41221495844170325,0.2120008498886682,0.02854269891348014,62.16631053344084,11.574347584666242,23.104448214640456,49.499167325935375
"Platinum ANVSA, USA",37.87930600210503,35.19444200474046,32.54931468251638,0.0,0.4701354580479401,0.52986454195206,0.0,0.0989467290082091,0.9010532709917909,2.4061567631661522,0.6799468487282183,0.2773130441325915,0.66356386494571,54.21025674782423,22.668376877538503,34.478057073817844,39.40326575215591
"Eagle ANVSA, USA",33.437859206765175,29.434057972856547,21.009229779104743,0.0,0.46549453662559587,0.5345054633744041,0.0,0.10203762167330502,0.8979623783266949,3.9369005574747367,0.30312958690997016,0.1434482843778973,0.0009181798812837621,63.067777090761645,3.8386753498976476,16.182935500358276,48.88879265683445
"Atka ANVSA, USA",41.2350711799101,39.19347497445275,37.86284933723599,0.0,0.5491336687848772,0.45086633121512265,0.0,0.025534662868373557,0.9744653371316265,1.810639653164489,0.9699895621860906,0.27656364972379965,0.9125635869285114,47.59212433555998,36.142255037769765,42.05255255491573,38.94428146467219
"Chistochina ANVSA, USA",35.623978112841016,31.834006655813646,23.415233438517074,0.0,0.4700689743173337,0.5299310256826663,0.0,0.05071492881285229,0.9492850711871474,3.609452547714363,0.3649301296496297,0.22126179423709488,0.028262396494531862,59.41333681419175,12.885537025073372,22.355618773592322,46.461005242508435
"Beaver ANVSA, USA",33.08144867664167,28.931033391976285,19.531998751495365,7.101302006895404e-07,0.44991133458172133,0.5500879552880781,0.0,0.1239365347596159,0.8760634652403841,4.366250217015129,0.1770678700817685,0.11806720922364423,0.13565051059796918,66.28261503972637,-0.26605464758109415,15.059218596233274,49.308716173835826
"Pedro Bay ANVSA, USA",40.03202019007435,37.19500972165575,31.872198606087338,0.0,0.5009051261454834,0.49909487385451656,0.0,0.11076993033017853,0.8892300696698215,2.6113030663017316,0.7679172426596443,0.6231467673432727,0.10784558160468224,58.00119939540469,24.12931323049237,32.53508960231713,44.52513755838706
"Nelson Lagoon ANVSA, USA",42.151988870761585,39.944564403579996,37.142985373876414,0.0,0.5690571715290508,0.4309428284709492,0.0,0.08509274459447469,0.9149072554055253,1.6411132877049588,0.841984415566141,0.20610271316140227,0.7010234875438598,53.10957393349775,32.97112489717378,41.469118898973605,40.62415506940507
"Egegik ANVSA, USA",41.69138784121568,39.18393484269683,34.8210425761189,0.0,0.5622595463232702,0.4377404536767297,0.0,0.1384207158633638,0.8615792841366363,2.799037151630344,0.6905931889961676,0.1972612643288925,0.5894951025114428,57.37583155496701,27.619748752320202,37.13911791713633,43.87610676970916
"Nikolski ANVSA, USA",42.18438338789067,40.17896182320752,38.43026592920255,0.0,0.6264224479060899,0.37357755209391014,0.0,0.03498060495947629,0.9650193950405238,1.8844711238787182,1.103081244681657,0.1827679594025026,0.8907175464133206,48.6222149139887,37.08234749522022,42.76029261988513,40.05443996213588
"Waccamaw SDTSA, USA",74.20655342618088,76.81854361006405,59.77644936974604,0.09611810219533518,0.895214408442767,0.00866748936189771,0.3129244133298826,0.4400620825044244,0.24701350416569298,5.369016509759816,1.2828769360000245,0.004428401419764623,0.10851616697151008,87.3152051699642,60.34373991330379,69.49765707938968,78.96816771715305
"Stevens Village ANVSA, USA",32.906828233272,28.813738215341697,20.112982304357423,0.0,0.4508504232381696,0.5491495767618304,0.0,0.13850515885614093,0.861494841143859,4.135301562623878,0.21166952109666892,0.13376096510916088,0.11753503138799143,65.37788406789507,0.04895044914828313,15.392990348191015,48.90900079868572
"Birch Creek ANVSA, USA",32.645043033099114,28.42519832667675,18.80747820244683,0.0003438854926504394,0.45598032019129464,0.543675794316055,0.0,0.12385364240468305,0.8761463575953168,4.348030001707921,0.16208304800611803,0.10275578885278198,0.0542978718875444,67.14764667455127,-2.570094026232447,13.754422505499655,50.215477629885264
"Evansville ANVSA, USA",31.411538793887146,27.3310900571734,20.31366864263208,0.0,0.43068032057911737,0.5693196794208826,0.0,0.1445201930829066,0.8554798069170935,4.121785099009046,0.31867159937427403,0.21027518613796276,0.005286363028523428,61.680459964249465,1.6032791325453524,14.814933378257638,45.78093238736191
"Larsen Bay ANVSA, USA",43.11959393675584,40.86997763160844,36.93245354423807,0.0,0.5640485042132211,0.43595149578677905,0.0,0.12050004704310015,0.8794999529568998,2.52764014211706,0.8940593802423461,0.40344132368015323,0.21177375348279315,56.86545050088358,31.54208238261777,39.03259418291848,44.38766765853964
"Kasaan ANVSA, USA",49.60376493435361,47.95006782254015,42.69375235449654,0.0,0.8161207066699205,0.18387929333007946,0.0,0.25447536064114257,0.7455246393588574,2.215703597312299,2.2739568248171462,0.328108272583434,0.17492724559398776,61.51737343216665,38.95980916077633,45.158450977837035,52.17620979693369
"Ione Band of Miwok TDSA, USA",72.7475315814524,71.3696138953842,48.73454620196015,0.14252646838158248,0.8570639260475681,0.0004096055708494153,0.000298909202135558,0.46756694321865233,0.5321341475792122,7.851514018199986,0.8638016904258824,0.023001491047961585,0.03033833394208236,89.10602420435902,58.66271611043639,67.8453015435124,74.59315190440644
"Karluk ANVSA, USA",44.364834642008425,42.20666340822539,38.00203368030161,0.0,0.6483480519954371,0.3516519480045628,0.0,0.14220559003999633,0.8577944099600037,2.9918115811425583,1.0423932595293284,0.2178780814493573,0.5231956314467969,56.6628523170339,34.09425713262215,41.020830256680995,45.11130958350797
"Healy Lake ANVSA, USA",37.01643423686131,33.33522482795706,24.150230787569285,0.0,0.48856862183169797,0.5114313781683021,0.0,0.1145924116164433,0.8854075883835567,3.740485363201822,0.35274277146215666,0.15577376580134378,0.014466644565453936,63.34284133380567,11.229659814571313,21.206491481792952,50.71173855057927
"Dot Lake ANVSA, USA",34.62697037148162,30.714289439939243,21.956889553678376,0.0,0.4708208755930408,0.5291791244069592,0.0,0.07554617405238749,0.9244538259476124,3.631713386136367,0.28889052813425287,0.16705366859467305,0.0011169499039070786,61.96921573148104,7.519568432160841,18.522479121001584,48.86522741538862
"Red Devil ANVSA, USA",38.33941461713993,35.1008221747904,28.24890036765893,0.0,0.49735598219751365,0.5026440178024865,0.0,0.14640000734304762,0.8535999926569524,2.9360291752860093,0.47123344168829406,0.2613871523984333,0.10882956368126816,61.432498268410285,15.702392792476633,26.69844586201832,48.21500899523527
"Lake Minchumina ANVSA, USA",36.91756474376842,33.33136316649999,24.965882660082045,0.0,0.48704479546137325,0.5129552045386266,0.0,0.1594639973762289,0.8405360026237712,3.2670378316993722,0.3243570206749837,0.14212050414692143,0.06954965991906528,64.18298194433899,9.325574315089579,21.494003989660467,51.048870171112455
"Alatna ANVSA, USA",31.416198667783387,27.357507594638363,20.42522992635762,0.0,0.43918856345695534,0.5608114365430447,7.835423661531542e-05,0.15714623420190835,0.8427754115614763,4.048363751123735,0.3031836708056568,0.19314894834017463,0.015463773891156064,62.30705120240197,0.2917005786598426,14.644945475086107,46.61502651837389
"Lime Village ANVSA, USA",38.96648354517775,35.747935098671846,28.5102769861315,0.0,0.5160237791285996,0.4839762208714004,0.0,0.14582400517258182,0.8541759948274182,2.7226650972859647,0.566965167242552,0.291940000128633,0.06645879173074079,60.86390949303817,17.36315535387794,27.340287775864585,49.034054093813474
"Portage Creek ANVSA, USA",42.28313148246932,39.624167662984604,33.652175129201225,0.0,0.5653999721787939,0.43460002782120616,0.0,0.155605436824554,0.8443945631754459,3.1565239236772276,0.6491277266364455,0.2161140443060604,0.5214856692195237,60.342197246855996,25.198239357696597,35.34922863943316,47.301923685253556
"Ugashik ANVSA, USA",43.84544247683014,41.436590788455746,35.936401951153314,0.0,0.622751426872487,0.377248573127513,0.0,0.13247848740933743,0.8675215125906627,2.0146398890179533,0.788487352844622,0.21554071374955153,0.3445311165264511,58.904777826986944,29.876019126958553,38.96220761113996,46.88871883794433
"Belkofski ANVSA, USA",41.81761888443626,39.66152478125362,37.32313695226701,0.0,0.5488000086833427,0.45119999131665744,0.0,0.08000502629227552,0.9199949737077245,1.927900442785738,1.082779539797496,0.32249323371854255,0.6319040532849003,52.437748626317074,33.02694469664678,41.067423039981605,40.31817372691871
"Council ANVSA, USA",31.603387195917875,27.91407957215827,23.589786945146308,0.0,0.40546036345881364,0.5945396365411864,5.4640430981191265e-05,0.09747946712598853,0.9024658924430303,3.4340819919338808,0.3146751658037297,0.3156584239693003,0.1402046653910567,56.67375068809517,7.415141086617719,21.63983033821116,39.35900502691644
"Ekuk ANVSA, USA",41.656854856122166,38.987358726855106,33.45697370758653,0.0,0.5479770145647986,0.4520229854352014,0.0,0.14434226863938465,0.8556577313606153,3.2313164184644565,0.6674713925944171,0.23915088984097532,0.501412451342284,59.813796332361285,24.65601220074328,35.39184560555546,45.8474926275844
"Hamilton ANVSA, USA",36.165883629255994,33.039675612032056,28.87294121191585,0.0,0.44477142913818457,0.5552285708618155,0.0,0.12265282053227257,0.8773471794677274,2.5649702633202587,0.3291962528614552,0.19700434301953146,0.4149472625227771,58.05385613124372,15.44419298155833,28.79221830376042,41.26077201563594
"Kodiak ANVSA, USA",45.120324212155566,43.02071624835274,38.49807713060221,0.0,0.6520244543365485,0.34797554566345146,0.0,0.142721315364626,0.857278684635374,3.1541870617438357,1.1188736171129543,0.40444959353161747,0.40076534530489627,57.91174510070519,34.57120638202231,41.39915763264892,45.996981372463026
"Paimiut ANVSA, USA",35.03834104628467,31.985619849958937,29.156818549177068,0.0,0.4235287568588013,0.5764712431411987,4.515381551207369e-05,0.09062974961636387,0.9093250965681241,1.9476901160875202,0.3716105076202732,0.25588741311446156,0.5349616486143943,54.959033640282094,16.094962523151104,30.418955734338656,37.73904919763448
"Telida ANVSA, USA",37.76042651554908,34.21213759427142,25.371962975535386,0.0,0.5002880672800871,0.4997119327199129,0.0,0.14773910968105994,0.8522608903189401,3.238502991093386,0.3647510698895848,0.16759918996481793,0.07866779756053748,64.24926465118756,10.995999210714976,22.707933608799607,51.51368266612286
"Chuloonawick ANVSA, USA",36.247992031249886,33.125522277193774,28.892878395228273,0.0,0.44471498832464906,0.5552850116753509,0.0,0.12041303344409732,0.8795869665559027,2.5382240161548166,0.3350034871757396,0.20082943369525344,0.3926666976411089,58.04010627266584,15.489983649268474,28.90435168426145,41.448647703372686
"Georgetown ANVSA, USA",37.62166859417951,34.35709593119937,27.91881329605797,0.0,0.4870981022910625,0.5129018977089375,0.0,0.14113057752992691,0.858869422470073,2.855019028845886,0.44890264221847276,0.24695683351391887,0.097068677310096,60.86286104210855,14.883737034915082,25.980491561809927,47.44353870005017
"Ivanof Bay ANVSA, USA",39.78817199875588,37.43458098491162,35.32697975810022,0.0,0.45978741880605795,0.540212581193942,0.0,0.06595393422917567,0.9340460657708243,1.9375895341129583,1.066070174378622,0.8648080230058266,0.3993389780943267,52.815053900956336,29.74369492003002,37.3118414255381,38.72910744626163
"Mary's Igloo ANVSA, USA",30.371738629138502,26.584639649971038,22.56881916210823,0.0,0.3958914401085296,0.6041085598914704,0.0,0.0854711448909302,0.9145288551090698,3.0038580720694714,0.2672120763435135,0.2528449055777177,0.04455443354404131,56.12995085755434,5.13327975177682,20.52041662138478,38.346227493398146
"Ohogamiut ANVSA, USA",37.91741283746144,34.81249385206325,29.264572780495584,0.0,0.4788556701193096,0.5211443298806905,0.0,0.13652570760054755,0.8634742923994525,2.995081947080091,0.4321000913876949,0.21274365529686196,0.4212300167843137,60.26167945272378,15.978653203591982,28.478952616231453,45.74105612690312
"Solomon ANVSA, USA",31.913939277486893,28.454462964285,25.506369405033652,0.0,0.3892306040024503,0.6107693959975498,2.0333060814471467e-05,0.08185776052270491,0.9181219064164806,3.6688661027302745,0.39012928308112155,0.30556523153521553,0.4814426921265653,54.09723221787517,10.858521346603652,25.752854543485334,35.86705577513521
"Uyak ANVSA, USA",43.14126931342059,40.94780850333181,37.42972474616077,0.0,0.5821113494125107,0.41788865058748925,0.0,0.12383587383777564,0.8761641261622244,2.8688302718273935,0.9753357007414075,0.29603283358946564,0.39910335920393414,55.7304765432085,32.79053338465608,39.82101888625885,43.64307253198855
